numero	saison	player_id	player	round	lat	lng	country_code	guess_lat	guess_lng	distance
1	0	695bb8d2900ad6bdf17374c8	Comte	1	46.759781953932055	13.253481632854967	at	47.303704690539874	13.019948421681349	63.017966016192275
1	0	695bb8d2900ad6bdf17374c8	Comte	2	5.743418045943024	-0.23521770722019306	gh	6.98237637764922	-1.6788771469510344	210.78662586031183
1	0	695bb8d2900ad6bdf17374c8	Comte	3	-22.74630745202585	-45.59469346066035	br	-22.771501557595485	-51.68402777721707	624.3466780273513
1	0	695bb8d2900ad6bdf17374c8	Comte	4	52.328361782684595	-4.097716761596929	gb	49.78155861230482	5.371929217757554	719.2137428791992
1	0	695bb8d2900ad6bdf17374c8	Comte	5	13.031573001841403	107.0293081602249	kh	16.511866498427743	-15.00765745081722	12849.327090461336
1	0	68f2e3307b1dd2467d0fc0f5	Etterima	1	46.759781953932055	13.253481632854967	at	46.839629931719394	9.214192353126718	307.5592009170369
1	0	68f2e3307b1dd2467d0fc0f5	Etterima	2	5.743418045943024	-0.23521770722019306	gh	7.000682599839213	-2.531197139879675	289.6852679289137
1	0	68f2e3307b1dd2467d0fc0f5	Etterima	3	-22.74630745202585	-45.59469346066035	br	-25.383032923124286	-51.47799188302554	665.2939593143168
1	0	68f2e3307b1dd2467d0fc0f5	Etterima	4	52.328361782684595	-4.097716761596929	gb	45.66810959719322	1.950639283241049	861.3782849245696
1	0	68f2e3307b1dd2467d0fc0f5	Etterima	5	13.031573001841403	107.0293081602249	kh	-23.603032739286185	23.368502609756224	9954.748852164772
2	0	68f2e3307b1dd2467d0fc0f5	Etterima	1	51.3822899	30.1180992	ua	51.27215064109847	30.221128281026022	14.185713772152814
2	0	68f2e3307b1dd2467d0fc0f5	Etterima	2	9.711649999999999	79.8479981	lk	31.42696983395195	-86.25756063336966	15207.199370188893
2	0	68f2e3307b1dd2467d0fc0f5	Etterima	3	42.5137945	45.45474910000007	ge	45.605583715002815	6.85185243655714	3073.6676881390727
2	0	68f2e3307b1dd2467d0fc0f5	Etterima	4	25.09128252830659	-104.5785568035194	mx	22.93840380017515	-101.92090376027478	360.77364694067796
2	0	68f2e3307b1dd2467d0fc0f5	Etterima	5	22.5539778062233	114.15564948821398	hk	22.34393555762394	114.17456640972173	23.436402225903137
2	0	695bb8d2900ad6bdf17374c8	Comte	1	51.3822899	30.1180992	ua	40.64197805195584	30.917025835994806	1195.8410901871193
2	0	695bb8d2900ad6bdf17374c8	Comte	2	9.711649999999999	79.8479981	lk	20.079613186556344	-75.83202688319939	15765.714772853715
2	0	695bb8d2900ad6bdf17374c8	Comte	3	42.5137945	45.45474910000007	ge	-13.381399001621173	-72.68355709731898	13303.598016897886
2	0	695bb8d2900ad6bdf17374c8	Comte	4	25.09128252830659	-104.5785568035194	mx	25.372952247439486	-100.16190721565913	445.33344638135793
2	0	695bb8d2900ad6bdf17374c8	Comte	5	22.5539778062233	114.15564948821398	hk	22.399097531095506	114.17507429330092	17.337166191126446
3	0	5eb9c2e197d6cf4bc8c17c07	Ca_Marsh	1	25.035316008103088	121.5179020694745	tw	51.46110658010312	-0.11488966226852249	9784.940344040815
3	0	5eb9c2e197d6cf4bc8c17c07	Ca_Marsh	2	14.171686398815693	145.2588007543503	mp	15.496680975247978	120.62664790599396	2650.349537367199
3	0	5eb9c2e197d6cf4bc8c17c07	Ca_Marsh	3	27.965082592714634	-114.04458656849759	mx	1.62387703874394	99.27693916242988	15169.518625824345
3	0	5eb9c2e197d6cf4bc8c17c07	Ca_Marsh	4	54.678177943811484	-2.440938898524867	gb	57.533455886259	-2.448367578688617	317.4927550032856
3	0	5eb9c2e197d6cf4bc8c17c07	Ca_Marsh	5	39.995480840049055	16.383279687954406	it	42.609370820921825	-6.406571743006239	1919.7884923929696
3	0	695bb8d2900ad6bdf17374c8	Comte	1	25.035316008103088	121.5179020694745	tw	1.3260373935697345	103.79977940103754	3250.6923882190804
3	0	695bb8d2900ad6bdf17374c8	Comte	2	14.171686398815693	145.2588007543503	mp	0.12196679638546608	-78.1710138057638	14979.733444273928
3	0	695bb8d2900ad6bdf17374c8	Comte	3	27.965082592714634	-114.04458656849759	mx	18.71489020328527	-88.19411674963206	2825.05258636599
3	0	695bb8d2900ad6bdf17374c8	Comte	4	54.678177943811484	-2.440938898524867	gb	39.38336364132917	45.490413309963515	3914.3238300316757
3	0	695bb8d2900ad6bdf17374c8	Comte	5	39.995480840049055	16.383279687954406	it	42.325675266041706	9.205824722694528	654.0654504953403
3	0	5fd92523f4c2960001e34146	bb1066	1	25.035316008103088	121.5179020694745	tw	47.50520852759141	19.14795206102699	8848.596086348907
3	0	5fd92523f4c2960001e34146	bb1066	2	14.171686398815693	145.2588007543503	mp	0.3214938422760486	-79.88826244798089	14792.778059826009
3	0	5fd92523f4c2960001e34146	bb1066	3	27.965082592714634	-114.04458656849759	mx	18.47066537154819	-66.59437959567929	4931.623210826124
3	0	5fd92523f4c2960001e34146	bb1066	4	54.678177943811484	-2.440938898524867	gb	64.34209131080023	-21.499857050919232	1508.8525506962014
3	0	5fd92523f4c2960001e34146	bb1066	5	39.995480840049055	16.383279687954406	it	48.26987896266456	17.778077946265164	926.7358185718988
3	0	68f2e3307b1dd2467d0fc0f5	Etterima	1	25.035316008103088	121.5179020694745	tw	35.36113939148009	-81.46744329758604	12877.07602490353
3	0	68f2e3307b1dd2467d0fc0f5	Etterima	2	14.171686398815693	145.2588007543503	mp	-2.7591586117794997	120.57778802454125	3308.207919284651
3	0	68f2e3307b1dd2467d0fc0f5	Etterima	3	27.965082592714634	-114.04458656849759	mx	-19.421766062877822	-39.88034627821891	9552.437786623821
3	0	68f2e3307b1dd2467d0fc0f5	Etterima	4	54.678177943811484	-2.440938898524867	gb	57.91210271680095	-112.6257032654168	6024.100645005061
3	0	68f2e3307b1dd2467d0fc0f5	Etterima	5	39.995480840049055	16.383279687954406	it	43.64070140291904	6.01617062837807	949.0182455591404
4	0	68f2e3307b1dd2467d0fc0f5	Etterima	1	12.3920149	-1.5017939	bf	9.953844711661718	105.88695431556592	11620.018018546021
4	0	68f2e3307b1dd2467d0fc0f5	Etterima	2	35.2396984	46.2937951	ir	35.04636832245753	46.36415691068003	22.429125544800822
4	0	68f2e3307b1dd2467d0fc0f5	Etterima	3	34.8369446	67.7675705	af	35.87049171180393	75.82184594606879	739.2048187221221
4	0	68f2e3307b1dd2467d0fc0f5	Etterima	4	-16.390028729775917	-71.54659696923835	pe	-11.607287605128748	-76.291342693588	738.0410132232591
4	0	68f2e3307b1dd2467d0fc0f5	Etterima	5	14.3311105	46.8676828	ye	32.38628526404206	-6.261177850135608	5718.500808969566
4	0	5eb9c2e197d6cf4bc8c17c07	Ca_Marsh	1	12.3920149	-1.5017939	bf	15.129205382059716	145.69401870490597	15281.795131558505
4	0	5eb9c2e197d6cf4bc8c17c07	Ca_Marsh	2	35.2396984	46.2937951	ir	34.339972936913185	35.94287995011886	950.0730473758867
4	0	5eb9c2e197d6cf4bc8c17c07	Ca_Marsh	3	34.8369446	67.7675705	af	32.68939705161919	79.40979582117068	1101.6893601949278
4	0	5eb9c2e197d6cf4bc8c17c07	Ca_Marsh	4	-16.390028729775917	-71.54659696923835	pe	-16.416083598928246	-71.48278806507199	7.3973816004145565
4	0	5eb9c2e197d6cf4bc8c17c07	Ca_Marsh	5	14.3311105	46.8676828	ye	36.470719628189514	4.9425220083739685	4823.55139600338
4	0	695bb8d2900ad6bdf17374c8	Comte	1	12.3920149	-1.5017939	bf	21.139391041854477	-86.83311500213385	9038.346007792521
4	0	695bb8d2900ad6bdf17374c8	Comte	2	35.2396984	46.2937951	ir	42.95824475920757	42.182998801457146	928.3661510255212
4	0	695bb8d2900ad6bdf17374c8	Comte	3	34.8369446	67.7675705	af	42.960621914276864	42.19550635438187	2378.346029920682
4	0	695bb8d2900ad6bdf17374c8	Comte	4	-16.390028729775917	-71.54659696923835	pe	-12.085833285472987	-76.99545650737747	757.459133775428
4	0	695bb8d2900ad6bdf17374c8	Comte	5	14.3311105	46.8676828	ye	34.38571811714732	62.22504569008277	2711.1199461864067
5	0	68f2e3307b1dd2467d0fc0f5	Etterima	1	49.87332010000001	115.6959136	mn	51.30516599420516	42.02447276372346	4977.168139571566
5	0	68f2e3307b1dd2467d0fc0f5	Etterima	2	42.4141495	18.5515972	me	43.22915127464279	11.708435392067722	565.2595516744942
5	0	68f2e3307b1dd2467d0fc0f5	Etterima	4	-31.9875278	-64.9365311	ar	40.88060236580942	-110.34710932795738	9347.053236012303
5	0	68f2e3307b1dd2467d0fc0f5	Etterima	5	25.076228234833415	121.54168553444735	tw	22.393893911085733	114.20536112905891	803.9459627325587
5	0	695bb8d2900ad6bdf17374c8	Comte	1	49.87332010000001	115.6959136	mn	48.557331364748826	51.74791641726031	4502.3286495553175
5	0	695bb8d2900ad6bdf17374c8	Comte	2	42.4141495	18.5515972	me	43.69815286683046	6.046691555637396	1024.9779597338752
5	0	695bb8d2900ad6bdf17374c8	Comte	4	-31.9875278	-64.9365311	ar	39.75885694213045	21.002655186670054	11899.531464867536
5	0	695bb8d2900ad6bdf17374c8	Comte	5	25.076228234833415	121.54168553444735	tw	31.946907767853464	120.12108038184778	776.4638072949386
5	0	5eb9c2e197d6cf4bc8c17c07	Ca_Marsh	1	49.87332010000001	115.6959136	mn	57.155682250083004	35.0343674954333	5075.394772458641
5	0	5eb9c2e197d6cf4bc8c17c07	Ca_Marsh	2	42.4141495	18.5515972	me	42.358246705739354	-3.6064644602917695	1814.6725213497407
5	0	5eb9c2e197d6cf4bc8c17c07	Ca_Marsh	4	-31.9875278	-64.9365311	ar	50.48055487615996	61.51130180982778	15214.408479648464
5	0	5eb9c2e197d6cf4bc8c17c07	Ca_Marsh	5	25.076228234833415	121.54168553444735	tw	22.385602893474672	114.19744742184373	805.0573652050248
6	0	5eb9c2e197d6cf4bc8c17c07	Ca_Marsh	1	40.7902754	13.4213957	it	37.847697619747656	12.465332468703014	337.3710355842438
6	0	5eb9c2e197d6cf4bc8c17c07	Ca_Marsh	2	24.7505529	141.2891062	jp	62.20165597404778	-6.886967406151873	9940.660179964567
6	0	5eb9c2e197d6cf4bc8c17c07	Ca_Marsh	3	37.632357855353234	-7.511665086122594	pt	47.31482414282607	20.961723329264913	2552.518343020692
6	0	5eb9c2e197d6cf4bc8c17c07	Ca_Marsh	4	8.869731709016374	-75.7086880706555	co	-3.882076778357049	-73.44297950078104	1440.0109907754995
6	0	5eb9c2e197d6cf4bc8c17c07	Ca_Marsh	5	73.19798815294381	-56.008124820985316	gl	67.92098744022697	-53.250534539131245	595.4279269098073
6	0	68f2e3307b1dd2467d0fc0f5	Etterima	1	40.7902754	13.4213957	it	37.713204931469576	12.545901292492289	350.35501958865075
6	0	68f2e3307b1dd2467d0fc0f5	Etterima	2	24.7505529	141.2891062	jp	49.91367835953404	-6.294436293376533	11117.563495362576
6	0	68f2e3307b1dd2467d0fc0f5	Etterima	3	37.632357855353234	-7.511665086122594	pt	-25.0764256229438	146.164456794397	17166.566652764508
6	0	68f2e3307b1dd2467d0fc0f5	Etterima	4	8.869731709016374	-75.7086880706555	co	-5.883906369175929	-77.91839396336778	1658.714793339675
6	0	68f2e3307b1dd2467d0fc0f5	Etterima	5	73.19798815294381	-56.008124820985316	gl	65.61356924991982	-37.62461086233277	1098.9295542214884
6	0	695bb8d2900ad6bdf17374c8	Comte	1	40.7902754	13.4213957	it	38.577506355741	-28.722400125547768	3580.0151524579355
6	0	695bb8d2900ad6bdf17374c8	Comte	2	24.7505529	141.2891062	jp	16.67697307590803	-22.922470587338122	15100.84129149998
6	0	695bb8d2900ad6bdf17374c8	Comte	3	37.632357855353234	-7.511665086122594	pt	2.48556353468517	-50.98677427759097	5902.75834286534
6	0	695bb8d2900ad6bdf17374c8	Comte	4	8.869731709016374	-75.7086880706555	co	8.940499750977844	-79.82182548543886	451.9131766817709
6	0	695bb8d2900ad6bdf17374c8	Comte	5	73.19798815294381	-56.008124820985316	gl	65.6182138683275	-37.66861797514131	1097.419349102975
7	0	68f2e3307b1dd2467d0fc0f5	Etterima	1	54.41182673111248	22.760132962361553	lt	55.22624652904709	24.781756510815267	158.02742613158506
7	0	68f2e3307b1dd2467d0fc0f5	Etterima	2	17.01189540005133	120.91877598181843	ph	15.694416740219	120.89911240527111	146.51196467791252
7	0	68f2e3307b1dd2467d0fc0f5	Etterima	3	53.17700935256123	22.077778428206226	pl	51.756063237842	19.474301976726185	236.7629908147308
7	0	68f2e3307b1dd2467d0fc0f5	Etterima	4	49.54537776003976	-120.75867763232685	ca	54.0171916186311	-117.2810439027724	551.6370160014928
7	0	68f2e3307b1dd2467d0fc0f5	Etterima	5	33.266926048947944	131.36591677194053	jp	36.22228040526581	136.64100958291354	583.1951286325128
7	0	695bb8d2900ad6bdf17374c8	Comte	1	54.41182673111248	22.760132962361553	lt	55.290996088787075	25.113342715652067	179.56632101701132
7	0	695bb8d2900ad6bdf17374c8	Comte	2	17.01189540005133	120.91877598181843	ph	17.591504003287668	121.20862138731337	71.41840145844381
7	0	695bb8d2900ad6bdf17374c8	Comte	3	53.17700935256123	22.077778428206226	pl	52.22700556589783	20.994561232933332	128.39436449896507
7	0	695bb8d2900ad6bdf17374c8	Comte	4	49.54537776003976	-120.75867763232685	ca	54.50542266728916	-126.30106292323936	668.8676934186794
7	0	695bb8d2900ad6bdf17374c8	Comte	5	33.266926048947944	131.36591677194053	jp	35.46986409968986	138.59786656104203	707.3030108024358
7	0	5eb9c2e197d6cf4bc8c17c07	Ca_Marsh	1	54.41182673111248	22.760132962361553	lt	55.70148521415203	22.348918241763148	145.77465865166363
7	0	5eb9c2e197d6cf4bc8c17c07	Ca_Marsh	2	17.01189540005133	120.91877598181843	ph	-13.865258537092883	-73.0157042434695	18481.59613034218
7	0	5eb9c2e197d6cf4bc8c17c07	Ca_Marsh	3	53.17700935256123	22.077778428206226	pl	52.380863952132735	16.99465914236099	353.08519808770507
7	0	5eb9c2e197d6cf4bc8c17c07	Ca_Marsh	4	49.54537776003976	-120.75867763232685	ca	56.261100202766634	-120.76441255284573	746.754362732403
7	0	5eb9c2e197d6cf4bc8c17c07	Ca_Marsh	5	33.266926048947944	131.36591677194053	jp	35.31851797842931	132.92259402942219	269.2335549536024
8	0	68f2e3307b1dd2467d0fc0f5	Etterima	1	42.221934263912566	-72.25230647579043	us	40.62306159331549	-87.89284635833947	1314.263063306365
8	0	68f2e3307b1dd2467d0fc0f5	Etterima	2	30.52411053955588	35.611578869315416	jo	31.460323242191027	35.803234546607875	105.69284622627289
8	0	68f2e3307b1dd2467d0fc0f5	Etterima	3	45.045930021118075	0.9243712573466549	fr	44.954043301816405	2.001648266165028	85.3160979426725
8	0	68f2e3307b1dd2467d0fc0f5	Etterima	4	26.904384262415995	-104.55521386677397	mx	25.32453898005984	-103.62269077764336	198.81670409968356
8	0	68f2e3307b1dd2467d0fc0f5	Etterima	5	41.503657478736336	-5.749909834314125	es	40.47438694042197	-3.749912435893341	203.16129637716148
8	0	695bb8d2900ad6bdf17374c8	Comte	1	42.221934263912566	-72.25230647579043	us	44.04940173947376	-72.82403006642349	208.43177920107306
8	0	695bb8d2900ad6bdf17374c8	Comte	2	30.52411053955588	35.611578869315416	jo	24.873229786388023	56.13535046128467	2112.3754299822144
8	0	695bb8d2900ad6bdf17374c8	Comte	3	45.045930021118075	0.9243712573466549	fr	46.11981084500203	0.8723335150769529	119.47874332057654
8	0	695bb8d2900ad6bdf17374c8	Comte	4	26.904384262415995	-104.55521386677397	mx	26.294691112607914	-100.08761116160423	449.3128737713868
8	0	695bb8d2900ad6bdf17374c8	Comte	5	41.503657478736336	-5.749909834314125	es	41.65161425128991	-0.8806318897807497	405.30730195955755
8	0	5eb9c2e197d6cf4bc8c17c07	Ca_Marsh	1	42.221934263912566	-72.25230647579043	us	48.503993830696636	-81.28645914320316	991.7456629119201
8	0	5eb9c2e197d6cf4bc8c17c07	Ca_Marsh	2	30.52411053955588	35.611578869315416	jo	21.4656831119136	57.23233243328086	2378.3522951708424
8	0	5eb9c2e197d6cf4bc8c17c07	Ca_Marsh	3	45.045930021118075	0.9243712573466549	fr	47.49053523496198	5.235404397356764	428.48881462624564
8	0	5eb9c2e197d6cf4bc8c17c07	Ca_Marsh	4	26.904384262415995	-104.55521386677397	mx	25.71699807011738	-103.264951606872	184.3122902481889
8	0	5eb9c2e197d6cf4bc8c17c07	Ca_Marsh	5	41.503657478736336	-5.749909834314125	es	43.308584649768804	-1.9942298172455275	367.86098133847025
8	0	68f2e3307b1dd2467d0fc0f5	Etterima	1	42.221934263912566	-72.25230647579043	us	40.62306159331549	-87.89284635833947	1314.263063306365
8	0	68f2e3307b1dd2467d0fc0f5	Etterima	2	30.52411053955588	35.611578869315416	jo	31.460323242191027	35.803234546607875	105.69284622627289
8	0	68f2e3307b1dd2467d0fc0f5	Etterima	3	45.045930021118075	0.9243712573466549	fr	44.954043301816405	2.001648266165028	85.3160979426725
8	0	68f2e3307b1dd2467d0fc0f5	Etterima	4	26.904384262415995	-104.55521386677397	mx	25.32453898005984	-103.62269077764336	198.81670409968356
8	0	68f2e3307b1dd2467d0fc0f5	Etterima	5	41.503657478736336	-5.749909834314125	es	40.47438694042197	-3.749912435893341	203.16129637716148
9	0	5c7e311ef8f7fb721848c8d5	Jamaicaforever69	1	-33.83927967021678	-66.14179885147325	ar	-28.145928184181596	-60.723534660777496	816.706948493408
9	0	5c7e311ef8f7fb721848c8d5	Jamaicaforever69	2	63.162616542103436	23.82273569709024	fi	57.26055163912976	12.996311271505977	885.6505079963252
9	0	5c7e311ef8f7fb721848c8d5	Jamaicaforever69	3	45.046921545574136	-63.84879416880846	ca	46.12506356990555	-66.51192310831206	239.39844685927235
9	0	5c7e311ef8f7fb721848c8d5	Jamaicaforever69	4	-3.9419722102926515	39.76678912654625	ke	6.861553615840322	3.825157160010284	4166.161033107042
9	0	5c7e311ef8f7fb721848c8d5	Jamaicaforever69	5	-0.9958349336711874	-80.41528560062164	ec	-1.1153408119680057	-78.2160479322272	244.86336086669624
9	0	5eb9c2e197d6cf4bc8c17c07	Ca_Marsh	1	-33.83927967021678	-66.14179885147325	ar	-31.88811368395867	-63.642299043002325	318.6804616228143
9	0	5eb9c2e197d6cf4bc8c17c07	Ca_Marsh	2	63.162616542103436	23.82273569709024	fi	61.32526111025336	26.61020779550263	250.10444271872313
9	0	5eb9c2e197d6cf4bc8c17c07	Ca_Marsh	3	45.046921545574136	-63.84879416880846	ca	51.306785648208795	-103.62002638639045	2990.6353501778162
9	0	5eb9c2e197d6cf4bc8c17c07	Ca_Marsh	4	-3.9419722102926515	39.76678912654625	ke	0.07800232935204318	37.16361842454667	532.4159298157002
9	0	5eb9c2e197d6cf4bc8c17c07	Ca_Marsh	5	-0.9958349336711874	-80.41528560062164	ec	-14.2368092709014	-51.06967192383314	3546.118756840898
9	0	695bb8d2900ad6bdf17374c8	Comte	1	-33.83927967021678	-66.14179885147325	ar	-34.41199049375398	-56.16459300146141	920.2150848066567
9	0	695bb8d2900ad6bdf17374c8	Comte	2	63.162616542103436	23.82273569709024	fi	58.912078793530604	25.446638692825463	480.6185840190287
9	0	695bb8d2900ad6bdf17374c8	Comte	3	45.046921545574136	-63.84879416880846	ca	45.83769591578932	-94.00931024326725	2340.661403886985
9	0	695bb8d2900ad6bdf17374c8	Comte	4	-3.9419722102926515	39.76678912654625	ke	-1.054445723793719	36.83818113982431	457.0697569237147
9	0	695bb8d2900ad6bdf17374c8	Comte	5	-0.9958349336711874	-80.41528560062164	ec	-23.810250029436	-51.74573953711463	3996.4925598222967
9	0	68f2e3307b1dd2467d0fc0f5	Etterima	1	-33.83927967021678	-66.14179885147325	ar	-11.436793428176301	-46.09957923579347	3216.66004485131
9	0	68f2e3307b1dd2467d0fc0f5	Etterima	2	63.162616542103436	23.82273569709024	fi	58.72060157307277	25.796028105203774	505.23482360081505
9	0	68f2e3307b1dd2467d0fc0f5	Etterima	3	45.046921545574136	-63.84879416880846	ca	50.67905151153618	-120.31688887475295	4154.8332620782785
9	0	68f2e3307b1dd2467d0fc0f5	Etterima	4	-3.9419722102926515	39.76678912654625	ke	-0.19245375294000533	37.94817125441749	463.307673031228
9	0	68f2e3307b1dd2467d0fc0f5	Etterima	5	-0.9958349336711874	-80.41528560062164	ec	-17.598835770017722	-64.44867231212726	2540.537450182948
11	0	695bb8d2900ad6bdf17374c8	Comte	1	61.57280835707904	8.028895045775933	no	60.91174508439791	6.451819393180442	111.89305265175278
11	0	695bb8d2900ad6bdf17374c8	Comte	2	51.64149401758182	9.452832137233948	de	48.6741533370828	12.697253777067727	402.7646001482967
11	0	695bb8d2900ad6bdf17374c8	Comte	3	27.685162852737975	85.90519822522533	np	21.46125564561558	86.30308653510731	693.2336916188061
11	0	695bb8d2900ad6bdf17374c8	Comte	4	-17.371620739324385	145.54222659886608	au	-41.82006320026675	147.2828829821209	2723.590554900265
11	0	695bb8d2900ad6bdf17374c8	Comte	5	25.237175647093103	-99.36142841177987	mx	17.098772336425203	-93.15965168776093	1109.692413064422
11	0	5c7e311ef8f7fb721848c8d5	Jamaicaforever69	1	61.57280835707904	8.028895045775933	no	40.6184182410735	42.323518169584005	3271.3083295686697
11	0	5c7e311ef8f7fb721848c8d5	Jamaicaforever69	2	51.64149401758182	9.452832137233948	de	47.88253258130771	9.292223999404428	418.13631290545493
11	0	5c7e311ef8f7fb721848c8d5	Jamaicaforever69	3	27.685162852737975	85.90519822522533	np	27.48963676681897	89.83386215259982	387.77367649364743
11	0	5c7e311ef8f7fb721848c8d5	Jamaicaforever69	4	-17.371620739324385	145.54222659886608	au	-37.86402756369045	146.15200257675735	2279.428076730875
11	0	5c7e311ef8f7fb721848c8d5	Jamaicaforever69	5	25.237175647093103	-99.36142841177987	mx	19.604884451403187	-90.52865292527248	1102.4048996813815
11	0	5eb9c2e197d6cf4bc8c17c07	Ca_Marsh	1	61.57280835707904	8.028895045775933	no	65.3886899223992	-16.21258909875335	1266.6355637962356
11	0	5eb9c2e197d6cf4bc8c17c07	Ca_Marsh	2	51.64149401758182	9.452832137233948	de	49.49807752541227	8.452580647365524	248.57912013431437
11	0	5eb9c2e197d6cf4bc8c17c07	Ca_Marsh	3	27.685162852737975	85.90519822522533	np	0.5204369336742682	-78.48876736311577	16463.65213287501
11	0	5eb9c2e197d6cf4bc8c17c07	Ca_Marsh	4	-17.371620739324385	145.54222659886608	au	-43.505991710132626	171.88589962395628	3816.505625262677
11	0	5eb9c2e197d6cf4bc8c17c07	Ca_Marsh	5	25.237175647093103	-99.36142841177987	mx	22.987543097025785	-103.79603719514333	514.8668194648927
11	0	68f2e3307b1dd2467d0fc0f5	Etterima	1	61.57280835707904	8.028895045775933	no	61.519419942109465	-142.34357522742988	6099.442174570327
11	0	68f2e3307b1dd2467d0fc0f5	Etterima	2	51.64149401758182	9.452832137233948	de	49.49449595806336	8.49490176961651	248.13068753086864
11	0	68f2e3307b1dd2467d0fc0f5	Etterima	3	27.685162852737975	85.90519822522533	np	9.652180916640775	98.99532784097602	2429.0487096201273
11	0	68f2e3307b1dd2467d0fc0f5	Etterima	4	-17.371620739324385	145.54222659886608	au	-28.282493434101436	152.52485252214257	1407.686598438193
11	0	68f2e3307b1dd2467d0fc0f5	Etterima	5	25.237175647093103	-99.36142841177987	mx	30.591984615585407	-111.13947072450095	1300.378930452533
11	0	69694bc4b17fac950c9074f9	Marixx	1	61.57280835707904	8.028895045775933	no	61.98106573691702	7.8885288714222135	45.992266066230954
11	0	69694bc4b17fac950c9074f9	Marixx	2	51.64149401758182	9.452832137233948	de	49.966692192664816	7.4609807855226284	232.94783054265255
11	0	69694bc4b17fac950c9074f9	Marixx	3	27.685162852737975	85.90519822522533	np	0.6579308978947642	113.71928036719916	4220.438088098742
11	0	69694bc4b17fac950c9074f9	Marixx	4	-17.371620739324385	145.54222659886608	au	54.62040960714443	-2.71829812237125	15068.04959836667
11	0	69694bc4b17fac950c9074f9	Marixx	5	25.237175647093103	-99.36142841177987	mx	-33.55310732492218	-63.81703728162812	7539.932175125214
12	0	5eb9c2e197d6cf4bc8c17c07	Ca_Marsh	1	42.64478935828316	77.07318672481865	kg	41.99749266051339	74.67194869145305	210.12112120915899
12	0	5eb9c2e197d6cf4bc8c17c07	Ca_Marsh	2	52.11746820728604	5.710402791881293	nl	52.48479522606828	4.678648034086903	81.17889293697421
12	0	5eb9c2e197d6cf4bc8c17c07	Ca_Marsh	3	-26.79969843939855	-65.34385515333265	ar	-25.839929533321182	-54.13299905915034	1122.072824025683
12	0	5eb9c2e197d6cf4bc8c17c07	Ca_Marsh	4	50.05501870052244	15.114395304643779	cz	50.42029960641387	15.402957488468573	45.50766705603529
12	0	5eb9c2e197d6cf4bc8c17c07	Ca_Marsh	5	0.10608746518852742	6.623451049300901	st	12.345791371799763	121.32024571027219	12683.34392899139
12	0	68f2e3307b1dd2467d0fc0f5	Etterima	1	42.64478935828316	77.07318672481865	kg	42.60158941843097	76.88988312380316	15.748348072119676
12	0	68f2e3307b1dd2467d0fc0f5	Etterima	2	52.11746820728604	5.710402791881293	nl	52.281025747785264	5.5623021580201515	20.79994772095676
12	0	68f2e3307b1dd2467d0fc0f5	Etterima	3	-26.79969843939855	-65.34385515333265	ar	23.795045462024593	121.21979713296643	19275.64228745016
12	0	68f2e3307b1dd2467d0fc0f5	Etterima	4	50.05501870052244	15.114395304643779	cz	51.135726490367	12.828173581870823	201.18688512504596
12	0	68f2e3307b1dd2467d0fc0f5	Etterima	5	0.10608746518852742	6.623451049300901	st	-8.191630847129462	111.83665111890528	11683.241368200115
12	0	695bb8d2900ad6bdf17374c8	Comte	1	42.64478935828316	77.07318672481865	kg	42.676463292454315	77.30456941641562	19.245303021263982
12	0	695bb8d2900ad6bdf17374c8	Comte	2	52.11746820728604	5.710402791881293	nl	55.04969715676268	9.221680652690827	399.9296396636088
12	0	695bb8d2900ad6bdf17374c8	Comte	3	-26.79969843939855	-65.34385515333265	ar	7.550097790081426	80.79472847151887	15852.15315976197
12	0	695bb8d2900ad6bdf17374c8	Comte	4	50.05501870052244	15.114395304643779	cz	48.66119288139512	21.924098546430038	516.7502340432574
12	0	695bb8d2900ad6bdf17374c8	Comte	5	0.10608746518852742	6.623451049300901	st	8.420473306202544	124.64159279331388	13084.572469878596
13	0	695bb8d2900ad6bdf17374c8	Comte	1	50.00554974497439	5.395620209788796	be	50.22714402842341	5.338945705277407	24.96931967315132
13	0	695bb8d2900ad6bdf17374c8	Comte	2	6.55762070963552	3.366925926574311	ng	6.554907398650979	3.3669422327832654	0.3017117931184963
13	0	695bb8d2900ad6bdf17374c8	Comte	3	39.607408204624676	42.9726491233825	tr	40.833777471454084	41.67441032549242	175.33922943813786
13	0	695bb8d2900ad6bdf17374c8	Comte	4	9.914392582308817	-84.07152102432387	cr	9.953222439726275	-84.08735070694227	4.652786236218867
13	0	695bb8d2900ad6bdf17374c8	Comte	5	34.152703509983496	134.44391920092912	jp	36.36437090943636	138.7197928364089	459.49605030029596
13	0	5eb9c2e197d6cf4bc8c17c07	Ca_Marsh	1	50.00554974497439	5.395620209788796	be	50.74712433920475	3.6161209622510437	150.73725671995092
13	0	5eb9c2e197d6cf4bc8c17c07	Ca_Marsh	2	6.55762070963552	3.366925926574311	ng	6.6557962889858455	3.271472590778437	15.176853686579785
13	0	5eb9c2e197d6cf4bc8c17c07	Ca_Marsh	3	39.607408204624676	42.9726491233825	tr	39.89543161435863	38.197389544187025	409.43963619914666
13	0	5eb9c2e197d6cf4bc8c17c07	Ca_Marsh	4	9.914392582308817	-84.07152102432387	cr	19.00811316944018	-98.40638413361506	1843.3559228996985
13	0	5eb9c2e197d6cf4bc8c17c07	Ca_Marsh	5	34.152703509983496	134.44391920092912	jp	34.84706842844349	135.41209796275245	117.61287965570646
13	0	68f2e3307b1dd2467d0fc0f5	Etterima	1	50.00554974497439	5.395620209788796	be	43.30362589525081	24.328337915540814	1619.550464079608
13	0	68f2e3307b1dd2467d0fc0f5	Etterima	2	6.55762070963552	3.366925926574311	ng	6.58955770355591	3.339051700406488	4.700220774723361
13	0	68f2e3307b1dd2467d0fc0f5	Etterima	3	39.607408204624676	42.9726491233825	tr	39.287662757484554	38.02287512412993	426.4443257905394
13	0	68f2e3307b1dd2467d0fc0f5	Etterima	4	9.914392582308817	-84.07152102432387	cr	-2.9904085280342914	-78.14269082294852	1578.0545831378502
13	0	68f2e3307b1dd2467d0fc0f5	Etterima	5	34.152703509983496	134.44391920092912	jp	36.45911848431599	138.76688104684132	468.59475922652905
13	0	64836c81ad20f4a5e20f1cb9	Breeze	1	50.00554974497439	5.395620209788796	be	48.08005411661147	-2.1929674037330926	592.771948772889
13	0	64836c81ad20f4a5e20f1cb9	Breeze	2	6.55762070963552	3.366925926574311	ng	6.580130834685436	3.34236988756353	3.690957186941614
13	0	64836c81ad20f4a5e20f1cb9	Breeze	3	39.607408204624676	42.9726491233825	tr	39.0063946220146	32.05380058774953	941.2336247385304
13	0	64836c81ad20f4a5e20f1cb9	Breeze	4	9.914392582308817	-84.07152102432387	cr	-22.91454842841413	-43.32081590715662	5744.411303118477
13	0	64836c81ad20f4a5e20f1cb9	Breeze	5	34.152703509983496	134.44391920092912	jp	35.00643043696238	135.80356541777914	156.541831448854
14	0	68f2e3307b1dd2467d0fc0f5	Etterima	1	3.893064906057329	102.20707967106769	my	3.6913960642646826	102.9261377259095	82.8721193314074
14	0	68f2e3307b1dd2467d0fc0f5	Etterima	2	7.500577666916707	-80.94604139717514	pa	9.040060125966141	-79.53356618634216	231.21286903470346
14	0	68f2e3307b1dd2467d0fc0f5	Etterima	3	-29.284494825917076	18.833369047218454	za	-29.1483830955896	24.548324992016763	554.781819531557
14	0	68f2e3307b1dd2467d0fc0f5	Etterima	4	23.277572613635048	121.42284454534473	tw	24.114839586299823	120.64445240033518	122.26562578780764
14	0	68f2e3307b1dd2467d0fc0f5	Etterima	5	0.2724602097058715	37.553234525534705	ke	0.018951508143110966	36.85393642794833	82.70993256903616
14	0	695bb8d2900ad6bdf17374c8	Comte	1	3.893064906057329	102.20707967106769	my	2.436697370154271	102.58478671148038	167.28190892334683
14	0	695bb8d2900ad6bdf17374c8	Comte	2	7.500577666916707	-80.94604139717514	pa	8.968450132263664	-79.00867344382263	268.50358974794676
14	0	695bb8d2900ad6bdf17374c8	Comte	3	-29.284494825917076	18.833369047218454	za	-27.907225558763297	22.880273975016685	423.7114566711932
14	0	695bb8d2900ad6bdf17374c8	Comte	4	23.277572613635048	121.42284454534473	tw	22.74182638958518	121.14468467067667	66.02527472046906
14	0	695bb8d2900ad6bdf17374c8	Comte	5	0.2724602097058715	37.553234525534705	ke	-2.882947702893244	40.14045070842228	453.65784700587915
14	0	5eb9c2e197d6cf4bc8c17c07	Ca_Marsh	1	3.893064906057329	102.20707967106769	my	2.040490004806687	103.35045677260214	241.9793821979612
14	0	5eb9c2e197d6cf4bc8c17c07	Ca_Marsh	2	7.500577666916707	-80.94604139717514	pa	8.411189227464218	-80.53837899337167	110.76123504309408
14	0	5eb9c2e197d6cf4bc8c17c07	Ca_Marsh	3	-29.284494825917076	18.833369047218454	za	-29.284526759109404	18.833373772755625	0.003580263445136224
14	0	5eb9c2e197d6cf4bc8c17c07	Ca_Marsh	4	23.277572613635048	121.42284454534473	tw	8.962333983958372	-82.20503672085688	15604.181170462225
14	0	5eb9c2e197d6cf4bc8c17c07	Ca_Marsh	5	0.2724602097058715	37.553234525534705	ke	0.9941596369885627	35.00829144933959	294.12494274460755
15	0	695bb8d2900ad6bdf17374c8	Comte	1	26.34283466383713	87.04329818674867	in	25.543594040954375	86.94164799101671	89.45080886111828
15	0	695bb8d2900ad6bdf17374c8	Comte	2	-1.8812411590121427	30.702508568870893	rw	-1.9789082547168455	29.94526411247542	84.85181570628357
15	0	695bb8d2900ad6bdf17374c8	Comte	3	59.38683663270711	18.36862814717906	se	56.309415896779235	14.397337955908212	414.9582020364834
15	0	695bb8d2900ad6bdf17374c8	Comte	4	38.75393508385375	-27.08571914604113	pt	38.75279216100734	-27.08652208203403	0.14491044542311085
15	0	695bb8d2900ad6bdf17374c8	Comte	5	66.93482822220099	-53.66815667195375	gl	68.7088654348068	-52.865311710239965	200.1173456184407
15	0	5eb9c2e197d6cf4bc8c17c07	Ca_Marsh	1	26.34283466383713	87.04329818674867	in	23.52499551685364	87.3177334696115	314.5485415713127
15	0	5eb9c2e197d6cf4bc8c17c07	Ca_Marsh	2	-1.8812411590121427	30.702508568870893	rw	0.8985127596117491	35.535741107053425	619.9141206166174
15	0	5eb9c2e197d6cf4bc8c17c07	Ca_Marsh	3	59.38683663270711	18.36862814717906	se	60.175978021468154	12.112729040321444	360.78440144340465
15	0	5eb9c2e197d6cf4bc8c17c07	Ca_Marsh	4	38.75393508385375	-27.08571914604113	pt	38.39510348417254	-28.250733365115813	108.85227855721068
15	0	5eb9c2e197d6cf4bc8c17c07	Ca_Marsh	5	66.93482822220099	-53.66815667195375	gl	69.21677514151175	-51.0966457504675	275.23063665635254
15	0	68f2e3307b1dd2467d0fc0f5	Etterima	1	26.34283466383713	87.04329818674867	in	24.809173560455992	84.46494328760453	309.75983906727646
15	0	68f2e3307b1dd2467d0fc0f5	Etterima	2	-1.8812411590121427	30.702508568870893	rw	-1.9777699466166319	29.952528942025836	84.03493268425218
15	0	68f2e3307b1dd2467d0fc0f5	Etterima	3	59.38683663270711	18.36862814717906	se	57.89318945732369	15.798326343286972	222.91932837636065
15	0	68f2e3307b1dd2467d0fc0f5	Etterima	4	38.75393508385375	-27.08571914604113	pt	38.74388422300495	-8.782164695811028	1584.6348433742282
15	0	68f2e3307b1dd2467d0fc0f5	Etterima	5	66.93482822220099	-53.66815667195375	gl	65.21586497982248	-52.24125451503586	201.66658705363116
15	0	5d4ef32341d2a43c1cd80507	velopower	1	2.734264108415686	98.70028720802931	id	-0.6496728662989617	100.90871852642444	449.2765691810301
15	0	5d4ef32341d2a43c1cd80507	velopower	2	-4.036325725745097	39.70804998206165	ke	-4.036540584999612	39.71444750745555	0.7100098766246496
15	0	5d4ef32341d2a43c1cd80507	velopower	3	45.75655335593599	-89.43064097448787	us	59.36245077795809	-129.22925134938833	3022.581520401383
15	0	5d4ef32341d2a43c1cd80507	velopower	4	18.43131876811466	-69.636411726842	do	18.48150325500719	-69.74332712693923	12.58209959868754
15	0	5d4ef32341d2a43c1cd80507	velopower	5	-34.71476718955017	-68.56453664215452	ar	-27.301873725724406	-66.63360621116047	844.5101375951701
15	0	68f2e3307b1dd2467d0fc0f5	Etterima	1	2.734264108415686	98.70028720802931	id	-5.12499179192775	104.4022769340213	1079.3091961722641
15	0	68f2e3307b1dd2467d0fc0f5	Etterima	2	-4.036325725745097	39.70804998206165	ke	-1.164781504117551	36.95739917884113	441.91662661486697
15	0	68f2e3307b1dd2467d0fc0f5	Etterima	3	45.75655335593599	-89.43064097448787	us	53.33896800184878	-113.2209862642127	1900.0320586096777
15	0	68f2e3307b1dd2467d0fc0f5	Etterima	4	18.43131876811466	-69.636411726842	do	19.413428806351725	-70.6477871831567	152.4554844139414
15	0	68f2e3307b1dd2467d0fc0f5	Etterima	5	-34.71476718955017	-68.56453664215452	ar	-38.89664200139308	-70.67666563382848	501.54275415665506
15	0	695bb8d2900ad6bdf17374c8	Comte	1	2.734264108415686	98.70028720802931	id	2.9090184308656664	98.98623915727494	37.23110634399221
15	0	695bb8d2900ad6bdf17374c8	Comte	2	-4.036325725745097	39.70804998206165	ke	-0.5546716251977539	37.38275301140436	465.4085740925521
15	0	695bb8d2900ad6bdf17374c8	Comte	3	45.75655335593599	-89.43064097448787	us	52.2975111618019	-87.14149262330616	746.1235268560283
15	0	695bb8d2900ad6bdf17374c8	Comte	4	18.43131876811466	-69.636411726842	do	18.97705399270341	-70.39963674301573	100.71764808851378
15	0	695bb8d2900ad6bdf17374c8	Comte	5	-34.71476718955017	-68.56453664215452	ar	37.46688017783335	-110.62712343866747	9125.885886571974
15	0	5eb9c2e197d6cf4bc8c17c07	Ca_Marsh	1	2.734264108415686	98.70028720802931	id	-7.109713055238411	110.43400979104642	1701.1105716372701
15	0	5eb9c2e197d6cf4bc8c17c07	Ca_Marsh	2	-4.036325725745097	39.70804998206165	ke	-0.22833020338925644	36.119184518104966	581.6057355166978
15	0	5eb9c2e197d6cf4bc8c17c07	Ca_Marsh	3	45.75655335593599	-89.43064097448787	us	55.31105493861901	-123.04400007581904	2570.036304246973
15	0	5eb9c2e197d6cf4bc8c17c07	Ca_Marsh	4	18.43131876811466	-69.636411726842	do	14.637494601877792	-90.51035271138296	2263.2360321295405
15	0	5eb9c2e197d6cf4bc8c17c07	Ca_Marsh	5	-34.71476718955017	-68.56453664215452	ar	-33.58385042907307	-66.3431890067334	239.98695350299923
15	0	5fe605e73351fe000163e0e7	Jonnilio	1	2.734264108415686	98.70028720802931	id	-7.462941712967178	111.233359940114	1794.2600635287777
15	0	5fe605e73351fe000163e0e7	Jonnilio	2	-4.036325725745097	39.70804998206165	ke	-0.6234373378540797	36.50672265529923	520.082357478905
15	0	5fe605e73351fe000163e0e7	Jonnilio	3	45.75655335593599	-89.43064097448787	us	-37.35946891167546	146.747306658883	15347.255670809393
15	0	5fe605e73351fe000163e0e7	Jonnilio	4	18.43131876811466	-69.636411726842	do	-17.409084512148755	-66.1545614030848	4003.417054664259
15	0	5fe605e73351fe000163e0e7	Jonnilio	5	-34.71476718955017	-68.56453664215452	ar	39.03816756053181	-112.79370099297165	9376.996395592429
16	0	695bb8d2900ad6bdf17374c8	Comte	1	56.7287272571768	27.117829022447577	lv	56.72857971163991	27.117779134498388	0.01668618161607993
16	0	695bb8d2900ad6bdf17374c8	Comte	2	-38.82892150374206	-68.11952798622825	ar	-33.79458120535946	-61.16898222306534	836.9004910585869
16	0	695bb8d2900ad6bdf17374c8	Comte	3	1.5748461822406024	118.20633872830737	id	-3.376013019856665	114.93218462664846	659.9188756504636
16	0	695bb8d2900ad6bdf17374c8	Comte	4	46.917266222326695	27.57291548996999	ro	46.26803296923153	27.695189731593896	72.79350232743884
16	0	695bb8d2900ad6bdf17374c8	Comte	5	46.203240526382466	13.95328903448456	si	47.09295332994356	13.657128843546293	101.48138079024663
16	0	68f2e3307b1dd2467d0fc0f5	Etterima	1	56.7287272571768	27.117829022447577	lv	57.70792850624403	26.14607613277295	123.60173638447657
16	0	68f2e3307b1dd2467d0fc0f5	Etterima	2	-38.82892150374206	-68.11952798622825	ar	-31.341813734807648	-63.64032904134478	926.6052579600166
16	0	68f2e3307b1dd2467d0fc0f5	Etterima	3	1.5748461822406024	118.20633872830737	id	-6.8741167495404785	108.87055403023032	1398.5671455121433
16	0	68f2e3307b1dd2467d0fc0f5	Etterima	4	46.917266222326695	27.57291548996999	ro	44.62033919763088	28.301756976811866	261.58487073658426
16	0	68f2e3307b1dd2467d0fc0f5	Etterima	5	46.203240526382466	13.95328903448456	si	46.05027405690989	14.482964404510641	44.22148481305523
16	0	5eb9c2e197d6cf4bc8c17c07	Ca_Marsh	1	56.7287272571768	27.117829022447577	lv	49.132219297587774	12.388881479977071	1294.519394513338
16	0	5eb9c2e197d6cf4bc8c17c07	Ca_Marsh	2	-38.82892150374206	-68.11952798622825	ar	-27.48221624768906	-58.828867004810526	1527.6818352550304
16	0	5eb9c2e197d6cf4bc8c17c07	Ca_Marsh	3	1.5748461822406024	118.20633872830737	id	1.2454019561044505	101.2353499716369	1886.8651724144027
16	0	5eb9c2e197d6cf4bc8c17c07	Ca_Marsh	4	46.917266222326695	27.57291548996999	ro	47.1793540073365	24.48224373712112	235.95881791935244
16	0	5eb9c2e197d6cf4bc8c17c07	Ca_Marsh	5	46.203240526382466	13.95328903448456	si	47.73962369609189	15.050038243271384	190.0226339090293
17	0	5d4ef32341d2a43c1cd80507	velopower	1	20.731491563926312	70.89758191446955	in	22.182428856455225	72.99105850175816	270.11586156003926
17	0	5d4ef32341d2a43c1cd80507	velopower	2	-8.601599694550094	-78.72141655738206	pe	-8.475305584338534	-78.74765729990287	14.336644116839329
17	0	5d4ef32341d2a43c1cd80507	velopower	3	41.8425418408314	-8.48759351168863	pt	40.12961556563483	-8.578664706988372	190.62201115161167
17	0	5d4ef32341d2a43c1cd80507	velopower	4	4.810883957962517	100.90808469116766	my	3.9431937288391183	102.14470881484016	167.64966244533161
17	0	5d4ef32341d2a43c1cd80507	velopower	5	-26.81893917811233	-51.52085990661439	br	-26.819000073187578	-51.520833205508076	0.007271190413906758
17	0	695bb8d2900ad6bdf17374c8	Comte	1	20.731491563926312	70.89758191446955	in	9.882306932552531	76.36929954039655	1341.0609129099012
17	0	695bb8d2900ad6bdf17374c8	Comte	2	-8.601599694550094	-78.72141655738206	pe	-7.140753267878365	-78.50353157398632	164.2019341296663
17	0	695bb8d2900ad6bdf17374c8	Comte	3	41.8425418408314	-8.48759351168863	pt	42.71892309643155	-8.1397666862133	101.56331487761462
17	0	695bb8d2900ad6bdf17374c8	Comte	4	4.810883957962517	100.90808469116766	my	3.1387760850957056	102.85682908481657	285.12400073287057
17	0	695bb8d2900ad6bdf17374c8	Comte	5	-26.81893917811233	-51.52085990661439	br	-26.92503228404309	-51.53730290697992	11.909221395136463
17	0	68f2e3307b1dd2467d0fc0f5	Etterima	1	20.731491563926312	70.89758191446955	in	14.019328871486099	-16.624782424799424	9209.210847466476
17	0	68f2e3307b1dd2467d0fc0f5	Etterima	2	-8.601599694550094	-78.72141655738206	pe	-13.020477131676575	-76.2298111144505	561.6480978208332
17	0	68f2e3307b1dd2467d0fc0f5	Etterima	3	41.8425418408314	-8.48759351168863	pt	41.94210592273434	-7.395421398840707	91.07776272787339
17	0	68f2e3307b1dd2467d0fc0f5	Etterima	4	4.810883957962517	100.90808469116766	my	3.62908776029757	102.22878620968217	196.76748506825822
17	0	68f2e3307b1dd2467d0fc0f5	Etterima	5	-26.81893917811233	-51.52085990661439	br	-26.90872562237659	-51.53975265389178	10.15816585265288
17	0	5eb9c2e197d6cf4bc8c17c07	Ca_Marsh	1	20.731491563926312	70.89758191446955	in	10.656542495546173	123.00226286220462	5665.347835017162
17	0	5eb9c2e197d6cf4bc8c17c07	Ca_Marsh	2	-8.601599694550094	-78.72141655738206	pe	-11.143678413519634	-77.10438441116719	333.5778890807939
17	0	5eb9c2e197d6cf4bc8c17c07	Ca_Marsh	3	41.8425418408314	-8.48759351168863	pt	44.79405101281341	10.880487785429901	1596.8070866879716
17	0	5eb9c2e197d6cf4bc8c17c07	Ca_Marsh	4	4.810883957962517	100.90808469116766	my	-2.420579654663622	115.29764760880819	1789.4700140310406
17	0	5eb9c2e197d6cf4bc8c17c07	Ca_Marsh	5	-26.81893917811233	-51.52085990661439	br	-26.966389593423123	-51.5534333434905	16.71092649295685
18	0	68f2e3307b1dd2467d0fc0f5	Etterima	1	-33.90384032391251	151.17277828719986	au	-33.283675625946856	149.096221119245	204.32094148667147
18	0	68f2e3307b1dd2467d0fc0f5	Etterima	2	49.235082414966456	3.770367343290758	fr	47.834082336155355	2.6434546486140853	176.49823547116011
18	0	68f2e3307b1dd2467d0fc0f5	Etterima	3	47.373544589050816	5.284620230249495	fr	46.40122637729656	0.8350535501548251	354.946128360176
18	0	68f2e3307b1dd2467d0fc0f5	Etterima	4	-10.109657300053847	-67.66651743633385	br	-33.99848318582093	-60.77775808542336	2747.5408977179236
18	0	68f2e3307b1dd2467d0fc0f5	Etterima	5	15.451100311642755	121.08520657986399	ph	15.830029232926226	120.97265710145791	43.82458959994882
18	0	695bb8d2900ad6bdf17374c8	Comte	1	-33.90384032391251	151.17277828719986	au	-33.92823307041709	151.06387782809776	10.408493692354927
18	0	695bb8d2900ad6bdf17374c8	Comte	2	49.235082414966456	3.770367343290758	fr	49.738089903322326	6.398791315144039	197.91936743591913
18	0	695bb8d2900ad6bdf17374c8	Comte	3	47.373544589050816	5.284620230249495	fr	48.38759264575538	-0.39673646124252615	438.32296697041915
18	0	695bb8d2900ad6bdf17374c8	Comte	4	-10.109657300053847	-67.66651743633385	br	-24.265263149645136	-49.54158087258696	2481.4604212933205
18	0	695bb8d2900ad6bdf17374c8	Comte	5	15.451100311642755	121.08520657986399	ph	11.240315225687388	122.88062444180123	506.893580460315
18	0	5eb9c2e197d6cf4bc8c17c07	Ca_Marsh	1	-33.90384032391251	151.17277828719986	au	-32.88522994068664	151.6948002979016	123.19617712640941
18	0	5eb9c2e197d6cf4bc8c17c07	Ca_Marsh	2	49.235082414966456	3.770367343290758	fr	47.00132391465498	3.198575144295557	251.98114736907883
18	0	5eb9c2e197d6cf4bc8c17c07	Ca_Marsh	3	47.373544589050816	5.284620230249495	fr	47.75151844015638	1.0742459268614768	318.65814996579354
18	0	5eb9c2e197d6cf4bc8c17c07	Ca_Marsh	4	-10.109657300053847	-67.66651743633385	br	-27.187198975270853	29.877461310601046	10229.097608720527
18	0	5eb9c2e197d6cf4bc8c17c07	Ca_Marsh	5	15.451100311642755	121.08520657986399	ph	7.54208643739897	125.2224407479625	988.0694968925576
19	0	695bb8d2900ad6bdf17374c8	Comte	1	38.718591526792736	-0.6559462493623341	es	42.34087980933697	-3.703358039417053	478.0051356700756
19	0	695bb8d2900ad6bdf17374c8	Comte	2	23.463698781593003	57.05282901195511	om	22.48114567932601	58.83249966425738	212.43926636964383
19	0	695bb8d2900ad6bdf17374c8	Comte	3	-43.388773158862215	147.21126695858376	au	-36.73756548361078	145.50767912703787	753.6070190611204
19	0	695bb8d2900ad6bdf17374c8	Comte	4	0.23623220566387237	-51.276420269752364	br	-27.66448320683918	-54.13476036569595	3117.386940274356
19	0	695bb8d2900ad6bdf17374c8	Comte	5	15.40294101084674	100.82531725710876	th	16.9850524287275	103.95957197225916	378.0898462278539
19	0	68f2e3307b1dd2467d0fc0f5	Etterima	1	38.718591526792736	-0.6559462493623341	es	41.72952739008744	1.865618540391214	397.34873105276273
19	0	68f2e3307b1dd2467d0fc0f5	Etterima	2	23.463698781593003	57.05282901195511	om	-22.738446362494926	-67.73603698056816	14404.059128112212
19	0	68f2e3307b1dd2467d0fc0f5	Etterima	3	-43.388773158862215	147.21126695858376	au	-33.38909029414689	149.3486657431723	1127.2975294972991
19	0	68f2e3307b1dd2467d0fc0f5	Etterima	4	0.23623220566387237	-51.276420269752364	br	-19.21340250797918	-68.58537021914165	2870.981305007679
19	0	68f2e3307b1dd2467d0fc0f5	Etterima	5	15.40294101084674	100.82531725710876	th	5.642704443268815	101.58329402871232	1088.4393154336262
19	0	5eb9c2e197d6cf4bc8c17c07	Ca_Marsh	1	38.718591526792736	-0.6559462493623341	es	39.83732841236597	-4.014917246469795	314.7189735641312
19	0	5eb9c2e197d6cf4bc8c17c07	Ca_Marsh	2	23.463698781593003	57.05282901195511	om	-34.968546757741436	-71.0536694452228	14877.482876025624
19	0	5eb9c2e197d6cf4bc8c17c07	Ca_Marsh	3	-43.388773158862215	147.21126695858376	au	-27.26463094469326	150.93908044618684	1824.0146401512686
19	0	5eb9c2e197d6cf4bc8c17c07	Ca_Marsh	4	0.23623220566387237	-51.276420269752364	br	0	0	5701.721210450786
19	0	5eb9c2e197d6cf4bc8c17c07	Ca_Marsh	5	15.40294101084674	100.82531725710876	th	11.369495143562128	107.3250861760825	833.8112453966861
20	0	695bb8d2900ad6bdf17374c8	Comte	1	-18.302265887601934	-64.15122413631507	bo	-18.929161287864712	-63.73252793998331	82.49721476984492
20	0	695bb8d2900ad6bdf17374c8	Comte	2	-35.055796127007696	142.95633587751456	au	-35.0558236064655	142.95577883031598	0.05079630591154703
20	0	695bb8d2900ad6bdf17374c8	Comte	3	19.657893265137776	-99.22333900921538	mx	18.964972956811437	-99.20982315886619	77.0622759803277
20	0	695bb8d2900ad6bdf17374c8	Comte	4	31.313368458400703	35.383818186744726	il	30.700595725710123	35.220183219262395	69.89914456839777
20	0	695bb8d2900ad6bdf17374c8	Comte	5	-45.618169077904426	168.40205633926485	nz	-44.312700651426795	170.05385067108196	194.82363041743912
20	0	68f2e3307b1dd2467d0fc0f5	Etterima	1	-18.302265887601934	-64.15122413631507	bo	-17.80857553038211	-63.18057086284825	116.377252021712
20	0	68f2e3307b1dd2467d0fc0f5	Etterima	2	-35.055796127007696	142.95633587751456	au	-36.21117714966522	144.207815580555	171.16084330490187
20	0	68f2e3307b1dd2467d0fc0f5	Etterima	3	19.657893265137776	-99.22333900921538	mx	19.794825813646632	-101.15983067490266	203.26152926881088
20	0	68f2e3307b1dd2467d0fc0f5	Etterima	4	31.313368458400703	35.383818186744726	il	30.70600852927118	35.20914639475048	69.5566749288605
20	0	68f2e3307b1dd2467d0fc0f5	Etterima	5	-45.618169077904426	168.40205633926485	nz	-45.61816499821082	168.40211577353375	0.004644636747514744
20	0	5eb9c2e197d6cf4bc8c17c07	Ca_Marsh	1	-18.302265887601934	-64.15122413631507	bo	-17.385151217755492	-63.22468141392093	141.48220540462887
20	0	5eb9c2e197d6cf4bc8c17c07	Ca_Marsh	2	-35.055796127007696	142.95633587751456	au	-30.655061789336603	119.37764727072147	2250.442280722604
20	0	5eb9c2e197d6cf4bc8c17c07	Ca_Marsh	3	19.657893265137776	-99.22333900921538	mx	17.98452584412989	-92.98438605173845	682.4365983417159
20	0	5eb9c2e197d6cf4bc8c17c07	Ca_Marsh	4	31.313368458400703	35.383818186744726	il	31.171761789134507	35.36552148476012	15.841730636106604
20	0	5eb9c2e197d6cf4bc8c17c07	Ca_Marsh	5	-45.618169077904426	168.40205633926485	nz	-44.05228077913858	170.64809576959343	248.34268021482256
21	0	68f2e3307b1dd2467d0fc0f5	Etterima	1	39.477766962672064	-0.3999091376081642	es	41.552560589408436	2.025478062686634	308.6174215453466
21	0	68f2e3307b1dd2467d0fc0f5	Etterima	2	-7.1495564602211665	109.30767071690087	id	-7.209912252088988	109.10956772898311	22.86254891349191
21	0	68f2e3307b1dd2467d0fc0f5	Etterima	3	62.66336602643389	12.856851572443677	se	58.134744372416264	15.3997260289781	522.4678793998197
21	0	68f2e3307b1dd2467d0fc0f5	Etterima	4	53.92052332686193	-8.786591843023812	ie	53.11055847692474	-7.285569075888096	134.0123089100899
21	0	68f2e3307b1dd2467d0fc0f5	Etterima	5	33.10983365451941	-92.35661880508624	us	35.0095481612596	-92.52538502928005	211.8098226521817
21	0	695bb8d2900ad6bdf17374c8	Comte	1	39.477766962672064	-0.3999091376081642	es	39.47429645140213	-0.32916836793325244	6.08395386739085
21	0	695bb8d2900ad6bdf17374c8	Comte	2	-7.1495564602211665	109.30767071690087	id	-0.7801507256284087	101.00176266837394	1161.735646488343
21	0	695bb8d2900ad6bdf17374c8	Comte	3	62.66336602643389	12.856851572443677	se	59.947831948501346	10.514639573698176	326.77070310240975
21	0	695bb8d2900ad6bdf17374c8	Comte	4	53.92052332686193	-8.786591843023812	ie	52.039033257544745	-4.200011858882912	371.4534986185188
21	0	695bb8d2900ad6bdf17374c8	Comte	5	33.10983365451941	-92.35661880508624	us	34.07674556608611	-92.91547411571544	119.32691259416804
21	0	5eb9c2e197d6cf4bc8c17c07	Ca_Marsh	1	39.477766962672064	-0.3999091376081642	es	39.4723589323835	-0.3666500350636359	2.9173291394972503
21	0	5eb9c2e197d6cf4bc8c17c07	Ca_Marsh	2	-7.1495564602211665	109.30767071690087	id	0	0	12137.111733079195
21	0	5eb9c2e197d6cf4bc8c17c07	Ca_Marsh	3	62.66336602643389	12.856851572443677	se	60.89890365477208	11.046278120600572	218.05403173074075
21	0	5eb9c2e197d6cf4bc8c17c07	Ca_Marsh	4	53.92052332686193	-8.786591843023812	ie	53.26918362352108	-7.827216373003112	96.19552334020224
21	0	5eb9c2e197d6cf4bc8c17c07	Ca_Marsh	5	33.10983365451941	-92.35661880508624	us	33.850986922550454	-93.47475577756975	132.45888748385224
22	0	695bb8d2900ad6bdf17374c8	Comte	1	-34.65665928798208	135.73033710759725	au	-36.17518485629055	145.5551478868339	905.771166524706
22	0	695bb8d2900ad6bdf17374c8	Comte	2	-1.2863880577346594	36.896746465996515	ke	-1.3133149061306344	36.84004022593029	6.978753431783538
22	0	695bb8d2900ad6bdf17374c8	Comte	3	11.798837405695208	105.23310546963555	kh	13.41895025592944	106.4055187272786	220.53951675618393
22	0	695bb8d2900ad6bdf17374c8	Comte	4	-28.923260308719964	29.78126176248465	za	-32.974012181992485	25.636856435669664	599.109267393363
22	0	695bb8d2900ad6bdf17374c8	Comte	5	-46.48714928712567	-70.02399405193574	ar	-48.727870614775235	-70.5383297310042	252.1210815975657
22	0	68f2e3307b1dd2467d0fc0f5	Etterima	1	-34.65665928798208	135.73033710759725	au	-29.26520243805475	25.829355196730972	9792.631075559579
22	0	68f2e3307b1dd2467d0fc0f5	Etterima	2	-1.2863880577346594	36.896746465996515	ke	-0.1418016879688506	37.49244716302386	143.47465286722124
22	0	68f2e3307b1dd2467d0fc0f5	Etterima	3	11.798837405695208	105.23310546963555	kh	13.324557492306738	103.9721747624584	217.9662872344976
22	0	68f2e3307b1dd2467d0fc0f5	Etterima	4	-28.923260308719964	29.78126176248465	za	-33.667058426974315	25.175106713260405	685.2222137141397
22	0	68f2e3307b1dd2467d0fc0f5	Etterima	5	-46.48714928712567	-70.02399405193574	ar	-28.869026222116062	-62.91471846874195	2054.378234361033
22	0	5eb9c2e197d6cf4bc8c17c07	Ca_Marsh	1	-34.65665928798208	135.73033710759725	au	-34.4147046119524	142.09845438168418	583.8383863797059
22	0	5eb9c2e197d6cf4bc8c17c07	Ca_Marsh	2	-1.2863880577346594	36.896746465996515	ke	-0.29160958979802276	36.072329205480656	143.65687647427225
22	0	5eb9c2e197d6cf4bc8c17c07	Ca_Marsh	3	11.798837405695208	105.23310546963555	kh	11.186275986717721	105.01862454861728	72.01165335424899
22	0	5eb9c2e197d6cf4bc8c17c07	Ca_Marsh	4	-28.923260308719964	29.78126176248465	za	-37.99435171843664	175.86680023130128	11780.477981074351
22	0	5eb9c2e197d6cf4bc8c17c07	Ca_Marsh	5	-46.48714928712567	-70.02399405193574	ar	-14.791916452899704	-71.40901846593697	3526.706761666819
23	0	68f2e3307b1dd2467d0fc0f5	Etterima	1	64.42149800126221	55.18271403479359	ru	58.497776743510336	49.327934172097	727.7308750088608
23	0	68f2e3307b1dd2467d0fc0f5	Etterima	2	58.17356234463102	-4.707746136328808	gb	50.97182414067458	-118.93099194904397	6495.236584803318
23	0	68f2e3307b1dd2467d0fc0f5	Etterima	3	23.747799949294603	120.75643086959894	tw	24.917733958780467	121.32144642591977	142.12843514421957
23	0	68f2e3307b1dd2467d0fc0f5	Etterima	4	39.85438848955725	44.504573074677864	tr	38.87904508806637	36.83601694408045	667.8700371724957
23	0	68f2e3307b1dd2467d0fc0f5	Etterima	5	44.14500894253081	8.174232611640242	it	41.61236750988355	21.486339332095774	1119.271072633308
23	0	695bb8d2900ad6bdf17374c8	Comte	1	64.42149800126221	55.18271403479359	ru	58.44710817201009	42.52574427078869	942.4597419017937
23	0	695bb8d2900ad6bdf17374c8	Comte	2	58.17356234463102	-4.707746136328808	gb	46.52979409128885	-112.52579310060813	6630.407177571217
23	0	695bb8d2900ad6bdf17374c8	Comte	3	23.747799949294603	120.75643086959894	tw	24.200423449408945	120.67569128256366	50.993586918376764
23	0	695bb8d2900ad6bdf17374c8	Comte	4	39.85438848955725	44.504573074677864	tr	38.56605418788533	35.514231445058606	787.3592192083842
23	0	695bb8d2900ad6bdf17374c8	Comte	5	44.14500894253081	8.174232611640242	it	41.03496110224391	21.19279305771828	1119.0058711448607
23	0	5eb9c2e197d6cf4bc8c17c07	Ca_Marsh	1	64.42149800126221	55.18271403479359	ru	60.32864645438455	9.941225471214835	2323.8277501573234
23	0	5eb9c2e197d6cf4bc8c17c07	Ca_Marsh	2	58.17356234463102	-4.707746136328808	gb	51.204929418501195	-118.5237264718485	6457.762956745855
23	0	5eb9c2e197d6cf4bc8c17c07	Ca_Marsh	3	23.747799949294603	120.75643086959894	tw	23.48725758632586	120.44013368844996	43.33301131073373
23	0	5eb9c2e197d6cf4bc8c17c07	Ca_Marsh	4	39.85438848955725	44.504573074677864	tr	38.208558965844446	37.36101391687804	643.3886783791413
23	0	5eb9c2e197d6cf4bc8c17c07	Ca_Marsh	5	44.14500894253081	8.174232611640242	it	-25.92951705969171	-64.24422945764779	10707.281407108045
24	0	68f2e3307b1dd2467d0fc0f5	Etterima	1	-17.318599688933343	-63.26821234849287	bo	-17.78278462579312	-63.17484310434817	52.555654306171846
24	0	68f2e3307b1dd2467d0fc0f5	Etterima	2	-26.201523078407934	25.602250497977565	za	-26.59690469409537	28.628691305495625	304.6127278435212
24	0	68f2e3307b1dd2467d0fc0f5	Etterima	3	40.71124499455844	19.946664279080142	al	42.8042352710892	19.417672131182016	236.82866655644466
24	0	68f2e3307b1dd2467d0fc0f5	Etterima	4	39.00661823579071	-1.305363160613018	es	41.431103854486174	-1.0326234460138006	270.5827992653157
24	0	68f2e3307b1dd2467d0fc0f5	Etterima	5	32.52357132200733	35.01597840691077	il	32.517375641259584	34.99253448494357	2.3035240515957196
24	0	5eb9c2e197d6cf4bc8c17c07	Ca_Marsh	1	-17.318599688933343	-63.26821234849287	bo	-17.707159863616717	-63.19248582160106	43.94580691130533
24	0	5eb9c2e197d6cf4bc8c17c07	Ca_Marsh	2	-26.201523078407934	25.602250497977565	za	-31.197730770644963	26.27064125538647	559.3602076955179
24	0	5eb9c2e197d6cf4bc8c17c07	Ca_Marsh	3	40.71124499455844	19.946664279080142	al	40.615355313316336	20.096206063015728	16.516232349947362
24	0	5eb9c2e197d6cf4bc8c17c07	Ca_Marsh	4	39.00661823579071	-1.305363160613018	es	37.882722642181456	-4.760795160510584	325.81822031826107
24	0	5eb9c2e197d6cf4bc8c17c07	Ca_Marsh	5	32.52357132200733	35.01597840691077	il	31.745745659416546	34.82142619122261	88.40894418712108
24	0	695bb8d2900ad6bdf17374c8	Comte	1	-17.318599688933343	-63.26821234849287	bo	-17.75030033758904	-62.97549699431266	57.162188149345475
24	0	695bb8d2900ad6bdf17374c8	Comte	2	-26.201523078407934	25.602250497977565	za	-25.212493550451647	28.879908404263233	346.29749962606303
24	0	695bb8d2900ad6bdf17374c8	Comte	3	40.71124499455844	19.946664279080142	al	42.785278400394674	18.955873791312783	244.82670114474794
24	0	695bb8d2900ad6bdf17374c8	Comte	4	39.00661823579071	-1.305363160613018	es	41.48338256275583	-6.716794289766792	535.3733162550774
24	0	695bb8d2900ad6bdf17374c8	Comte	5	32.52357132200733	35.01597840691077	il	32.511365885208505	34.95304514611353	6.054852864248824
25	0	695bb8d2900ad6bdf17374c8	Comte	1	34.112191012661064	-82.25090456787798	us	46.219161831367366	-85.24793139688107	1369.8303655517182
25	0	695bb8d2900ad6bdf17374c8	Comte	2	53.58425344815723	9.589903496897078	de	52.23247184715403	10.391679189599609	159.63573140721806
25	0	695bb8d2900ad6bdf17374c8	Comte	3	-54.04001076375493	-67.69431226836784	ar	-40.18425851260111	175.9331546634823	7912.12708752565
25	0	695bb8d2900ad6bdf17374c8	Comte	4	43.93654030462865	-64.8442626617178	ca	45.10593394532802	-63.02595888417508	194.12750099631523
25	0	695bb8d2900ad6bdf17374c8	Comte	5	-1.5004717367857419	-78.70634857604162	ec	-0.7373059317372065	-78.42958927285588	90.2658620511671
25	0	5eb9c2e197d6cf4bc8c17c07	Ca_Marsh	1	34.112191012661064	-82.25090456787798	us	42.16892630852149	-76.84886275666194	1012.2551357259318
25	0	5eb9c2e197d6cf4bc8c17c07	Ca_Marsh	2	53.58425344815723	9.589903496897078	de	48.49609426559465	11.591140933249186	582.759442232451
25	0	5eb9c2e197d6cf4bc8c17c07	Ca_Marsh	3	-54.04001076375493	-67.69431226836784	ar	-25.983669599287964	29.27806602081781	8129.3996675210055
25	0	5eb9c2e197d6cf4bc8c17c07	Ca_Marsh	4	43.93654030462865	-64.8442626617178	ca	49.94658010987912	-98.2690763718672	2600.221826662872
25	0	5eb9c2e197d6cf4bc8c17c07	Ca_Marsh	5	-1.5004717367857419	-78.70634857604162	ec	-0.6179318615867034	-78.61550457494661	98.65229185777754
25	0	68f2e3307b1dd2467d0fc0f5	Etterima	1	34.112191012661064	-82.25090456787798	us	44.39654741965424	-90.46836560551151	1343.125320880633
25	0	68f2e3307b1dd2467d0fc0f5	Etterima	2	53.58425344815723	9.589903496897078	de	49.48032515983271	10.586530529399498	461.50107890249126
25	0	68f2e3307b1dd2467d0fc0f5	Etterima	3	-54.04001076375493	-67.69431226836784	ar	-43.60759275165161	-69.07642062332289	1164.376255921398
25	0	68f2e3307b1dd2467d0fc0f5	Etterima	4	43.93654030462865	-64.8442626617178	ca	46.87035136962452	-81.05171139544072	1304.084084729349
25	0	68f2e3307b1dd2467d0fc0f5	Etterima	5	-1.5004717367857419	-78.70634857604162	ec	18.077238972328097	-98.25982765838309	3052.7234920943647
26	0	695bb8d2900ad6bdf17374c8	Comte	1	-36.4485817042916	147.8189595092869	au	-41.01821978714877	145.5547201514049	544.6990478858883
26	0	695bb8d2900ad6bdf17374c8	Comte	2	43.59211650196968	27.013721721977976	bg	41.84161049856187	22.918228962033513	387.0189132128015
26	0	695bb8d2900ad6bdf17374c8	Comte	3	42.85291508541578	74.19676847638583	kg	41.44702856129787	76.02359828042084	217.05848132887155
26	0	695bb8d2900ad6bdf17374c8	Comte	4	20.16204199261305	-99.71615384524702	mx	29.09130427029538	-106.35985317788153	1198.0111348665787
26	0	695bb8d2900ad6bdf17374c8	Comte	5	-1.5608157542204066	-79.81529915185844	ec	-1.1067068482292373	-80.58619053004014	99.46591755632964
26	0	5eb9c2e197d6cf4bc8c17c07	Ca_Marsh	1	-36.4485817042916	147.8189595092869	au	-32.05105378289549	123.03461247097684	2323.0080923235128
26	0	5eb9c2e197d6cf4bc8c17c07	Ca_Marsh	2	43.59211650196968	27.013721721977976	bg	41.35761928401144	-0.3399751172845411	2246.8536393539675
26	0	5eb9c2e197d6cf4bc8c17c07	Ca_Marsh	3	42.85291508541578	74.19676847638583	kg	42.47657009529418	78.30333980537682	338.3372732969854
26	0	5eb9c2e197d6cf4bc8c17c07	Ca_Marsh	4	20.16204199261305	-99.71615384524702	mx	20.57209488166827	-99.53278713121078	49.440350687115256
26	0	5eb9c2e197d6cf4bc8c17c07	Ca_Marsh	5	-1.5608157542204066	-79.81529915185844	ec	-1.7398987940655104	-79.98932349953373	27.760914018004495
26	0	68f2e3307b1dd2467d0fc0f5	Etterima	1	-36.4485817042916	147.8189595092869	au	-22.535708585645096	115.50934156410553	3466.007690388412
26	0	68f2e3307b1dd2467d0fc0f5	Etterima	2	43.59211650196968	27.013721721977976	bg	48.56430831979177	10.217443501533285	1404.7848595252672
26	0	68f2e3307b1dd2467d0fc0f5	Etterima	3	42.85291508541578	74.19676847638583	kg	41.61562367279945	74.51420494064512	140.04037591095232
26	0	68f2e3307b1dd2467d0fc0f5	Etterima	4	20.16204199261305	-99.71615384524702	mx	21.836164267533835	-101.44932007186644	258.8838699801335
26	0	68f2e3307b1dd2467d0fc0f5	Etterima	5	-1.5608157542204066	-79.81529915185844	ec	-1.3559370200969785	-78.6671965896729	129.63914799169356
27	0	695bb8d2900ad6bdf17374c8	Comte	1	25.17491179978932	-107.97564788015306	mx	16.650910204055045	-93.19779967507762	1801.83
27	0	695bb8d2900ad6bdf17374c8	Comte	2	42.368474551751326	78.04876779032249	kg	42.835640165198434	74.26813962020209	313.737
27	0	695bb8d2900ad6bdf17374c8	Comte	3	-32.66402723270213	151.3670793786436	au	-34.15492619184631	148.4238204373651	319.537
27	0	695bb8d2900ad6bdf17374c8	Comte	4	49.62085612510125	-100.25502689316308	ca	40.737375887114574	-89.01486677849702	1320.75
27	0	695bb8d2900ad6bdf17374c8	Comte	5	37.0097872878542	-92.6197174506894	us	47.62464737137077	-93.25853154190551	1181.47
27	0	68f2e3307b1dd2467d0fc0f5	Etterima	1	25.17491179978932	-107.97564788015306	mx	-26.584400002382612	-54.51400181096676	8123.18
27	0	68f2e3307b1dd2467d0fc0f5	Etterima	2	42.368474551751326	78.04876779032249	kg	41.77211407870113	75.32578818839745	234.327
27	0	68f2e3307b1dd2467d0fc0f5	Etterima	3	-32.66402723270213	151.3670793786436	au	-32.98645980944897	150.83101507317642	61.5988
27	0	68f2e3307b1dd2467d0fc0f5	Etterima	4	49.62085612510125	-100.25502689316308	ca	37.47087994951399	-84.79501554523641	1830.76
27	0	68f2e3307b1dd2467d0fc0f5	Etterima	5	37.0097872878542	-92.6197174506894	us	47.82341552778229	-95.38259986927767	1223.4
27	0	5eb9c2e197d6cf4bc8c17c07	Ca_Marsh	1	25.17491179978932	-107.97564788015306	mx	-30.92271750520557	-61.553583117599935	7955.23
27	0	5eb9c2e197d6cf4bc8c17c07	Ca_Marsh	2	42.368474551751326	78.04876779032249	kg	42.36822866973202	78.04862101680062	0.0298817
27	0	5eb9c2e197d6cf4bc8c17c07	Ca_Marsh	3	-32.66402723270213	151.3670793786436	au	-34.511021856682056	142.6090163987185	836.538
27	0	5eb9c2e197d6cf4bc8c17c07	Ca_Marsh	4	49.62085612510125	-100.25502689316308	ca	45.07588838839033	-93.33589965784435	725.475
27	0	5eb9c2e197d6cf4bc8c17c07	Ca_Marsh	5	37.0097872878542	-92.6197174506894	us	57.19909284034214	27.105784522060627	8123.16
28	0	695bb8d2900ad6bdf17374c8	Comte	1	17.754254239162357	-64.60826011153594	vi	17.744135909149094	-64.69638264406333	9.39993
28	0	695bb8d2900ad6bdf17374c8	Comte	2	45.06136167810386	11.08502608633051	it	44.65418346930651	10.773270673630021	51.5146
28	0	695bb8d2900ad6bdf17374c8	Comte	3	51.35348545356171	106.62852471675698	ru	52.758446690128046	104.70643351491191	204.134
28	0	695bb8d2900ad6bdf17374c8	Comte	4	21.95138960901032	-102.22678750390236	mx	22.895164336201667	-101.68472432734188	118.816
28	0	695bb8d2900ad6bdf17374c8	Comte	5	-9.306681539668421	-41.65085619614922	br	-18.484820014088964	-44.97060325780601	1081.49
28	0	68f2e3307b1dd2467d0fc0f5	Etterima	1	17.754254239162357	-64.60826011153594	vi	17.768116105544348	-64.75324525957677	15.4304
28	0	68f2e3307b1dd2467d0fc0f5	Etterima	2	45.06136167810386	11.08502608633051	it	46.69404940699228	24.69801245792626	1067.94
28	0	68f2e3307b1dd2467d0fc0f5	Etterima	3	51.35348545356171	106.62852471675698	ru	51.33113682941994	42.77573037095217	4289.8
28	0	68f2e3307b1dd2467d0fc0f5	Etterima	4	21.95138960901032	-102.22678750390236	mx	21.95386710664678	-101.54231437634078	70.5919
28	0	68f2e3307b1dd2467d0fc0f5	Etterima	5	-9.306681539668421	-41.65085619614922	br	-12.077537207775949	-45.69817290964772	538.933
28	0	5eb9c2e197d6cf4bc8c17c07	Ca_Marsh	1	17.754254239162357	-64.60826011153594	vi	18.323991377483505	-64.78440134232429	66.0324
28	0	5eb9c2e197d6cf4bc8c17c07	Ca_Marsh	2	45.06136167810386	11.08502608633051	it	41.2620957095898	15.366528602054714	546.698
28	0	5eb9c2e197d6cf4bc8c17c07	Ca_Marsh	3	51.35348545356171	106.62852471675698	ru	52.213815115677235	116.38377217108349	677.304
28	0	5eb9c2e197d6cf4bc8c17c07	Ca_Marsh	4	21.95138960901032	-102.22678750390236	mx	-33.72278431143607	-61.926200510401415	7518.59
28	0	5eb9c2e197d6cf4bc8c17c07	Ca_Marsh	5	-9.306681539668421	-41.65085619614922	br	25.77897052724477	-101.55209703330048	7556.44
29	0	68f2e3307b1dd2467d0fc0f5	Etterima	1	1.0311574817666167	121.7069466635278	id	-2.3278017334460257	120.47925343051432	397.655
29	0	68f2e3307b1dd2467d0fc0f5	Etterima	2	-11.326360557756782	-37.65230653765137	br	-10.638630467838794	-42.35182731603499	518.652
29	0	68f2e3307b1dd2467d0fc0f5	Etterima	3	9.368443454569775	122.76274858502242	ph	0	0	13596.1
29	0	68f2e3307b1dd2467d0fc0f5	Etterima	4	19.161859840395326	-99.03384924922722	mx	20.236030675551483	-99.95027138143796	153.2
29	0	68f2e3307b1dd2467d0fc0f5	Etterima	5	42.90844064834514	-91.48383767066552	us	38.54892565319865	-92.15437324195342	488.033
29	0	5eb9c2e197d6cf4bc8c17c07	Ca_Marsh	1	1.0311574817666167	121.7069466635278	id	-2.418210262543617	115.25622515819899	813.254
29	0	5eb9c2e197d6cf4bc8c17c07	Ca_Marsh	2	-11.326360557756782	-37.65230653765137	br	-3.3833731967615397	-44.73869919754688	1178.88
29	0	5eb9c2e197d6cf4bc8c17c07	Ca_Marsh	3	9.368443454569775	122.76274858502242	ph	7.9322440486254475	123.6856592881914	189.199
29	0	5eb9c2e197d6cf4bc8c17c07	Ca_Marsh	4	19.161859840395326	-99.03384924922722	mx	18.72362032766945	-98.44601296136405	78.7201
29	0	5eb9c2e197d6cf4bc8c17c07	Ca_Marsh	5	42.90844064834514	-91.48383767066552	us	41.99283516497581	-1.35428105582593	7003.29
29	0	695bb8d2900ad6bdf17374c8	Comte	1	1.0311574817666167	121.7069466635278	id	15.394168505453267	107.69528330971114	2217.01
29	0	695bb8d2900ad6bdf17374c8	Comte	2	-11.326360557756782	-37.65230653765137	br	-7.56386376951258	-44.52508316843702	862.03
29	0	695bb8d2900ad6bdf17374c8	Comte	3	9.368443454569775	122.76274858502242	ph	-2.5882998055888495	115.03688944843344	1581.26
29	0	695bb8d2900ad6bdf17374c8	Comte	4	19.161859840395326	-99.03384924922722	mx	20.40942222392623	-100.15456312676166	181.641
29	0	695bb8d2900ad6bdf17374c8	Comte	5	42.90844064834514	-91.48383767066552	us	39.012522098956865	-81.28443637256308	958.859
29	0	64836c81ad20f4a5e20f1cb9	Breeze	1	1.0311574817666167	121.7069466635278	id	-1.0439904013650472	-79.31760286605719	17677.7
29	0	64836c81ad20f4a5e20f1cb9	Breeze	2	-11.326360557756782	-37.65230653765137	br	-10.361701940468174	-40.50611346219893	329.6
29	0	64836c81ad20f4a5e20f1cb9	Breeze	3	9.368443454569775	122.76274858502242	ph	4.186432677693427	101.2784859450479	2440.21
29	0	64836c81ad20f4a5e20f1cb9	Breeze	4	19.161859840395326	-99.03384924922722	mx	28.86585229339881	-109.59246099845981	1519.71
29	0	64836c81ad20f4a5e20f1cb9	Breeze	5	42.90844064834514	-91.48383767066552	us	49.60869882596826	-101.99766296328669	1097.41
30	0	695bb8d2900ad6bdf17374c8	Comte	1	42.49872153002804	-75.18409117422487	us	44.24216714688366	-71.39749178721935	362.245
30	0	695bb8d2900ad6bdf17374c8	Comte	2	52.34050891521422	-7.4102131691451	ie	51.9297847407097	-8.423054609711757	82.8509
30	0	695bb8d2900ad6bdf17374c8	Comte	3	43.69355538980129	-116.37135409136965	us	43.008753893867414	-89.42893818494962	2170.2
30	0	695bb8d2900ad6bdf17374c8	Comte	4	2.005921757529837	117.67319060989477	id	-1.6080944963723982	103.55041652561887	1620.72
30	0	695bb8d2900ad6bdf17374c8	Comte	5	18.49423463171426	-88.39728857107697	bz	21.088751960509153	-89.65043137461225	316.886
30	0	68f2e3307b1dd2467d0fc0f5	Etterima	1	42.49872153002804	-75.18409117422487	us	48.63838771444168	11.439024316661744	6405.38
30	0	68f2e3307b1dd2467d0fc0f5	Etterima	2	52.34050891521422	-7.4102131691451	ie	45.8060382448513	5.051122061716891	1160
30	0	68f2e3307b1dd2467d0fc0f5	Etterima	3	43.69355538980129	-116.37135409136965	us	35.91422855198751	-85.54264522778054	2753.42
30	0	68f2e3307b1dd2467d0fc0f5	Etterima	4	2.005921757529837	117.67319060989477	id	2.482523049286155	114.58430789721946	347.271
30	0	68f2e3307b1dd2467d0fc0f5	Etterima	5	18.49423463171426	-88.39728857107697	bz	16.303493553404312	-93.41869231812869	585.802
30	0	5eb9c2e197d6cf4bc8c17c07	Ca_Marsh	1	42.49872153002804	-75.18409117422487	us	60.458916976992604	9.244966915970219	5722.26
30	0	5eb9c2e197d6cf4bc8c17c07	Ca_Marsh	2	52.34050891521422	-7.4102131691451	ie	50.01482482423047	7.882653482780526	1094.7
30	0	5eb9c2e197d6cf4bc8c17c07	Ca_Marsh	3	43.69355538980129	-116.37135409136965	us	40.69375302171082	-78.06019038702723	3145.51
30	0	5eb9c2e197d6cf4bc8c17c07	Ca_Marsh	4	2.005921757529837	117.67319060989477	id	0.643306081243928	120.96178094730813	395.724
30	0	5eb9c2e197d6cf4bc8c17c07	Ca_Marsh	5	18.49423463171426	-88.39728857107697	bz	-9.261521700928395	-77.84309977613738	3296.39
31	0	695bb8d2900ad6bdf17374c8	Comte	1	66.03873158015398	32.958182616535986	ru	64.45793964137461	31.221632645420428	193.46
31	0	695bb8d2900ad6bdf17374c8	Comte	2	-41.27907781354467	-69.93517519992665	ar	-50.29773323674778	-70.14831433857613	1002.96
31	0	695bb8d2900ad6bdf17374c8	Comte	3	-28.324125928196977	24.230557742149575	za	-23.27490047888765	29.34497879077666	759.643
31	0	695bb8d2900ad6bdf17374c8	Comte	4	47.10937619523302	92.83660171962173	mn	47.513067993331944	91.61944046934421	102.153
31	0	695bb8d2900ad6bdf17374c8	Comte	5	-5.275435321560767	-37.00833506683447	br	-5.228657544195857	-44.87558185307212	871.135
31	0	68f2e3307b1dd2467d0fc0f5	Etterima	1	66.03873158015398	32.958182616535986	ru	53.65908677143054	34.91979875469441	1380.74
31	0	68f2e3307b1dd2467d0fc0f5	Etterima	2	-41.27907781354467	-69.93517519992665	ar	-44.32579014524048	-68.64388817776583	354.767
31	0	68f2e3307b1dd2467d0fc0f5	Etterima	3	-28.324125928196977	24.230557742149575	za	-28.82610289876158	23.491524559958247	91.2335
31	0	68f2e3307b1dd2467d0fc0f5	Etterima	4	47.10937619523302	92.83660171962173	mn	45.9116741726944	101.67320146962732	688.827
31	0	68f2e3307b1dd2467d0fc0f5	Etterima	5	-5.275435321560767	-37.00833506683447	br	-19.081088356397917	-50.7325164420792	2137.53
31	0	5eb9c2e197d6cf4bc8c17c07	Ca_Marsh	1	66.03873158015398	32.958182616535986	ru	45.868078924963264	40.21135861604034	2284.32
31	0	5eb9c2e197d6cf4bc8c17c07	Ca_Marsh	2	-41.27907781354467	-69.93517519992665	ar	-43.42661628332185	-66.06058872653374	397.916
31	0	5eb9c2e197d6cf4bc8c17c07	Ca_Marsh	3	-28.324125928196977	24.230557742149575	za	-27.51290900067801	29.198567030002707	496.348
31	0	5eb9c2e197d6cf4bc8c17c07	Ca_Marsh	4	47.10937619523302	92.83660171962173	mn	48.733420627470906	92.09752469799727	188.794
31	0	5eb9c2e197d6cf4bc8c17c07	Ca_Marsh	5	-5.275435321560767	-37.00833506683447	br	18.023827148233558	-96.8138563758915	7049.59
31	0	64836c81ad20f4a5e20f1cb9	Breeze	1	66.03873158015398	32.958182616535986	ru	49.010192434439546	-111.97714637282293	6877.71
31	0	64836c81ad20f4a5e20f1cb9	Breeze	2	-41.27907781354467	-69.93517519992665	ar	-24.924017440027153	142.8013180519622	11917
31	0	64836c81ad20f4a5e20f1cb9	Breeze	3	-28.324125928196977	24.230557742149575	za	-26.868160413534838	24.760610456151923	170.113
31	0	64836c81ad20f4a5e20f1cb9	Breeze	4	47.10937619523302	92.83660171962173	mn	48.93594601204348	90.44629371887586	269.887
31	0	64836c81ad20f4a5e20f1cb9	Breeze	5	-5.275435321560767	-37.00833506683447	br	-27.7279397666767	-55.78929986078618	3189.7
32	0	695bb8d2900ad6bdf17374c8	Comte	1	30.75154580148583	-87.41105088750932	us	43.00848940874436	-74.55337374426837	1774.81
32	0	695bb8d2900ad6bdf17374c8	Comte	2	53.53062786632697	60.08272646202622	ru	52.90622436817938	44.09532201096124	1064.45
32	0	695bb8d2900ad6bdf17374c8	Comte	3	58.72125614444786	7.821243109097325	no	62.809894360725735	8.494671241498075	456.098
32	0	695bb8d2900ad6bdf17374c8	Comte	4	13.983837900432727	121.71943209340944	ph	14.002891462566618	121.33388282131152	41.6528
32	0	695bb8d2900ad6bdf17374c8	Comte	5	49.8150206565456	21.498137934832016	pl	49.15887860737973	20.961592689122888	82.6144
32	0	68f2e3307b1dd2467d0fc0f5	Etterima	1	30.75154580148583	-87.41105088750932	us	45.944737918074075	-87.73890942990727	1689.64
32	0	68f2e3307b1dd2467d0fc0f5	Etterima	2	53.53062786632697	60.08272646202622	ru	55.26021273830487	77.11461795096915	1116.3
32	0	68f2e3307b1dd2467d0fc0f5	Etterima	3	58.72125614444786	7.821243109097325	no	62.64147541298966	26.69675419380072	1111.17
32	0	68f2e3307b1dd2467d0fc0f5	Etterima	4	13.983837900432727	121.71943209340944	ph	11.211374835969936	122.64303681756206	324.164
32	0	68f2e3307b1dd2467d0fc0f5	Etterima	5	49.8150206565456	21.498137934832016	pl	52.63552320901778	16.229194629320904	482.468
32	0	5eb9c2e197d6cf4bc8c17c07	Ca_Marsh	1	30.75154580148583	-87.41105088750932	us	46.90428664099498	-100.70501593033673	2126.92
32	0	5eb9c2e197d6cf4bc8c17c07	Ca_Marsh	2	53.53062786632697	60.08272646202622	ru	52.116828353464136	43.772097094141316	1104.65
32	0	5eb9c2e197d6cf4bc8c17c07	Ca_Marsh	3	58.72125614444786	7.821243109097325	no	64.56406778682107	26.869524343454618	1190.42
32	0	5eb9c2e197d6cf4bc8c17c07	Ca_Marsh	4	13.983837900432727	121.71943209340944	ph	11.241450289970722	124.94830198517892	464.455
32	0	5eb9c2e197d6cf4bc8c17c07	Ca_Marsh	5	49.8150206565456	21.498137934832016	pl	50.7027502213973	7.160079483514834	1022.43
33	0	695bb8d2900ad6bdf17374c8	Comte	1	19.156197017440512	73.07389063451336	in	18.991869722409067	72.83574957862706	30.987
33	0	695bb8d2900ad6bdf17374c8	Comte	2	63.11614875820105	75.34032527730304	ru	50.0168005891711	36.3700720856268	2734.08
33	0	695bb8d2900ad6bdf17374c8	Comte	3	39.273363562009266	-119.55531352329668	us	37.20152952325961	-105.02349297236113	1288.44
33	0	695bb8d2900ad6bdf17374c8	Comte	4	18.4609704772541	78.20948943774555	in	14.674595199162725	77.59374236061923	426.107
33	0	695bb8d2900ad6bdf17374c8	Comte	5	17.74240036203506	-94.0997015392011	mx	9.213347715592493	-78.97511210804252	1888.79
33	0	68f2e3307b1dd2467d0fc0f5	Etterima	1	19.156197017440512	73.07389063451336	in	26.221286206970465	78.08906668212236	938.803
33	0	68f2e3307b1dd2467d0fc0f5	Etterima	2	63.11614875820105	75.34032527730304	ru	53.237426404903545	34.48325559572295	2578.16
33	0	68f2e3307b1dd2467d0fc0f5	Etterima	3	39.273363562009266	-119.55531352329668	us	41.00009572462971	-109.39754841075786	884.035
33	0	68f2e3307b1dd2467d0fc0f5	Etterima	4	18.4609704772541	78.20948943774555	in	14.14027523648478	78.08535798045703	480.622
33	0	68f2e3307b1dd2467d0fc0f5	Etterima	5	17.74240036203506	-94.0997015392011	mx	0	0	10441.7
33	0	5eb9c2e197d6cf4bc8c17c07	Ca_Marsh	1	19.156197017440512	73.07389063451336	in	26.95838548606687	80.90933641060388	1180.52
33	0	5eb9c2e197d6cf4bc8c17c07	Ca_Marsh	2	63.11614875820105	75.34032527730304	ru	56.84843943325616	60.87036795323049	1060.47
33	0	5eb9c2e197d6cf4bc8c17c07	Ca_Marsh	3	39.273363562009266	-119.55531352329668	us	20.32331206872741	-100.30905534058175	2796.08
33	0	5eb9c2e197d6cf4bc8c17c07	Ca_Marsh	4	18.4609704772541	78.20948943774555	in	16.26152795169971	79.39991954756034	275.267
33	0	5eb9c2e197d6cf4bc8c17c07	Ca_Marsh	5	17.74240036203506	-94.0997015392011	mx	-17.011022652562044	-49.80443769681825	6199.71
34	0	68f2e3307b1dd2467d0fc0f5	Etterima	1	47.30277829309298	21.99118435688079	ro	47.2707984917532	21.898139941820904	7.86752
34	0	68f2e3307b1dd2467d0fc0f5	Etterima	2	-27.0198346933171	-70.79739335200446	cl	-27.066248585443983	-70.8251221761307	5.84614
34	0	68f2e3307b1dd2467d0fc0f5	Etterima	3	48.458504205782795	6.416928795775266	fr	48.87091804848878	5.1644779958127485	102.776
34	0	68f2e3307b1dd2467d0fc0f5	Etterima	4	-39.583485408364126	176.9177330689901	nz	-39.50498762805645	176.90264725793688	8.82388
34	0	68f2e3307b1dd2467d0fc0f5	Etterima	5	-45.96086322595836	-71.70328482091885	cl	-30.79103584618477	-70.95019899715433	1688.06
34	0	64836c81ad20f4a5e20f1cb9	Breeze	1	47.30277829309298	21.99118435688079	ro	42.95817668312537	19.09622545475331	533.717
34	0	64836c81ad20f4a5e20f1cb9	Breeze	2	-27.0198346933171	-70.79739335200446	cl	-26.369740155250014	-70.37675266928467	83.4962
34	0	64836c81ad20f4a5e20f1cb9	Breeze	3	48.458504205782795	6.416928795775266	fr	44.34737768167368	0.343657637185677	652.173
34	0	64836c81ad20f4a5e20f1cb9	Breeze	4	-39.583485408364126	176.9177330689901	nz	-41.29751585137527	174.799404540351	261.637
34	0	64836c81ad20f4a5e20f1cb9	Breeze	5	-45.96086322595836	-71.70328482091885	cl	-34.216528300664734	-69.09264283670824	1324.45
34	0	5eb9c2e197d6cf4bc8c17c07	Ca_Marsh	1	47.30277829309298	21.99118435688079	ro	46.87451183387585	19.99822292176976	158.216
34	0	5eb9c2e197d6cf4bc8c17c07	Ca_Marsh	2	-27.0198346933171	-70.79739335200446	cl	-26.38354595033755	-70.04743061181516	102.742
34	0	5eb9c2e197d6cf4bc8c17c07	Ca_Marsh	3	48.458504205782795	6.416928795775266	fr	47.13565863925653	1.093676078322452	423.849
34	0	5eb9c2e197d6cf4bc8c17c07	Ca_Marsh	4	-39.583485408364126	176.9177330689901	nz	-34.001397277624854	150.84839050499377	2393.51
34	0	5eb9c2e197d6cf4bc8c17c07	Ca_Marsh	5	-45.96086322595836	-71.70328482091885	cl	-31.550832484487614	-68.55726432520648	1625.02
34	0	695bb8d2900ad6bdf17374c8	Comte	1	47.30277829309298	21.99118435688079	ro	50.065413346750326	22.48479254195148	309.319
34	0	695bb8d2900ad6bdf17374c8	Comte	2	-27.0198346933171	-70.79739335200446	cl	-23.547665333195155	-70.39911370519368	388.158
34	0	695bb8d2900ad6bdf17374c8	Comte	3	48.458504205782795	6.416928795775266	fr	51.20479077774915	16.075630508061195	756.331
34	0	695bb8d2900ad6bdf17374c8	Comte	4	-39.583485408364126	176.9177330689901	nz	-28.001379531400328	153.42283228277373	2512.79
34	0	695bb8d2900ad6bdf17374c8	Comte	5	-45.96086322595836	-71.70328482091885	cl	-7.632988634623943	-45.91130773180941	4924.62
35	0	695bb8d2900ad6bdf17374c8	Comte	1	41.723008511270514	-73.75525075880311	us	47.706280751252876	-90.93035292966725	1506.98
35	0	695bb8d2900ad6bdf17374c8	Comte	2	39.92023419198942	-82.74627441012856	us	38.638506855126714	-80.62433957744467	231.655
35	0	695bb8d2900ad6bdf17374c8	Comte	3	-33.08537555051355	18.03110816223442	za	-32.78449303971414	18.05362747653709	33.5226
35	0	695bb8d2900ad6bdf17374c8	Comte	4	42.79568463624098	-123.78290711063156	us	45.265025157775085	-111.25771105185149	1037.09
35	0	695bb8d2900ad6bdf17374c8	Comte	5	13.62860739280216	122.20030394566011	ph	6.366889942979541	124.73629854996577	853.821
35	0	68f2e3307b1dd2467d0fc0f5	Etterima	1	41.723008511270514	-73.75525075880311	us	41.47547512889863	-78.3632639483651	384.108
35	0	68f2e3307b1dd2467d0fc0f5	Etterima	2	39.92023419198942	-82.74627441012856	us	37.98460822029408	-83.97336039274717	239.96
35	0	68f2e3307b1dd2467d0fc0f5	Etterima	3	-33.08537555051355	18.03110816223442	za	-27.226605635605647	140.2428665043209	10950
35	0	68f2e3307b1dd2467d0fc0f5	Etterima	4	42.79568463624098	-123.78290711063156	us	36.51983063022002	-81.91858100593362	3612.88
35	0	68f2e3307b1dd2467d0fc0f5	Etterima	5	13.62860739280216	122.20030394566011	ph	11.412954068277811	122.55246589492414	249.317
35	0	5eb9c2e197d6cf4bc8c17c07	Ca_Marsh	1	41.723008511270514	-73.75525075880311	us	44.030593519383935	-74.33081066620937	260.841
35	0	5eb9c2e197d6cf4bc8c17c07	Ca_Marsh	2	39.92023419198942	-82.74627441012856	us	50.78162522507283	-99.49956349282748	1773.52
35	0	5eb9c2e197d6cf4bc8c17c07	Ca_Marsh	3	-33.08537555051355	18.03110816223442	za	-2.782038987830207	-79.79640968957828	10565.6
35	0	5eb9c2e197d6cf4bc8c17c07	Ca_Marsh	4	42.79568463624098	-123.78290711063156	us	63.91098403662863	-152.23670579659145	2961.73
35	0	5eb9c2e197d6cf4bc8c17c07	Ca_Marsh	5	13.62860739280216	122.20030394566011	ph	-32.74743413779377	-70.64006546085666	17521.9
36	0	695bb8d2900ad6bdf17374c8	Comte	1	55.168289524772895	37.351258477454316	ru	55.106774471853576	24.431467510108167	820.037
36	0	695bb8d2900ad6bdf17374c8	Comte	2	-45.609770863427	170.6683736574219	nz	-41.517865115130746	173.98401846814684	527.514
36	0	695bb8d2900ad6bdf17374c8	Comte	3	25.529446968855005	-100.37354047266012	mx	26.58618436385955	-101.78021233028103	183.168
36	0	695bb8d2900ad6bdf17374c8	Comte	4	-15.167040677167288	-54.501677378702254	br	-20.78311664558423	-49.88454303961913	792.584
36	0	695bb8d2900ad6bdf17374c8	Comte	5	57.55948410005277	25.825652178776696	lv	56.451391047994754	26.81310853083036	136.952
36	0	68f2e3307b1dd2467d0fc0f5	Etterima	1	55.168289524772895	37.351258477454316	ru	48.71123439383538	-95.72991312714338	7665.8
36	0	68f2e3307b1dd2467d0fc0f5	Etterima	2	-45.609770863427	170.6683736574219	nz	-40.13356805426194	175.65736226668173	731.838
36	0	68f2e3307b1dd2467d0fc0f5	Etterima	3	25.529446968855005	-100.37354047266012	mx	-25.760584493917023	-66.24222980560758	6778.61
36	0	68f2e3307b1dd2467d0fc0f5	Etterima	4	-15.167040677167288	-54.501677378702254	br	-15.033173670120693	-51.375648284706855	335.924
36	0	68f2e3307b1dd2467d0fc0f5	Etterima	5	57.55948410005277	25.825652178776696	lv	54.795749783458085	23.912091024510826	329.313
36	0	5eb9c2e197d6cf4bc8c17c07	Ca_Marsh	1	55.168289524772895	37.351258477454316	ru	49.957357968949935	11.296090610015831	1841.38
36	0	5eb9c2e197d6cf4bc8c17c07	Ca_Marsh	2	-45.609770863427	170.6683736574219	nz	-38.57238967189073	176.13126217673542	902.544
36	0	5eb9c2e197d6cf4bc8c17c07	Ca_Marsh	3	25.529446968855005	-100.37354047266012	mx	-36.894477405442395	-66.5409371204601	7792.42
36	0	5eb9c2e197d6cf4bc8c17c07	Ca_Marsh	4	-15.167040677167288	-54.501677378702254	br	17.633628864178007	103.58901485045108	17663.3
36	0	5eb9c2e197d6cf4bc8c17c07	Ca_Marsh	5	57.55948410005277	25.825652178776696	lv	58.637398626148375	25.53295922413452	121.086
37	0	695bb8d2900ad6bdf17374c8	Comte	1	-17.656913212114343	15.622441859347683	na	-27.093934748588865	24.75136441295457	1406.75
37	0	695bb8d2900ad6bdf17374c8	Comte	2	37.865534825195795	127.5313135151765	kr	36.534931976906094	128.0408722570129	154.686
37	0	695bb8d2900ad6bdf17374c8	Comte	3	10.082167552106172	124.93815298008239	ph	9.720778970289556	122.90170607714994	226.66
37	0	695bb8d2900ad6bdf17374c8	Comte	4	32.36905350621129	-64.67931151065409	bm	32.30571467758919	-64.8109180579905	14.2296
37	0	695bb8d2900ad6bdf17374c8	Comte	5	46.334731611534906	14.061037350200621	si	46.44471931656508	14.093275855183816	12.4775
37	0	68f2e3307b1dd2467d0fc0f5	Etterima	1	-17.656913212114343	15.622441859347683	na	-21.6641563195117	16.87517019225577	464.482
37	0	68f2e3307b1dd2467d0fc0f5	Etterima	2	37.865534825195795	127.5313135151765	kr	36.3747821183386	128.1510432551346	174.632
37	0	68f2e3307b1dd2467d0fc0f5	Etterima	3	10.082167552106172	124.93815298008239	ph	8.339377720397387	123.80554015523154	230.234
37	0	68f2e3307b1dd2467d0fc0f5	Etterima	4	32.36905350621129	-64.67931151065409	bm	32.25355496406252	-64.84748277088113	20.3645
37	0	68f2e3307b1dd2467d0fc0f5	Etterima	5	46.334731611534906	14.061037350200621	si	52.13677080848887	5.834362663898682	878.123
37	0	5eb9c2e197d6cf4bc8c17c07	Ca_Marsh	1	-17.656913212114343	15.622441859347683	na	-32.01834365771839	26.98970666092349	1963.11
37	0	5eb9c2e197d6cf4bc8c17c07	Ca_Marsh	2	37.865534825195795	127.5313135151765	kr	36.2198087733614	128.48462512736043	201.607
37	0	5eb9c2e197d6cf4bc8c17c07	Ca_Marsh	3	10.082167552106172	124.93815298008239	ph	8.363596998189221	125.11358125255106	192.064
37	0	5eb9c2e197d6cf4bc8c17c07	Ca_Marsh	4	32.36905350621129	-64.67931151065409	bm	35.17250151310099	33.43881854728359	8653.74
37	0	5eb9c2e197d6cf4bc8c17c07	Ca_Marsh	5	46.334731611534906	14.061037350200621	si	52.948012241827385	6.360924969793178	919.866
38	0	695bb8d2900ad6bdf17374c8	Comte	1	41.979953782762884	21.494563525868585	mk	42.62593559718652	25.79782512080102	361.07
38	0	695bb8d2900ad6bdf17374c8	Comte	2	7.942527163406662	125.22613062768252	ph	17.68872401856197	121.44538817640394	1158.46
38	0	695bb8d2900ad6bdf17374c8	Comte	3	30.59815086428181	35.80453080275077	jo	31.48244632340262	35.779605707682634	98.3578
38	0	695bb8d2900ad6bdf17374c8	Comte	4	4.124137594989911	100.95357717603427	my	5.655622166249382	100.57437616801238	175.399
38	0	695bb8d2900ad6bdf17374c8	Comte	5	-25.726210754605606	-51.85880143078889	br	-23.928788475155475	-52.03834100771345	200.684
38	0	68f2e3307b1dd2467d0fc0f5	Etterima	1	41.979953782762884	21.494563525868585	mk	43.457194916585976	25.68280570246245	379.48
38	0	68f2e3307b1dd2467d0fc0f5	Etterima	2	7.942527163406662	125.22613062768252	ph	15.01890614842502	120.70781160845037	928.016
38	0	68f2e3307b1dd2467d0fc0f5	Etterima	3	30.59815086428181	35.80453080275077	jo	31.79841189846821	35.90525184600742	133.806
38	0	68f2e3307b1dd2467d0fc0f5	Etterima	4	4.124137594989911	100.95357717603427	my	4.030744224397414	101.97997325324617	114.314
38	0	68f2e3307b1dd2467d0fc0f5	Etterima	5	-25.726210754605606	-51.85880143078889	br	-27.75974781468554	30.0015098199954	7965.59
38	0	5eb9c2e197d6cf4bc8c17c07	Ca_Marsh	1	41.979953782762884	21.494563525868585	mk	49.153455410621156	18.961232124514964	821.544
38	0	5eb9c2e197d6cf4bc8c17c07	Ca_Marsh	2	7.942527163406662	125.22613062768252	ph	15.030553749182625	120.79852960467076	923.915
38	0	5eb9c2e197d6cf4bc8c17c07	Ca_Marsh	3	30.59815086428181	35.80453080275077	jo	32.083534626430826	35.8446511416106	165.211
38	0	5eb9c2e197d6cf4bc8c17c07	Ca_Marsh	4	4.124137594989911	100.95357717603427	my	14.92940609050671	120.87063061403055	2489.44
38	0	5eb9c2e197d6cf4bc8c17c07	Ca_Marsh	5	-25.726210754605606	-51.85880143078889	br	-0.7030272092240668	-77.18418203073965	3887.26
39	0	68f2e3307b1dd2467d0fc0f5	Etterima	1	48.159293328941025	-81.04485302123294	ca	39.22034824765585	-85.23194487863692	1049.01
39	0	68f2e3307b1dd2467d0fc0f5	Etterima	2	-7.519636002797735	108.72959677106996	id	-8.201654253662582	114.28118909765145	616.185
39	0	68f2e3307b1dd2467d0fc0f5	Etterima	3	16.28024289299565	101.89101380923829	th	7.532157787636055	100.01197591527907	993.949
39	0	68f2e3307b1dd2467d0fc0f5	Etterima	4	32.121498422010006	-115.26782735025473	mx	28.398209579551242	-108.83484882729852	743.487
39	0	68f2e3307b1dd2467d0fc0f5	Etterima	5	-0.04924155917551406	-79.19843566532715	ec	-1.4830423773302852	-77.99254431702236	208.312
39	0	695bb8d2900ad6bdf17374c8	Comte	1	48.159293328941025	-81.04485302123294	ca	62.74153926040824	32.24956234834489	6362.3
39	0	695bb8d2900ad6bdf17374c8	Comte	2	-7.519636002797735	108.72959677106996	id	-6.88310017214925	115.32758759185003	731.299
39	0	695bb8d2900ad6bdf17374c8	Comte	3	16.28024289299565	101.89101380923829	th	21.51462657801833	104.69453803068251	652.434
39	0	695bb8d2900ad6bdf17374c8	Comte	4	32.121498422010006	-115.26782735025473	mx	36.55218501796085	-111.62755454876734	595.227
39	0	695bb8d2900ad6bdf17374c8	Comte	5	-0.04924155917551406	-79.19843566532715	ec	-0.2817780172483036	-77.3906088040828	202.676
39	0	5eb9c2e197d6cf4bc8c17c07	Ca_Marsh	1	48.159293328941025	-81.04485302123294	ca	51.30468934376015	32.870020449372866	7299.29
39	0	5eb9c2e197d6cf4bc8c17c07	Ca_Marsh	2	-7.519636002797735	108.72959677106996	id	3.344729317588708	101.79844137280654	1432.07
39	0	5eb9c2e197d6cf4bc8c17c07	Ca_Marsh	3	16.28024289299565	101.89101380923829	th	9.576347310005914	98.89162355425181	813.145
39	0	5eb9c2e197d6cf4bc8c17c07	Ca_Marsh	4	32.121498422010006	-115.26782735025473	mx	23.37554422484345	-103.02278428132244	1546.42
39	0	5eb9c2e197d6cf4bc8c17c07	Ca_Marsh	5	-0.04924155917551406	-79.19843566532715	ec	8.82609305946671	-75.49592436409293	1068.7
40	0	5eb9c2e197d6cf4bc8c17c07	Ca_Marsh	1	-35.520702576051264	174.19566224446078	nz	-39.26898142380918	175.6529742015191	436.201
40	0	5eb9c2e197d6cf4bc8c17c07	Ca_Marsh	2	34.0489280679188	130.99620507184295	jp	39.3207034753726	140.60139726907946	1036.93
40	0	5eb9c2e197d6cf4bc8c17c07	Ca_Marsh	3	-38.57592316846904	-70.6839462150275	ar	-27.966907444696176	-62.08187454340964	1423.59
40	0	5eb9c2e197d6cf4bc8c17c07	Ca_Marsh	4	64.32597306763553	-20.131016651952553	is	64.32572685353082	-20.131428322638783	0.0338063
40	0	5eb9c2e197d6cf4bc8c17c07	Ca_Marsh	5	-32.806698655319686	-54.23461171095756	uy	-34.70188963990385	-56.202855715307834	278.411
40	0	68f2e3307b1dd2467d0fc0f5	Etterima	1	-35.520702576051264	174.19566224446078	nz	-42.69801630694221	172.81801550569494	806.85
40	0	68f2e3307b1dd2467d0fc0f5	Etterima	2	34.0489280679188	130.99620507184295	jp	36.59284297430441	138.85925564678743	767.115
40	0	68f2e3307b1dd2467d0fc0f5	Etterima	3	-38.57592316846904	-70.6839462150275	ar	-28.64715874972868	28.332783340007815	8780.47
40	0	68f2e3307b1dd2467d0fc0f5	Etterima	4	64.32597306763553	-20.131016651952553	is	65.52406202301307	-19.417105951657412	137.402
40	0	68f2e3307b1dd2467d0fc0f5	Etterima	5	-32.806698655319686	-54.23461171095756	uy	-32.97654055636801	-56.460627636729804	208.696
40	0	695bb8d2900ad6bdf17374c8	Comte	1	-35.520702576051264	174.19566224446078	nz	-40.35439934500324	175.74751779860034	554.416
40	0	695bb8d2900ad6bdf17374c8	Comte	2	34.0489280679188	130.99620507184295	jp	35.47182508125757	136.82891830058304	555.718
40	0	695bb8d2900ad6bdf17374c8	Comte	3	-38.57592316846904	-70.6839462150275	ar	-29.25673567354743	-66.72098923186151	1098.55
40	0	695bb8d2900ad6bdf17374c8	Comte	4	64.32597306763553	-20.131016651952553	is	65.61285103303267	-19.85849206920452	143.667
40	0	695bb8d2900ad6bdf17374c8	Comte	5	-32.806698655319686	-54.23461171095756	uy	-24.16441429664071	26.88320346007724	7796
41	0	695bb8d2900ad6bdf17374c8	Comte	1	-28.40677466284916	-65.10085243455077	ar	18.7808435345163	-98.74213598217989	6372.3
41	0	695bb8d2900ad6bdf17374c8	Comte	2	37.57102990293501	139.38114468945736	jp	36.88766664864518	136.84751110707285	236.828
41	0	695bb8d2900ad6bdf17374c8	Comte	3	43.90376924542001	-111.77630869701072	us	43.57384968339107	-114.36129992483464	210.88
41	0	695bb8d2900ad6bdf17374c8	Comte	4	4.01132454701191	101.9356832259535	my	2.2326985887913766	103.44586383795287	259.282
41	0	695bb8d2900ad6bdf17374c8	Comte	5	24.263398475309344	-99.43595832235647	mx	20.79824442174993	-103.01133228531496	532.206
41	0	68f2e3307b1dd2467d0fc0f5	Etterima	1	-28.40677466284916	-65.10085243455077	ar	22.25099812648059	-101.72790548894501	6867.17
41	0	68f2e3307b1dd2467d0fc0f5	Etterima	2	37.57102990293501	139.38114468945736	jp	37.81386901643865	139.9079314385815	53.643
41	0	68f2e3307b1dd2467d0fc0f5	Etterima	3	43.90376924542001	-111.77630869701072	us	37.927223346107624	-97.30504786987646	1382.93
41	0	68f2e3307b1dd2467d0fc0f5	Etterima	4	4.01132454701191	101.9356832259535	my	3.465654006725732	102.05687952592773	62.1481
41	0	68f2e3307b1dd2467d0fc0f5	Etterima	5	24.263398475309344	-99.43595832235647	mx	-15.302782870338431	-69.20888037398527	5488.35
41	0	5eb9c2e197d6cf4bc8c17c07	Ca_Marsh	1	-28.40677466284916	-65.10085243455077	ar	-26.440703781054935	31.211698377450823	9207.59
41	0	5eb9c2e197d6cf4bc8c17c07	Ca_Marsh	2	37.57102990293501	139.38114468945736	jp	43.15812649318412	141.65792734037947	650.441
41	0	5eb9c2e197d6cf4bc8c17c07	Ca_Marsh	3	43.90376924542001	-111.77630869701072	us	38.358904983057336	-90.8512796280152	1851.69
41	0	5eb9c2e197d6cf4bc8c17c07	Ca_Marsh	4	4.01132454701191	101.9356832259535	my	4.871614361623492	101.94879828763294	95.6709
41	0	5eb9c2e197d6cf4bc8c17c07	Ca_Marsh	5	24.263398475309344	-99.43595832235647	mx	-6.51934790004133	-76.49730187662735	4230.81
41	0	64836c81ad20f4a5e20f1cb9	Breeze	1	-28.40677466284916	-65.10085243455077	ar	-26.955273851570897	27.97013370442979	8895.63
41	0	64836c81ad20f4a5e20f1cb9	Breeze	2	37.57102990293501	139.38114468945736	jp	-1.4498980520515103	-79.27822510793624	14383.8
41	0	64836c81ad20f4a5e20f1cb9	Breeze	3	43.90376924542001	-111.77630869701072	us	41.909375797281	-91.5915683781232	1654.64
41	0	64836c81ad20f4a5e20f1cb9	Breeze	4	4.01132454701191	101.9356832259535	my	-6.994806399366368	108.33716052659368	1415.1
41	0	64836c81ad20f4a5e20f1cb9	Breeze	5	24.263398475309344	-99.43595832235647	mx	-28.906966964886575	-66.14857564804474	6901.13
42	0	68f2e3307b1dd2467d0fc0f5	Etterima	1	47.05371616226933	21.46697290189324	hu	49.26616971464321	10.616424086046607	840.712
42	0	68f2e3307b1dd2467d0fc0f5	Etterima	2	38.225967238511274	140.44914753731487	jp	34.90902446872972	136.29976930106872	522.715
42	0	68f2e3307b1dd2467d0fc0f5	Etterima	3	49.27771076280788	5.037937001169184	fr	44.56074587578117	1.739255043797563	581.122
42	0	68f2e3307b1dd2467d0fc0f5	Etterima	4	41.13689583980138	25.751029518553498	gr	39.36112454537921	22.071141641265104	369.441
42	0	68f2e3307b1dd2467d0fc0f5	Etterima	5	-1.4971961239750768	38.05121937107425	ke	-0.06370611479422726	36.29300653566276	252.23
42	0	5eb9c2e197d6cf4bc8c17c07	Ca_Marsh	1	47.05371616226933	21.46697290189324	hu	53.81335362836915	22.311513636448773	753.999
42	0	5eb9c2e197d6cf4bc8c17c07	Ca_Marsh	2	38.225967238511274	140.44914753731487	jp	43.706892068839984	142.11589294993712	625.272
42	0	5eb9c2e197d6cf4bc8c17c07	Ca_Marsh	3	49.27771076280788	5.037937001169184	fr	46.45016598428817	0.716925291583248	450.15
42	0	5eb9c2e197d6cf4bc8c17c07	Ca_Marsh	4	41.13689583980138	25.751029518553498	gr	40.50063393189826	36.92234076116948	942.075
42	0	5eb9c2e197d6cf4bc8c17c07	Ca_Marsh	5	-1.4971961239750768	38.05121937107425	ke	0.4482821249156726	35.87288961338559	324.742
42	0	695bb8d2900ad6bdf17374c8	Comte	1	47.05371616226933	21.46697290189324	hu	54.389874967366865	23.606854603542303	829.432
42	0	695bb8d2900ad6bdf17374c8	Comte	2	38.225967238511274	140.44914753731487	jp	35.654238587818476	134.98111838706922	563.708
42	0	695bb8d2900ad6bdf17374c8	Comte	3	49.27771076280788	5.037937001169184	fr	53.14564271769738	18.56738135303792	1033.8
42	0	695bb8d2900ad6bdf17374c8	Comte	4	41.13689583980138	25.751029518553498	gr	39.56172242808548	21.617660701144004	391.565
42	0	695bb8d2900ad6bdf17374c8	Comte	5	-1.4971961239750768	38.05121937107425	ke	-1.7992547308402251	30.308485892840554	861.25
42	0	64836c81ad20f4a5e20f1cb9	Breeze	1	47.05371616226933	21.46697290189324	hu	53.0210159437879	33.096236783350356	1060.86
42	0	64836c81ad20f4a5e20f1cb9	Breeze	2	38.225967238511274	140.44914753731487	jp	34.973744798726806	135.93927008807006	541.03
42	0	64836c81ad20f4a5e20f1cb9	Breeze	3	49.27771076280788	5.037937001169184	fr	43.475369394807394	-0.6176959035611418	777.01
42	0	64836c81ad20f4a5e20f1cb9	Breeze	4	41.13689583980138	25.751029518553498	gr	40.99109063390514	-3.8079299689341206	2466.2
42	0	64836c81ad20f4a5e20f1cb9	Breeze	5	-1.4971961239750768	38.05121937107425	ke	-29.49257669398882	28.416170622460147	3275.65
43	0	695bb8d2900ad6bdf17374c8	Comte	1	9.893436269165235	-2.4602869817062625	gh	10.593173736117516	-2.5086601625235105	77.9871
43	0	695bb8d2900ad6bdf17374c8	Comte	2	53.30546027032392	-4.081721253881064	gb	51.856970874014934	-4.760841005896352	167.471
43	0	695bb8d2900ad6bdf17374c8	Comte	3	-2.0728922547634228	-79.41917547427906	ec	17.53484729837366	-92.74638517686229	2624.41
43	0	695bb8d2900ad6bdf17374c8	Comte	4	-21.36052087306415	-46.484121708107295	br	-26.88948056086798	-49.576638274974556	690.171
43	0	695bb8d2900ad6bdf17374c8	Comte	5	35.59556440612374	136.17363273064038	jp	35.81973825831711	137.828768697828	151.506
43	0	5eb9c2e197d6cf4bc8c17c07	Ca_Marsh	1	9.893436269165235	-2.4602869817062625	gh	5.886106798379783	-1.3416514179788108	462.308
43	0	5eb9c2e197d6cf4bc8c17c07	Ca_Marsh	2	53.30546027032392	-4.081721253881064	gb	51.49613087161429	-1.0605493714153091	287.161
43	0	5eb9c2e197d6cf4bc8c17c07	Ca_Marsh	3	-2.0728922547634228	-79.41917547427906	ec	17.53962239791577	-91.93895101067044	2576.64
43	0	5eb9c2e197d6cf4bc8c17c07	Ca_Marsh	4	-21.36052087306415	-46.484121708107295	br	-22.124289550124196	-50.22663585233878	395.75
43	0	5eb9c2e197d6cf4bc8c17c07	Ca_Marsh	5	35.59556440612374	136.17363273064038	jp	47.6866521264567	13.538140342294986	9143.47
43	0	68f2e3307b1dd2467d0fc0f5	Etterima	1	9.893436269165235	-2.4602869817062625	gh	7.871958372810957	-1.7788318152932425	236.916
43	0	68f2e3307b1dd2467d0fc0f5	Etterima	2	53.30546027032392	-4.081721253881064	gb	53.26144922961424	-2.070438288278682	133.792
43	0	68f2e3307b1dd2467d0fc0f5	Etterima	3	-2.0728922547634228	-79.41917547427906	ec	18.672949769410163	-90.33871879784446	2597.71
43	0	68f2e3307b1dd2467d0fc0f5	Etterima	4	-21.36052087306415	-46.484121708107295	br	-16.431140262368842	-55.57963730882431	1102.3
43	0	68f2e3307b1dd2467d0fc0f5	Etterima	5	35.59556440612374	136.17363273064038	jp	32.02233478936363	-83.70018812846303	11423.7
44	0	695bb8d2900ad6bdf17374c8	Comte	1	38.349325619970024	-78.67740096493074	us	32.55509080935036	-82.51587311588835	731.929
44	0	695bb8d2900ad6bdf17374c8	Comte	2	38.15590015786936	-4.972349494401228	es	41.78264484951294	-2.7609874253528788	445.091
44	0	695bb8d2900ad6bdf17374c8	Comte	3	6.174013053986453	-75.63966030864904	co	5.754606502793386	-72.89557121546662	307.038
44	0	695bb8d2900ad6bdf17374c8	Comte	4	56.003043791227846	23.65419574073164	lt	54.65700927652609	24.119107348708177	152.533
44	0	695bb8d2900ad6bdf17374c8	Comte	5	22.608755362584848	58.04502708015768	om	23.96699071923098	56.37335413986488	227.944
44	0	68f2e3307b1dd2467d0fc0f5	Etterima	1	38.349325619970024	-78.67740096493074	us	35.42011639624415	-88.89018418382432	964.286
44	0	68f2e3307b1dd2467d0fc0f5	Etterima	2	38.15590015786936	-4.972349494401228	es	41.103979055655046	-0.7356334104787865	488.871
44	0	68f2e3307b1dd2467d0fc0f5	Etterima	3	6.174013053986453	-75.63966030864904	co	5.442597339212233	-74.50636262025587	149.439
44	0	68f2e3307b1dd2467d0fc0f5	Etterima	4	56.003043791227846	23.65419574073164	lt	56.04677454297035	31.27611808204404	473.406
44	0	68f2e3307b1dd2467d0fc0f5	Etterima	5	22.608755362584848	58.04502708015768	om	23.602923723469072	57.29541176757844	134.529
44	0	5eb9c2e197d6cf4bc8c17c07	Ca_Marsh	1	38.349325619970024	-78.67740096493074	us	47.59629078951329	21.41572628088124	7623.91
44	0	5eb9c2e197d6cf4bc8c17c07	Ca_Marsh	2	38.15590015786936	-4.972349494401228	es	40.11032323612756	-2.7518459391730277	289.65
44	0	5eb9c2e197d6cf4bc8c17c07	Ca_Marsh	3	6.174013053986453	-75.63966030864904	co	4.547670996901133	-74.11197574566287	247.6
44	0	5eb9c2e197d6cf4bc8c17c07	Ca_Marsh	4	56.003043791227846	23.65419574073164	lt	60.09373544718081	16.57998825141532	615.947
44	0	5eb9c2e197d6cf4bc8c17c07	Ca_Marsh	5	22.608755362584848	58.04502708015768	om	25.0164296994356	55.62173823632598	363.91
45	0	695bb8d2900ad6bdf17374c8	Comte	1	34.806032996983035	32.963909435439895	cy	35.21868098089624	25.38553194767702	691.531
45	0	695bb8d2900ad6bdf17374c8	Comte	2	40.41318859592296	-87.47405609759184	us	39.85786006686427	-89.56653043574704	188.29
45	0	695bb8d2900ad6bdf17374c8	Comte	3	10.025321138924237	-84.18138562348463	cr	8.935528854611945	-79.80420897147552	495.119
45	0	695bb8d2900ad6bdf17374c8	Comte	4	-18.679534570803614	-69.61360136483727	cl	-22.537582166267395	-68.93283063847004	434.804
45	0	695bb8d2900ad6bdf17374c8	Comte	5	-17.831386387885814	-51.77894502816775	br	-18.407215167259793	-48.76226855630689	325.166
45	0	68f2e3307b1dd2467d0fc0f5	Etterima	1	34.806032996983035	32.963909435439895	cy	34.81476773610174	32.91279407144095	4.76664
45	0	68f2e3307b1dd2467d0fc0f5	Etterima	2	40.41318859592296	-87.47405609759184	us	36.67389595577041	-85.59400825765235	446.752
45	0	68f2e3307b1dd2467d0fc0f5	Etterima	3	10.025321138924237	-84.18138562348463	cr	8.459348839758087	-81.58472541375968	333.965
45	0	68f2e3307b1dd2467d0fc0f5	Etterima	4	-18.679534570803614	-69.61360136483727	cl	-44.76844294613051	-69.57299562887181	2900.96
45	0	68f2e3307b1dd2467d0fc0f5	Etterima	5	-17.831386387885814	-51.77894502816775	br	-15.594137536930804	-51.78613764388586	248.772
45	0	5eb9c2e197d6cf4bc8c17c07	Ca_Marsh	1	34.806032996983035	32.963909435439895	cy	38.21572641250699	37.22252161033569	537.093
45	0	5eb9c2e197d6cf4bc8c17c07	Ca_Marsh	2	40.41318859592296	-87.47405609759184	us	20.402282781288736	-89.45825485511345	2233.06
45	0	5eb9c2e197d6cf4bc8c17c07	Ca_Marsh	3	10.025321138924237	-84.18138562348463	cr	9.917837692426566	-83.79967533367832	43.478
45	0	5eb9c2e197d6cf4bc8c17c07	Ca_Marsh	4	-18.679534570803614	-69.61360136483727	cl	-40.86425571482073	-68.03589544791217	2471.41
45	0	5eb9c2e197d6cf4bc8c17c07	Ca_Marsh	5	-17.831386387885814	-51.77894502816775	br	-26.483312525388243	29.269889504578334	8271.52
46	0	5eb9c2e197d6cf4bc8c17c07	Ca_Marsh	1	7.25293864044887	80.8017643338614	lk	8.017320156199531	80.68907988656915	85.8978
46	0	5eb9c2e197d6cf4bc8c17c07	Ca_Marsh	2	60.49200605259039	-149.37096391195212	us	48.52698850965875	-121.77331456848297	2196.39
46	0	5eb9c2e197d6cf4bc8c17c07	Ca_Marsh	3	-26.104156302391928	-53.3325034542102	br	-11.825899857399447	-48.581865377298854	1663.88
46	0	5eb9c2e197d6cf4bc8c17c07	Ca_Marsh	4	46.34091838346601	14.848385351434695	si	55.02994570004976	25.54501448681415	1222.47
46	0	5eb9c2e197d6cf4bc8c17c07	Ca_Marsh	5	41.4266590690769	74.91848124761592	kg	41.40574638372847	74.9102791830925	2.42388
46	0	695bb8d2900ad6bdf17374c8	Comte	1	7.25293864044887	80.8017643338614	lk	7.1361832459245695	80.78671228022607	13.0884
46	0	695bb8d2900ad6bdf17374c8	Comte	2	60.49200605259039	-149.37096391195212	us	48.316816401924534	-115.84364145966416	2516.31
46	0	695bb8d2900ad6bdf17374c8	Comte	3	-26.104156302391928	-53.3325034542102	br	-41.20449426860636	145.4535259592698	12284.1
46	0	695bb8d2900ad6bdf17374c8	Comte	4	46.34091838346601	14.848385351434695	si	-44.967528065105775	-72.17745243577845	13240.4
46	0	695bb8d2900ad6bdf17374c8	Comte	5	41.4266590690769	74.91848124761592	kg	42.60116127240935	71.38376793301495	319.861
46	0	68f2e3307b1dd2467d0fc0f5	Etterima	1	7.25293864044887	80.8017643338614	lk	11.13159363120022	122.4526187948889	4588.54
46	0	68f2e3307b1dd2467d0fc0f5	Etterima	2	60.49200605259039	-149.37096391195212	us	60.87148999990033	7.289191727186677	6372.65
46	0	68f2e3307b1dd2467d0fc0f5	Etterima	3	-26.104156302391928	-53.3325034542102	br	-35.06879238817294	147.359592037715	12873
46	0	68f2e3307b1dd2467d0fc0f5	Etterima	4	46.34091838346601	14.848385351434695	si	38.511093025215175	-82.562282962285	7518.65
46	0	68f2e3307b1dd2467d0fc0f5	Etterima	5	41.4266590690769	74.91848124761592	kg	41.54655272058185	75.09559950194644	19.8845
47	0	695bb8d2900ad6bdf17374c8	Comte	1	10.069509266790938	105.5452936222275	vn	10.19965981520936	106.03297740934362	55.3088
47	0	695bb8d2900ad6bdf17374c8	Comte	2	52.0162693352345	-111.17731131459628	ca	37.887874219600306	-85.15724209734442	2557.24
47	0	695bb8d2900ad6bdf17374c8	Comte	3	-23.13937717743108	21.100460809951958	bw	-20.0201023248776	23.347869326529793	417.475
47	0	695bb8d2900ad6bdf17374c8	Comte	4	-35.13855553356039	-71.04576842832557	cl	-34.76160085407951	-70.79904757639953	47.5661
47	0	695bb8d2900ad6bdf17374c8	Comte	5	39.651794030254564	-88.59345764703971	us	43.76801784985377	-93.6174426959986	618.96
47	0	68f2e3307b1dd2467d0fc0f5	Etterima	1	10.069509266790938	105.5452936222275	vn	14.95987109817975	108.83046647242384	650.219
47	0	68f2e3307b1dd2467d0fc0f5	Etterima	2	52.0162693352345	-111.17731131459628	ca	38.1892589991635	-91.67964656685707	2156.02
47	0	68f2e3307b1dd2467d0fc0f5	Etterima	3	-23.13937717743108	21.100460809951958	bw	-26.901435379913828	-69.6682178452641	8939.87
47	0	68f2e3307b1dd2467d0fc0f5	Etterima	4	-35.13855553356039	-71.04576842832557	cl	-25.29425469151174	-68.83547031908279	1114.95
47	0	68f2e3307b1dd2467d0fc0f5	Etterima	5	39.651794030254564	-88.59345764703971	us	42.07657487773821	-94.01990262788549	529.868
47	0	64836c81ad20f4a5e20f1cb9	Breeze	1	10.069509266790938	105.5452936222275	vn	10.285932674313537	105.49064064813585	24.7974
47	0	64836c81ad20f4a5e20f1cb9	Breeze	2	52.0162693352345	-111.17731131459628	ca	37.460803179655905	-96.75202924682169	1971.46
47	0	64836c81ad20f4a5e20f1cb9	Breeze	3	-23.13937717743108	21.100460809951958	bw	-21.48037176982456	141.3733878865222	11865.2
47	0	64836c81ad20f4a5e20f1cb9	Breeze	4	-35.13855553356039	-71.04576842832557	cl	-24.366587787519475	-59.84765101960706	1611.08
47	0	64836c81ad20f4a5e20f1cb9	Breeze	5	39.651794030254564	-88.59345764703971	us	36.53296503620472	-100.2245577639873	1074.35
47	0	5eb9c2e197d6cf4bc8c17c07	Ca_Marsh	1	10.069509266790938	105.5452936222275	vn	15.537243249746291	120.59475772647039	1740.51
47	0	5eb9c2e197d6cf4bc8c17c07	Ca_Marsh	2	52.0162693352345	-111.17731131459628	ca	-35.36291327985608	145.99182042049554	13853.2
47	0	5eb9c2e197d6cf4bc8c17c07	Ca_Marsh	3	-23.13937717743108	21.100460809951958	bw	-24.511401003960433	25.879712373693547	509.478
47	0	5eb9c2e197d6cf4bc8c17c07	Ca_Marsh	4	-35.13855553356039	-71.04576842832557	cl	-26.619598665356655	31.24129739687012	9354.61
47	0	5eb9c2e197d6cf4bc8c17c07	Ca_Marsh	5	39.651794030254564	-88.59345764703971	us	-36.611202217676	-61.25021966103868	8929.44
48	0	68f2e3307b1dd2467d0fc0f5	Etterima	1	52.667972297731765	15.1630118897742	pl	47.28382679571695	21.035067817153163	730.742
48	0	68f2e3307b1dd2467d0fc0f5	Etterima	2	20.819413786888543	106.67338043712141	vn	20.103927074040886	75.8620499932466	3206.01
48	0	68f2e3307b1dd2467d0fc0f5	Etterima	3	25.486615398688734	51.30415655232045	qa	25.348434616756695	51.328653241216564	15.5607
48	0	68f2e3307b1dd2467d0fc0f5	Etterima	4	45.91294586578773	10.730943048043942	it	45.92973489672906	11.41687692142832	53.0912
48	0	68f2e3307b1dd2467d0fc0f5	Etterima	5	22.071555236226768	120.71081573671808	tw	23.954896394287406	120.65787963234928	209.488
48	0	5eb9c2e197d6cf4bc8c17c07	Ca_Marsh	1	52.667972297731765	15.1630118897742	pl	56.645746926994704	25.459741918163942	795.166
48	0	5eb9c2e197d6cf4bc8c17c07	Ca_Marsh	2	20.819413786888543	106.67338043712141	vn	10.961734362651455	106.8422765070759	1096.27
48	0	5eb9c2e197d6cf4bc8c17c07	Ca_Marsh	3	25.486615398688734	51.30415655232045	qa	23.08119202914211	58.19060643409234	747.335
48	0	5eb9c2e197d6cf4bc8c17c07	Ca_Marsh	4	45.91294586578773	10.730943048043942	it	45.25724263732201	7.544522679196666	258.442
48	0	5eb9c2e197d6cf4bc8c17c07	Ca_Marsh	5	22.071555236226768	120.71081573671808	tw	23.06876712254097	120.3260650757885	117.712
48	0	695bb8d2900ad6bdf17374c8	Comte	1	52.667972297731765	15.1630118897742	pl	52.22002727329083	19.92576709789956	326.565
48	0	695bb8d2900ad6bdf17374c8	Comte	2	20.819413786888543	106.67338043712141	vn	2.8622396666907846	101.94175863463444	2061.48
48	0	695bb8d2900ad6bdf17374c8	Comte	3	25.486615398688734	51.30415655232045	qa	51.2124473907075	71.73053482376956	3344.76
48	0	695bb8d2900ad6bdf17374c8	Comte	4	45.91294586578773	10.730943048043942	it	46.34364081030703	11.357368937368557	67.9994
48	0	695bb8d2900ad6bdf17374c8	Comte	5	22.071555236226768	120.71081573671808	tw	23.97176032918517	120.96614580931556	212.903
49	0	695bb8d2900ad6bdf17374c8	Comte	1	52.1267021363283	-106.6648374279373	ca	52.1268144318413	-106.66480010432316	0.012744
49	0	695bb8d2900ad6bdf17374c8	Comte	2	43.25072929532294	-2.925780057206344	es	45.18978948125085	5.69420827301077	719.545
49	0	695bb8d2900ad6bdf17374c8	Comte	3	43.13802597295862	-2.073753994549032	es	43.316548230319604	-1.9707119553461339	21.5349
49	0	695bb8d2900ad6bdf17374c8	Comte	4	-34.8021191367931	20.052243675165	za	-33.89516067142635	18.48206834083041	175.921
49	0	695bb8d2900ad6bdf17374c8	Comte	5	51.45386499477367	-2.593367210487026	gb	51.45357568209191	-2.5932674335542427	0.0329046
49	0	5eb9c2e197d6cf4bc8c17c07	Ca_Marsh	1	52.1267021363283	-106.6648374279373	ca	52.12655244230533	-106.6667281394971	0.130138
49	0	5eb9c2e197d6cf4bc8c17c07	Ca_Marsh	2	43.25072929532294	-2.925780057206344	es	40.463693811750225	-3.767327456450733	317.64
49	0	5eb9c2e197d6cf4bc8c17c07	Ca_Marsh	3	43.13802597295862	-2.073753994549032	es	44.688904536305216	28.034688922290858	2404.19
49	0	5eb9c2e197d6cf4bc8c17c07	Ca_Marsh	4	-34.8021191367931	20.052243675165	za	31.60949949058664	-97.10237647462951	14254.3
49	0	5eb9c2e197d6cf4bc8c17c07	Ca_Marsh	5	51.45386499477367	-2.593367210487026	gb	51.450761533929445	-2.5890923083996986	0.454789
49	0	68f2e3307b1dd2467d0fc0f5	Etterima	1	52.1267021363283	-106.6648374279373	ca	46.824192402620795	-71.02145432237837	2613.64
49	0	68f2e3307b1dd2467d0fc0f5	Etterima	2	43.25072929532294	-2.925780057206344	es	51.30991426744569	12.241886681638888	1448.57
49	0	68f2e3307b1dd2467d0fc0f5	Etterima	3	43.13802597295862	-2.073753994549032	es	43.23739713988048	-2.4035321797660103	28.9297
49	0	68f2e3307b1dd2467d0fc0f5	Etterima	4	-34.8021191367931	20.052243675165	za	-22.595546157281	150.393993636247	11759
49	0	68f2e3307b1dd2467d0fc0f5	Etterima	5	51.45386499477367	-2.593367210487026	gb	51.50099106598949	-0.12315779531534066	171.146
50	0	695bb8d2900ad6bdf17374c8	Comte	1	41.06651846981128	-116.42780714084164	us	35.96511389340737	-117.33908638080973	672,884
50	0	695bb8d2900ad6bdf17374c8	Comte	2	56.05224270006109	14.062373554960962	se	58.059577299074206	13.723115528259253	230,482
50	0	695bb8d2900ad6bdf17374c8	Comte	3	46.770273731997776	10.111831816991916	ch	47.01327637051585	9.501563677579185	134,99
50	0	695bb8d2900ad6bdf17374c8	Comte	4	-41.47870253372327	173.7398145794718	nz	-42.51707540580493	172.82273460700293	138,922
50	0	695bb8d2900ad6bdf17374c8	Comte	5	65.23434467223598	27.947410690030758	fi	67.73903308109801	29.149333686349504	240,052
50	0	68f2e3307b1dd2467d0fc0f5	Etterima	1	41.06651846981128	-116.42780714084164	us	28.022264537488763	-106.11818287989757	1708,78
50	0	68f2e3307b1dd2467d0fc0f5	Etterima	2	56.05224270006109	14.062373554960962	se	61.498604731440196	24.052619909118214	802,566
50	0	68f2e3307b1dd2467d0fc0f5	Etterima	3	46.770273731997776	10.111831816991916	ch	46.33333202176389	9.526588388800619	77,242
50	0	68f2e3307b1dd2467d0fc0f5	Etterima	4	-41.47870253372327	173.7398145794718	nz	-39.07613605922241	175.81994265564884	280,124
50	0	68f2e3307b1dd2467d0fc0f5	Etterima	5	65.23434467223598	27.947410690030758	fi	58.738980037379044	32.92478587010242	821,715
50	0	5eb9c2e197d6cf4bc8c17c07	Ca_Marsh	1	41.06651846981128	-116.42780714084164	us	28.465744991932162	-104.7001661888395	1812,41
50	0	5eb9c2e197d6cf4bc8c17c07	Ca_Marsh	2	56.05224270006109	14.062373554960962	se	53.40814720519304	11.469148928769153	385,667
50	0	5eb9c2e197d6cf4bc8c17c07	Ca_Marsh	3	46.770273731997776	10.111831816991916	ch	46.70697890181651	8.229031215427435	154,481
50	0	5eb9c2e197d6cf4bc8c17c07	Ca_Marsh	4	-41.47870253372327	173.7398145794718	nz	-39.05396567506556	175.37559413411853	280,124
50	0	5eb9c2e197d6cf4bc8c17c07	Ca_Marsh	5	65.23434467223598	27.947410690030758	fi	62.102544686161536	-146.03071252885698	5881,53
51	0	695bb8d2900ad6bdf17374c8	Comte	1	39.83013169313744	-6.871537327319995	es	39.548738943451475	-6.379516420527764	52.454395
51	0	695bb8d2900ad6bdf17374c8	Comte	2	17.76310549409146	-64.74565896086263	vi	18.329498371031594	-64.89359663327893	64.893072
51	0	695bb8d2900ad6bdf17374c8	Comte	3	-31.784139110712786	-57.87742414872133	uy	-33.05489463459162	-58.032116375969345	142.045585
51	0	695bb8d2900ad6bdf17374c8	Comte	4	45.453369453683955	22.86490101766238	ro	41.8028337089103	27.72794491011958	563.681394
51	0	695bb8d2900ad6bdf17374c8	Comte	5	-1.7623975664102454	37.77885066289542	ke	-22.111467356882088	-60.53017739543418	10788.312785
51	0	68f2e3307b1dd2467d0fc0f5	Etterima	1	39.83013169313744	-6.871537327319995	es	40.39044665267411	-3.3062385019720675	309.513562
51	0	68f2e3307b1dd2467d0fc0f5	Etterima	2	17.76310549409146	-64.74565896086263	vi	17.738255393521683	-64.75549058953712	2.952856
51	0	68f2e3307b1dd2467d0fc0f5	Etterima	3	-31.784139110712786	-57.87742414872133	uy	-32.436540769890364	-56.32302532604306	163.386002
51	0	68f2e3307b1dd2467d0fc0f5	Etterima	4	45.453369453683955	22.86490101766238	ro	50.66497717827036	20.783756953442868	599.723326
51	0	68f2e3307b1dd2467d0fc0f5	Etterima	5	-1.7623975664102454	37.77885066289542	ke	-23.747758135764638	-56.41381747071974	10354.955155
51	0	5eb9c2e197d6cf4bc8c17c07	Ca_Marsh	1	39.83013169313744	-6.871537327319995	es	41.55306969827822	-1.9074118596987089	460.199506
51	0	5eb9c2e197d6cf4bc8c17c07	Ca_Marsh	2	17.76310549409146	-64.74565896086263	vi	17.745937304773655	-64.80348140776641	6.414013
51	0	5eb9c2e197d6cf4bc8c17c07	Ca_Marsh	3	-31.784139110712786	-57.87742414872133	uy	-33.604822785908624	-56.32830196400247	248.990496
51	0	5eb9c2e197d6cf4bc8c17c07	Ca_Marsh	4	45.453369453683955	22.86490101766238	ro	39.623087641018245	-83.38480633509653	8044.268432
51	0	5eb9c2e197d6cf4bc8c17c07	Ca_Marsh	5	-1.7623975664102454	37.77885066289542	ke	10.241900353129028	-84.48134689095185	13569.993000
1	1	5eb9c2e197d6cf4bc8c17c07	Ca_Marsh	1	47.07379215007559	12.753870481629944	at	46.33502333200577	9.664973657639514	249.431586
1	1	5eb9c2e197d6cf4bc8c17c07	Ca_Marsh	2	69.27629860557542	17.028473433284255	no	65.07040817575219	12.376159899083436	508.577962
1	1	5eb9c2e197d6cf4bc8c17c07	Ca_Marsh	3	46.422477847065174	12.388058220423748	it	46.44945182897103	12.735582841394963	26.799728
1	1	5eb9c2e197d6cf4bc8c17c07	Ca_Marsh	4	-33.968438531903466	23.931502780173386	za	-17.923199779467208	46.93515423702883	2898.316652
1	1	5eb9c2e197d6cf4bc8c17c07	Ca_Marsh	5	20.018978121223952	-97.52137768046482	mx	21.01473411146093	-104.25993994186115	710.385156
1	1	68f2e3307b1dd2467d0fc0f5	Etterima	1	47.07379215007559	12.753870481629944	at	63.95596418809992	-17.417235142275086	2623.694603
1	1	68f2e3307b1dd2467d0fc0f5	Etterima	2	69.27629860557542	17.028473433284255	no	59.262141156834645	6.181223632693489	1226.277197
1	1	68f2e3307b1dd2467d0fc0f5	Etterima	3	46.422477847065174	12.388058220423748	it	47.82027842128458	11.318081513999916	175.243913
1	1	68f2e3307b1dd2467d0fc0f5	Etterima	4	-33.968438531903466	23.931502780173386	za	-29.842207306855755	29.768629332711516	716.768160
1	1	68f2e3307b1dd2467d0fc0f5	Etterima	5	20.018978121223952	-97.52137768046482	mx	16.773883746670055	-93.28053581153344	574.756753
1	1	695bb8d2900ad6bdf17374c8	Comte	1	47.07379215007559	12.753870481629944	at	46.55595423883796	8.564067876577187	323.947869
1	1	695bb8d2900ad6bdf17374c8	Comte	2	69.27629860557542	17.028473433284255	no	61.908462835472676	5.07521853535061	982.590694
1	1	695bb8d2900ad6bdf17374c8	Comte	3	46.422477847065174	12.388058220423748	it	46.7742635755816	10.531145760624415	147.163275
1	1	695bb8d2900ad6bdf17374c8	Comte	4	-33.968438531903466	23.931502780173386	za	3.7281682041240733	-53.28610414814969	9069.063880
1	1	695bb8d2900ad6bdf17374c8	Comte	5	20.018978121223952	-97.52137768046482	mx	14.909289198867135	-92.27245233439855	795.301003
1	1	64836c81ad20f4a5e20f1cb9	Breeze	1	47.07379215007559	12.753870481629944	at	64.73160341860165	-17.379721231151006	2667.869562
1	1	64836c81ad20f4a5e20f1cb9	Breeze	2	69.27629860557542	17.028473433284255	no	63.39321782157877	9.68362981974836	730.555052
1	1	64836c81ad20f4a5e20f1cb9	Breeze	3	46.422477847065174	12.388058220423748	it	46.50049601138882	10.396048821462314	152.821768
1	1	64836c81ad20f4a5e20f1cb9	Breeze	4	-33.968438531903466	23.931502780173386	za	-30.227826970671114	-58.48603776902616	7552.745141
1	1	64836c81ad20f4a5e20f1cb9	Breeze	5	20.018978121223952	-97.52137768046482	mx	-21.124988909472883	-50.43300952292213	6865.985910
2	1	5eb9c2e197d6cf4bc8c17c07	Ca_Marsh	1	4.92438439642497	6.816516857923382	ng	7.389891010126338	5.074476503253043	335.027845
2	1	5eb9c2e197d6cf4bc8c17c07	Ca_Marsh	2	-45.18962911062427	170.8957820110822	nz	-41.104881382773314	174.84040774314636	555.459766
2	1	5eb9c2e197d6cf4bc8c17c07	Ca_Marsh	3	47.43230018110013	12.21514534691402	at	47.716902200292864	13.484359764502315	100.330771
2	1	5eb9c2e197d6cf4bc8c17c07	Ca_Marsh	4	60.10055278944409	14.15721733498931	se	59.197667484231985	27.34628357173966	746.530500
2	1	5eb9c2e197d6cf4bc8c17c07	Ca_Marsh	5	48.235208620535666	7.170357603887388	fr	47.1723274659417	5.661088532468872	163.466375
2	1	68f2e3307b1dd2467d0fc0f5	Etterima	1	4.92438439642497	6.816516857923382	ng	7.60253489631656	5.456294878214578	333.590807
2	1	68f2e3307b1dd2467d0fc0f5	Etterima	2	-45.18962911062427	170.8957820110822	nz	-40.37164068935436	175.76047676840238	666.530312
2	1	68f2e3307b1dd2467d0fc0f5	Etterima	3	47.43230018110013	12.21514534691402	at	47.38266808400809	10.326188970318055	142.256016
2	1	68f2e3307b1dd2467d0fc0f5	Etterima	4	60.10055278944409	14.15721733498931	se	54.401721675135036	24.97096265474699	906.031068
2	1	68f2e3307b1dd2467d0fc0f5	Etterima	5	48.235208620535666	7.170357603887388	fr	47.940892375396324	5.998524454622136	92.988021
2	1	695bb8d2900ad6bdf17374c8	Comte	1	4.92438439642497	6.816516857923382	ng	6.378335284524081	8.02813560844351	210.028246
2	1	695bb8d2900ad6bdf17374c8	Comte	2	-45.18962911062427	170.8957820110822	nz	-36.782682722211824	175.02560723967233	996.647600
2	1	695bb8d2900ad6bdf17374c8	Comte	3	47.43230018110013	12.21514534691402	at	47.33135035979793	11.190437427744273	77.963144
2	1	695bb8d2900ad6bdf17374c8	Comte	4	60.10055278944409	14.15721733498931	se	66.94632858133755	18.66303014802328	792.808807
2	1	695bb8d2900ad6bdf17374c8	Comte	5	48.235208620535666	7.170357603887388	fr	47.2994777381267	6.135533685111447	129.642226
3	1	5eb9c2e197d6cf4bc8c17c07	Ca_Marsh	1	53.3117416206821	83.73381676127056	ru	55.369439560755545	86.12426452142415	276.302926
3	1	5eb9c2e197d6cf4bc8c17c07	Ca_Marsh	2	-27.95615718539285	153.3997386869627	au	-27.487123890550137	153.07092243539063	61.380750
3	1	5eb9c2e197d6cf4bc8c17c07	Ca_Marsh	3	49.37263576033629	29.67381592418749	ua	49.042044673202284	33.42438846425399	274.904179
3	1	5eb9c2e197d6cf4bc8c17c07	Ca_Marsh	4	17.71655987343528	-64.79797742602283	vi	17.76256489384595	-64.7426967156584	7.774676
3	1	5eb9c2e197d6cf4bc8c17c07	Ca_Marsh	5	49.71170963710773	15.51983855460441	cz	45.45932402342923	17.433568454711402	494.102540
3	1	68f2e3307b1dd2467d0fc0f5	Etterima	1	53.3117416206821	83.73381676127056	ru	47.430352645044906	43.69454676881606	2873.502012
3	1	68f2e3307b1dd2467d0fc0f5	Etterima	2	-27.95615718539285	153.3997386869627	au	-32.73172168057582	148.98905760517954	678.892775
3	1	68f2e3307b1dd2467d0fc0f5	Etterima	3	49.37263576033629	29.67381592418749	ua	49.755911419256435	30.172250967173262	55.753949
3	1	68f2e3307b1dd2467d0fc0f5	Etterima	4	17.71655987343528	-64.79797742602283	vi	17.731004432170874	-64.74865273928178	5.465651
3	1	68f2e3307b1dd2467d0fc0f5	Etterima	5	49.71170963710773	15.51983855460441	cz	49.16801592477829	16.341047496286002	84.736952
3	1	695bb8d2900ad6bdf17374c8	Comte	1	53.3117416206821	83.73381676127056	ru	49.335178259594024	44.00133124069228	2759.221940
3	1	695bb8d2900ad6bdf17374c8	Comte	2	-27.95615718539285	153.3997386869627	au	-37.83505475302482	144.75270231955875	1361.781817
3	1	695bb8d2900ad6bdf17374c8	Comte	3	49.37263576033629	29.67381592418749	ua	49.75914256304662	31.465549489171902	136.172018
3	1	695bb8d2900ad6bdf17374c8	Comte	4	17.71655987343528	-64.79797742602283	vi	17.724582614556958	-64.78022647484684	2.081065
3	1	695bb8d2900ad6bdf17374c8	Comte	5	49.71170963710773	15.51983855460441	cz	50.22017513985936	15.028911417269306	66.554950
3	1	64836c81ad20f4a5e20f1cb9	Breeze	1	53.3117416206821	83.73381676127056	ru	56.088563504034376	65.59712446129335	1201.666573
3	1	64836c81ad20f4a5e20f1cb9	Breeze	2	-27.95615718539285	153.3997386869627	au	-37.793555878373695	144.9824259305203	1345.626083
3	1	64836c81ad20f4a5e20f1cb9	Breeze	3	49.37263576033629	29.67381592418749	ua	49.42915835016944	32.04572178359735	171.742533
3	1	64836c81ad20f4a5e20f1cb9	Breeze	4	17.71655987343528	-64.79797742602283	vi	39.00690818145586	-95.51429740744801	3793.510848
3	1	64836c81ad20f4a5e20f1cb9	Breeze	5	49.71170963710773	15.51983855460441	cz	44.56045049190807	18.019386969459735	603.099492
4	1	695bb8d2900ad6bdf17374c8	Comte	1	52.56308232187215	6.257279288753734	nl	52.3818785737487	6.221276392021737	20.295971
4	1	695bb8d2900ad6bdf17374c8	Comte	2	43.17139454839725	21.34582943338318	rs	44.43703114783666	21.211474722803974	141.144727
4	1	695bb8d2900ad6bdf17374c8	Comte	3	6.185040186638115	-73.17857191693415	co	6.10961276969228	-72.31830580063168	95.476264
4	1	695bb8d2900ad6bdf17374c8	Comte	4	-29.14626366936304	-59.26332574476453	ar	-29.179273076468746	-58.078523582541706	115.102027
4	1	695bb8d2900ad6bdf17374c8	Comte	5	15.31888314312713	-89.88595246774354	gt	14.638750290067948	-89.99037254716755	76.454556
4	1	5eb9c2e197d6cf4bc8c17c07	Ca_Marsh	1	52.56308232187215	6.257279288753734	nl	52.41766433549455	6.0585726825590935	21.034734
4	1	5eb9c2e197d6cf4bc8c17c07	Ca_Marsh	2	43.17139454839725	21.34582943338318	rs	45.769231594816354	14.689304267571165	601.743594
4	1	5eb9c2e197d6cf4bc8c17c07	Ca_Marsh	3	6.185040186638115	-73.17857191693415	co	3.1172213236193786	-76.4605680246847	498.638992
4	1	5eb9c2e197d6cf4bc8c17c07	Ca_Marsh	4	-29.14626366936304	-59.26332574476453	ar	-33.39050862313805	-70.63323021063144	1178.276093
4	1	5eb9c2e197d6cf4bc8c17c07	Ca_Marsh	5	15.31888314312713	-89.88595246774354	gt	15.012831049992753	-90.96937035924974	121.152476
4	1	68f2e3307b1dd2467d0fc0f5	Etterima	1	52.56308232187215	6.257279288753734	nl	0	0	5873.755370
4	1	68f2e3307b1dd2467d0fc0f5	Etterima	2	43.17139454839725	21.34582943338318	rs	0	0	5249.801967
4	1	68f2e3307b1dd2467d0fc0f5	Etterima	3	6.185040186638115	-73.17857191693415	co	5.600796084484375	-74.7195874167407	182.407654
4	1	68f2e3307b1dd2467d0fc0f5	Etterima	4	-29.14626366936304	-59.26332574476453	ar	-32.453302287666915	-62.833866958894696	501.445292
4	1	68f2e3307b1dd2467d0fc0f5	Etterima	5	15.31888314312713	-89.88595246774354	gt	15.325421265633068	-89.8484486306085	4.087184
5	1	695bb8d2900ad6bdf17374c8	Comte	1	48.94593287825152	18.45524904020212	sk	49.115290901764446	19.040922065202345	46.667011
5	1	695bb8d2900ad6bdf17374c8	Comte	2	0.6941185338178049	35.22278576485173	ke	0.35559919343396235	35.70356419061787	65.380647
5	1	695bb8d2900ad6bdf17374c8	Comte	3	10.84309723006604	4.745828865718162	ng	10.327190626613206	9.840373516349405	559.786499
5	1	695bb8d2900ad6bdf17374c8	Comte	4	27.68481580226365	83.1776976344306	np	27.657539285669788	83.07627564316498	10.438127
5	1	695bb8d2900ad6bdf17374c8	Comte	5	56.33916380890109	28.0900242219274	lv	56.33895330003105	28.08936458775379	0.046912
5	1	5eb9c2e197d6cf4bc8c17c07	Ca_Marsh	1	48.94593287825152	18.45524904020212	sk	49.18392243281801	19.166180214567568	58.163527
5	1	5eb9c2e197d6cf4bc8c17c07	Ca_Marsh	2	0.6941185338178049	35.22278576485173	ke	-0.579694678582385	36.22414860911855	180.166163
5	1	5eb9c2e197d6cf4bc8c17c07	Ca_Marsh	3	10.84309723006604	4.745828865718162	ng	8.938291767822479	7.051004262363132	329.572382
5	1	5eb9c2e197d6cf4bc8c17c07	Ca_Marsh	4	27.68481580226365	83.1776976344306	np	21.86396387175538	84.04883480953804	653.189074
5	1	5eb9c2e197d6cf4bc8c17c07	Ca_Marsh	5	56.33916380890109	28.0900242219274	lv	56.1393361880224	32.77781605636482	290.471236
5	1	68f2e3307b1dd2467d0fc0f5	Etterima	1	48.94593287825152	18.45524904020212	sk	49.10247764991182	18.92782832824517	38.605139
5	1	68f2e3307b1dd2467d0fc0f5	Etterima	2	0.6941185338178049	35.22278576485173	ke	-1.0743914137832238	37.67710126190321	336.366902
5	1	68f2e3307b1dd2467d0fc0f5	Etterima	3	10.84309723006604	4.745828865718162	ng	10.524747129568494	7.375766392142542	289.537109
5	1	68f2e3307b1dd2467d0fc0f5	Etterima	4	27.68481580226365	83.1776976344306	np	23.58318950810899	80.49608496970451	529.363547
5	1	68f2e3307b1dd2467d0fc0f5	Etterima	5	56.33916380890109	28.0900242219274	lv	56.003658154055884	71.51459654574016	2643.398404
6	1	695bb8d2900ad6bdf17374c8	Comte	1	7.365191718017973	4.109772930881942	ng	-2.5858182064713637	29.767301930861798	3054.321245
6	1	695bb8d2900ad6bdf17374c8	Comte	2	53.33140180602684	157.4756533010476	ru	55.24623958084295	159.65169963715135	255.476339
6	1	695bb8d2900ad6bdf17374c8	Comte	3	-37.77641489901397	145.17412208288044	au	-37.83752317933871	145.3051078342259	13.363877
6	1	695bb8d2900ad6bdf17374c8	Comte	4	60.05593429637408	17.7531059946634	se	59.04652761948076	14.523691233774597	213.773320
6	1	695bb8d2900ad6bdf17374c8	Comte	5	45.526928455413426	17.870784391031034	hr	49.005776917699606	21.325668058851615	466.360650
6	1	5eb9c2e197d6cf4bc8c17c07	Ca_Marsh	1	7.365191718017973	4.109772930881942	ng	6.565188018356906	5.503308642620022	177.680884
6	1	5eb9c2e197d6cf4bc8c17c07	Ca_Marsh	2	53.33140180602684	157.4756533010476	ru	52.72981183399751	95.6826759547587	4000.631902
6	1	5eb9c2e197d6cf4bc8c17c07	Ca_Marsh	3	-37.77641489901397	145.17412208288044	au	-37.79324067317174	145.28770220259636	10.155172
6	1	5eb9c2e197d6cf4bc8c17c07	Ca_Marsh	4	60.05593429637408	17.7531059946634	se	58.120510148152526	12.84199526731891	353.426312
6	1	5eb9c2e197d6cf4bc8c17c07	Ca_Marsh	5	45.526928455413426	17.870784391031034	hr	46.74056326628546	22.34697020348522	370.307347
6	1	68f2e3307b1dd2467d0fc0f5	Etterima	1	7.365191718017973	4.109772930881942	ng	7.1854752289089285	5.601114189508092	165.703755
6	1	68f2e3307b1dd2467d0fc0f5	Etterima	2	53.33140180602684	157.4756533010476	ru	68.03976710924118	32.9569045654925	5768.454469
6	1	68f2e3307b1dd2467d0fc0f5	Etterima	3	-37.77641489901397	145.17412208288044	au	-29.74777255347936	151.7287176982342	1078.239772
6	1	68f2e3307b1dd2467d0fc0f5	Etterima	4	60.05593429637408	17.7531059946634	se	59.27360750721208	15.135127901789751	170.815116
6	1	68f2e3307b1dd2467d0fc0f5	Etterima	5	45.526928455413426	17.870784391031034	hr	54.19371090524322	35.340123622658496	1572.931251
7	1	68f2e3307b1dd2467d0fc0f5	Etterima	1	2.485103288093474	101.84614237756062		0.7397945876728614	100.23799415991182	263.838992
7	1	68f2e3307b1dd2467d0fc0f5	Etterima	2	37.31056907654055	138.7957230494256	jp	36.0719504648302	139.5319988057464	152.572427
7	1	68f2e3307b1dd2467d0fc0f5	Etterima	3	25.66186995793915	51.39849519054016	qa	25.375354132698057	51.22761821973295	36.180422
7	1	68f2e3307b1dd2467d0fc0f5	Etterima	4	50.26745005673581	28.620825177210666	ua	49.88810819754051	28.576786612092977	42.297789
7	1	68f2e3307b1dd2467d0fc0f5	Etterima	5	-14.111331517509576	-75.6825093486964	pe	-14.695725815510498	-71.97495136593706	404.549993
7	1	695bb8d2900ad6bdf17374c8	Comte	1	2.485103288093474	101.84614237756062		1.5103818632019304	103.3791997290572	201.917054
7	1	695bb8d2900ad6bdf17374c8	Comte	2	37.31056907654055	138.7957230494256	jp	36.73942450298586	136.97527522603195	173.637020
7	1	695bb8d2900ad6bdf17374c8	Comte	3	25.66186995793915	51.39849519054016	qa	24.681095623603234	56.00020114150361	475.732933
7	1	695bb8d2900ad6bdf17374c8	Comte	4	50.26745005673581	28.620825177210666	ua	49.6087828410395	34.57506808011124	432.250842
7	1	695bb8d2900ad6bdf17374c8	Comte	5	-14.111331517509576	-75.6825093486964	pe	-14.060611310920429	-75.6967663203472	5.845682
7	1	5eb9c2e197d6cf4bc8c17c07	Ca_Marsh	1	2.485103288093474	101.84614237756062		-1.6604386794344421	100.75068755767843	476.778039
7	1	5eb9c2e197d6cf4bc8c17c07	Ca_Marsh	2	37.31056907654055	138.7957230494256	jp	43.77767034186515	142.3538809202669	779.225512
7	1	5eb9c2e197d6cf4bc8c17c07	Ca_Marsh	3	25.66186995793915	51.39849519054016	qa	25.19808097707546	51.321911360669056	52.141267
7	1	5eb9c2e197d6cf4bc8c17c07	Ca_Marsh	4	50.26745005673581	28.620825177210666	ua	50.599489113791975	26.285329306884098	169.481492
7	1	5eb9c2e197d6cf4bc8c17c07	Ca_Marsh	5	-14.111331517509576	-75.6825093486964	pe	-14.67416325479093	-74.13431401998612	178.105103
7	1	5e8fdfa9d51dd65c18f98403	Tbowfr	1	2.485103288093474	101.84614237756062		3.19823675111664	101.96720425823206	80.428537
7	1	5e8fdfa9d51dd65c18f98403	Tbowfr	2	37.31056907654055	138.7957230494256	jp	37.53233459605643	140.0740954004998	115.553279
7	1	5e8fdfa9d51dd65c18f98403	Tbowfr	3	25.66186995793915	51.39849519054016	qa	25.11447740488368	55.294872033523724	396.103159
7	1	5e8fdfa9d51dd65c18f98403	Tbowfr	4	50.26745005673581	28.620825177210666	ua	57.70113412596735	34.38407539921171	907.651997
7	1	5e8fdfa9d51dd65c18f98403	Tbowfr	5	-14.111331517509576	-75.6825093486964	pe	-14.672574312908687	-71.60054680966962	444.048909
8	1	695bb8d2900ad6bdf17374c8	Comte	1	18.189615692471826	98.91726631291692	th	17.25892663782397	99.05033517321196	104.443225
8	1	695bb8d2900ad6bdf17374c8	Comte	2	-34.884305431363	-58.44022863901865	ar	-27.792196544410196	-53.43486700817515	920.451782
8	1	695bb8d2900ad6bdf17374c8	Comte	3	37.04713228509426	-78.62921644039199	us	39.335369784977466	-80.00511106423134	281.412401
8	1	695bb8d2900ad6bdf17374c8	Comte	4	42.95755699573336	27.89589091043336	bg	42.90175918564548	27.854676489178217	7.053681
8	1	695bb8d2900ad6bdf17374c8	Comte	5	63.76734554274332	28.07720322810006	fi	60.99205398168235	27.206548161486417	311.837614
8	1	5eb9c2e197d6cf4bc8c17c07	Ca_Marsh	1	18.189615692471826	98.91726631291692	th	12.876341543898906	99.62909583419875	595.706317
8	1	5eb9c2e197d6cf4bc8c17c07	Ca_Marsh	2	-34.884305431363	-58.44022863901865	ar	-33.031530747505634	-62.72428135560862	445.543325
8	1	5eb9c2e197d6cf4bc8c17c07	Ca_Marsh	3	37.04713228509426	-78.62921644039199	us	42.6906313262633	-74.77540273116134	708.292790
8	1	5eb9c2e197d6cf4bc8c17c07	Ca_Marsh	4	42.95755699573336	27.89589091043336	bg	44.160423000195614	28.616060758130665	145.797229
8	1	5eb9c2e197d6cf4bc8c17c07	Ca_Marsh	5	63.76734554274332	28.07720322810006	fi	57.14272440742945	27.509838759473677	737.273299
8	1	68f2e3307b1dd2467d0fc0f5	Etterima	1	18.189615692471826	98.91726631291692	th	12.321525698384399	104.55717189606962	889.611059
8	1	68f2e3307b1dd2467d0fc0f5	Etterima	2	-34.884305431363	-58.44022863901865	ar	-36.452617003009365	-64.32857799524193	559.666389
8	1	68f2e3307b1dd2467d0fc0f5	Etterima	3	37.04713228509426	-78.62921644039199	us	37.981989112003546	-91.74360922716497	1160.375805
8	1	68f2e3307b1dd2467d0fc0f5	Etterima	4	42.95755699573336	27.89589091043336	bg	46.26285157435782	34.992876186477915	670.933699
8	1	68f2e3307b1dd2467d0fc0f5	Etterima	5	63.76734554274332	28.07720322810006	fi	63.23161027761145	27.009971976556884	79.700983
9	1	695bb8d2900ad6bdf17374c8	Comte	1	51.13926015817381	23.46336105489479	pl	51.9524913335878	19.721983565147827	274.028484
9	1	695bb8d2900ad6bdf17374c8	Comte	2	24.15361524074108	-101.4875212116694	mx	25.479559596957525	-100.9613151454923	156.710962
9	1	695bb8d2900ad6bdf17374c8	Comte	3	27.31369917722315	89.54731334423177	bt	27.313728102849662	89.54719160546232	0.012450
9	1	695bb8d2900ad6bdf17374c8	Comte	4	-33.00991704482561	-60.68364591309136	ar	-32.954348811939646	-60.66938897869239	6.320386
9	1	695bb8d2900ad6bdf17374c8	Comte	5	42.68936384369088	-72.34064237794203	us	44.09513070463531	-73.96927313805642	204.323098
9	1	68f2e3307b1dd2467d0fc0f5	Etterima	1	51.13926015817381	23.46336105489479	pl	51.40682439326673	19.750594770567318	259.956535
9	1	68f2e3307b1dd2467d0fc0f5	Etterima	2	24.15361524074108	-101.4875212116694	mx	23.038248438516813	-102.19004676261697	143.199248
9	1	68f2e3307b1dd2467d0fc0f5	Etterima	3	27.31369917722315	89.54731334423177	bt	26.941701933880584	90.51874819761142	104.656479
9	1	68f2e3307b1dd2467d0fc0f5	Etterima	4	-33.00991704482561	-60.68364591309136	ar	-40.737400579433164	-62.963737147335905	882.772792
9	1	68f2e3307b1dd2467d0fc0f5	Etterima	5	42.68936384369088	-72.34064237794203	us	35.52793927073899	-83.71391589998225	1261.774804
9	1	5e626d0512777c7a20431f1c	LordOozik	1	51.13926015817381	23.46336105489479	pl	52.47810188503246	19.316009422151183	321.590261
9	1	5e626d0512777c7a20431f1c	LordOozik	2	24.15361524074108	-101.4875212116694	mx	23.545777924299564	-101.50372967626801	67.608524
9	1	5e626d0512777c7a20431f1c	LordOozik	3	27.31369917722315	89.54731334423177	bt	43.348142906726906	142.76363687895739	5050.783666
9	1	5e626d0512777c7a20431f1c	LordOozik	4	-33.00991704482561	-60.68364591309136	ar	-32.96756080854974	-60.6794886073704	4.725732
9	1	5e626d0512777c7a20431f1c	LordOozik	5	42.68936384369088	-72.34064237794203	us	43.5749152271729	-72.67295209082732	102.094219
9	1	5eb9c2e197d6cf4bc8c17c07	Ca_Marsh	1	51.13926015817381	23.46336105489479	pl	52.94908814277825	18.897167342806867	371.404533
9	1	5eb9c2e197d6cf4bc8c17c07	Ca_Marsh	2	24.15361524074108	-101.4875212116694	mx	27.10342360360202	-104.86320746188976	471.245765
9	1	5eb9c2e197d6cf4bc8c17c07	Ca_Marsh	3	27.31369917722315	89.54731334423177	bt	30.67925944506341	78.35107854978126	1150.750015
9	1	5eb9c2e197d6cf4bc8c17c07	Ca_Marsh	4	-33.00991704482561	-60.68364591309136	ar	-32.926924958928936	-60.74526384732052	10.872183
9	1	5eb9c2e197d6cf4bc8c17c07	Ca_Marsh	5	42.68936384369088	-72.34064237794203	us	48.46718810550901	-81.30799908312311	947.441297
9	1	5e8fdfa9d51dd65c18f98403	Tbowfr	1	51.13926015817381	23.46336105489479	pl	52.06194511464923	18.835492382304178	335.628346
9	1	5e8fdfa9d51dd65c18f98403	Tbowfr	2	24.15361524074108	-101.4875212116694	mx	-15.161224635347098	-71.66587511798464	5440.158054
9	1	5e8fdfa9d51dd65c18f98403	Tbowfr	3	27.31369917722315	89.54731334423177	bt	27.555659822876848	85.4597525289085	404.277189
9	1	5e8fdfa9d51dd65c18f98403	Tbowfr	4	-33.00991704482561	-60.68364591309136	ar	-32.98572123534773	-60.73428673868054	5.435271
9	1	5e8fdfa9d51dd65c18f98403	Tbowfr	5	42.68936384369088	-72.34064237794203	us	45.78844850107015	-111.71672285657193	3123.754093
10	1	677485108d7eb43c58f713b3	Master__Of__Kitten	1	-20.883601012870315	55.45028200996175	fr	-20.87878141638374	55.448599972154774	0.563686
10	1	677485108d7eb43c58f713b3	Master__Of__Kitten	2	48.722929711314585	21.25656850237134	sk	49.184488880711754	16.632849987539398	341.438346
10	1	677485108d7eb43c58f713b3	Master__Of__Kitten	3	15.90676893010043	108.2382705251526	vn	19.806343027061033	105.80074268937256	504.520740
10	1	677485108d7eb43c58f713b3	Master__Of__Kitten	4	17.09683587309988	102.3935277051955	th	17.185593490050774	99.75428271172267	280.606480
10	1	677485108d7eb43c58f713b3	Master__Of__Kitten	5	19.89740348984362	-98.60973569599844	mx	20.350133840901798	-99.88247429162688	142.097714
10	1	695bb8d2900ad6bdf17374c8	Comte	1	-20.883601012870315	55.45028200996175	fr	-20.88102194421263	55.45216166919575	0.346953
10	1	695bb8d2900ad6bdf17374c8	Comte	2	48.722929711314585	21.25656850237134	sk	47.492146541309296	19.070599162477624	212.288186
10	1	695bb8d2900ad6bdf17374c8	Comte	3	15.90676893010043	108.2382705251526	vn	20.25229920210254	105.97290187118429	539.247110
10	1	695bb8d2900ad6bdf17374c8	Comte	4	17.09683587309988	102.3935277051955	th	13.639723591100989	99.96547178304716	464.242547
10	1	695bb8d2900ad6bdf17374c8	Comte	5	19.89740348984362	-98.60973569599844	mx	23.09263221355621	-102.79814747727367	560.297098
10	1	68f2e3307b1dd2467d0fc0f5	Etterima	1	-20.883601012870315	55.45028200996175	fr	-21.005414935336756	55.277485078519014	22.482842
10	1	68f2e3307b1dd2467d0fc0f5	Etterima	2	48.722929711314585	21.25656850237134	sk	48.153411304421404	17.121502456468765	311.504961
10	1	68f2e3307b1dd2467d0fc0f5	Etterima	3	15.90676893010043	108.2382705251526	vn	10.845471967660881	106.67623475889557	587.592684
10	1	68f2e3307b1dd2467d0fc0f5	Etterima	4	17.09683587309988	102.3935277051955	th	12.224998123616464	99.8415064794674	607.270109
10	1	68f2e3307b1dd2467d0fc0f5	Etterima	5	19.89740348984362	-98.60973569599844	mx	20.98563479610212	-102.60507828931587	433.498238
10	1	5e8fdfa9d51dd65c18f98403	Tbowfr	1	-20.883601012870315	55.45028200996175	fr	-21.009564360726674	55.273709588369016	23.073926
10	1	5e8fdfa9d51dd65c18f98403	Tbowfr	2	48.722929711314585	21.25656850237134	sk	49.535358721046165	16.556491911031337	353.646458
10	1	5e8fdfa9d51dd65c18f98403	Tbowfr	3	15.90676893010043	108.2382705251526	vn	13.716445586638107	109.06251206046241	259.167617
10	1	5e8fdfa9d51dd65c18f98403	Tbowfr	4	17.09683587309988	102.3935277051955	th	0.14133084967357634	110.4866079976585	2083.275120
10	1	5e8fdfa9d51dd65c18f98403	Tbowfr	5	19.89740348984362	-98.60973569599844	mx	18.418326359969296	-97.04458282281898	232.537471
10	1	5eb9c2e197d6cf4bc8c17c07	Ca_Marsh	1	-20.883601012870315	55.45028200996175	fr	-20.891307099103884	55.49096553047619	4.312495
10	1	5eb9c2e197d6cf4bc8c17c07	Ca_Marsh	2	48.722929711314585	21.25656850237134	sk	45.82951891686092	16.0198892710585	509.293056
10	1	5eb9c2e197d6cf4bc8c17c07	Ca_Marsh	3	15.90676893010043	108.2382705251526	vn	10.759259549965666	106.59186121098618	599.435886
10	1	5eb9c2e197d6cf4bc8c17c07	Ca_Marsh	4	17.09683587309988	102.3935277051955	th	-1.509618500226647	103.46657132178333	2072.286480
10	1	5eb9c2e197d6cf4bc8c17c07	Ca_Marsh	5	19.89740348984362	-98.60973569599844	mx	22.187940377427918	-101.0025642624977	355.701268
10	1	5e626d0512777c7a20431f1c	LordOozik	1	-20.883601012870315	55.45028200996175	fr	43.1167842518596	5.935256134933655	8730.220403
10	1	5e626d0512777c7a20431f1c	LordOozik	2	48.722929711314585	21.25656850237134	sk	48.31713342212936	18.15740383224673	232.655822
10	1	5e626d0512777c7a20431f1c	LordOozik	3	15.90676893010043	108.2382705251526	vn	11.239726343630128	108.10977127445886	519.137174
10	1	5e626d0512777c7a20431f1c	LordOozik	4	17.09683587309988	102.3935277051955	th	15.215340118405528	101.20595165974152	244.654528
10	1	5e626d0512777c7a20431f1c	LordOozik	5	19.89740348984362	-98.60973569599844	mx	25.160562824031025	-103.45967020402995	768.343496
11	1	695bb8d2900ad6bdf17374c8	Comte	1	24.334421551519046	90.02756580202083	bd	23.99655262017006	90.3478979042294	49.674536
11	1	695bb8d2900ad6bdf17374c8	Comte	2	41.03722718546781	21.32539478962465	mk	43.36140504382996	21.95621867507844	263.606753
11	1	695bb8d2900ad6bdf17374c8	Comte	3	40.46350966461736	140.9449762825032	jp	36.06375363302064	138.0836657624413	549.235565
11	1	695bb8d2900ad6bdf17374c8	Comte	4	-0.9766266513130092	37.6891639498895	ke	-0.38056553708049545	35.010155472862245	305.154691
11	1	695bb8d2900ad6bdf17374c8	Comte	5	38.96094737968285	1.375895949477605	es	37.89519618728088	-6.895198579744375	729.898425
11	1	5eb9c2e197d6cf4bc8c17c07	Ca_Marsh	1	24.334421551519046	90.02756580202083	bd	24.852038235111053	89.37753778840424	87.362388
11	1	5eb9c2e197d6cf4bc8c17c07	Ca_Marsh	2	41.03722718546781	21.32539478962465	mk	42.822979118424065	19.52206813418013	248.347000
11	1	5eb9c2e197d6cf4bc8c17c07	Ca_Marsh	3	40.46350966461736	140.9449762825032	jp	23.110193783592127	120.56506740818679	2713.192719
11	1	5eb9c2e197d6cf4bc8c17c07	Ca_Marsh	4	-0.9766266513130092	37.6891639498895	ke	0.356769884651566	35.91919515876353	246.404113
11	1	5eb9c2e197d6cf4bc8c17c07	Ca_Marsh	5	38.96094737968285	1.375895949477605	es	42.06315306737005	-5.171253909153106	651.885504
11	1	677485108d7eb43c58f713b3	Master__Of__Kitten	1	24.334421551519046	90.02756580202083	bd	24.409455871500636	89.96118749685158	10.715136
11	1	677485108d7eb43c58f713b3	Master__Of__Kitten	2	41.03722718546781	21.32539478962465	mk	43.01303850902149	25.37309320768936	399.994893
11	1	677485108d7eb43c58f713b3	Master__Of__Kitten	3	40.46350966461736	140.9449762825032	jp	53.01386291699121	-6.664182227874842	9164.943904
11	1	677485108d7eb43c58f713b3	Master__Of__Kitten	4	-0.9766266513130092	37.6891639498895	ke	-1.970707278044944	30.022243668937584	859.368106
11	1	677485108d7eb43c58f713b3	Master__Of__Kitten	5	38.96094737968285	1.375895949477605	es	38.89294647438082	-5.649214675538863	607.595582
11	1	5e8fdfa9d51dd65c18f98403	Tbowfr	1	24.334421551519046	90.02756580202083	bd	24.43378789585295	89.66599683240362	38.248928
11	1	5e8fdfa9d51dd65c18f98403	Tbowfr	2	41.03722718546781	21.32539478962465	mk	49.71073661809956	33.47981415887166	1350.106313
11	1	5e8fdfa9d51dd65c18f98403	Tbowfr	3	40.46350966461736	140.9449762825032	jp	23.574255511997855	120.81523629366343	2657.265366
11	1	5e8fdfa9d51dd65c18f98403	Tbowfr	4	-0.9766266513130092	37.6891639498895	ke	-2.0346786048282595	29.963644646146193	866.751116
11	1	5e8fdfa9d51dd65c18f98403	Tbowfr	5	38.96094737968285	1.375895949477605	es	38.96984650776568	-2.1680090007625896	306.377436
11	1	68f2e3307b1dd2467d0fc0f5	Etterima	1	24.334421551519046	90.02756580202083	bd	23.288279458286066	86.36007591959606	390.789821
11	1	68f2e3307b1dd2467d0fc0f5	Etterima	2	41.03722718546781	21.32539478962465	mk	53.08982967106612	41.492467372658496	2019.423093
11	1	68f2e3307b1dd2467d0fc0f5	Etterima	3	40.46350966461736	140.9449762825032	jp	54.50472700034511	-6.556335237565231	9011.002232
11	1	68f2e3307b1dd2467d0fc0f5	Etterima	4	-0.9766266513130092	37.6891639498895	ke	-0.2267104076029211	36.131139247658496	192.258343
11	1	68f2e3307b1dd2467d0fc0f5	Etterima	5	38.96094737968285	1.375895949477605	es	41.3168524929303	-7.849175108669146	826.293029
11	1	5e626d0512777c7a20431f1c	LordOozik	1	24.334421551519046	90.02756580202083	bd	22.946382677751306	81.30312895859582	901.834373
11	1	5e626d0512777c7a20431f1c	LordOozik	2	41.03722718546781	21.32539478962465	mk	55.3785317093052	42.66027278769437	2228.059884
11	1	5e626d0512777c7a20431f1c	LordOozik	3	40.46350966461736	140.9449762825032	jp	-35.98668634646659	147.1465166387722	8524.472551
11	1	5e626d0512777c7a20431f1c	LordOozik	4	-0.9766266513130092	37.6891639498895	ke	-27.841518636134392	27.458541408291943	3179.710045
11	1	5e626d0512777c7a20431f1c	LordOozik	5	38.96094737968285	1.375895949477605	es	41.11131102377844	-0.7324889165255444	298.964035
12	1	695bb8d2900ad6bdf17374c8	Comte	1	56.47609635591673	10.037996344973362	dk	51.42772809261172	0.08740682088123286	858.216913
12	1	695bb8d2900ad6bdf17374c8	Comte	2	61.87956977905774	23.01742447888492	fi	60.57692245941152	24.229906419071856	158.713038
12	1	695bb8d2900ad6bdf17374c8	Comte	3	3.282671821344322	102.5235538506481	my	3.583440393591347	102.58940607296331	34.233357
12	1	695bb8d2900ad6bdf17374c8	Comte	4	46.84905723706618	27.2529310431246	ro	46.73330237177007	25.592451101108978	127.064561
12	1	695bb8d2900ad6bdf17374c8	Comte	5	25.0254374169175	90.64892147639684	bd	22.581475516712736	88.63879041857543	340.091397
12	1	677485108d7eb43c58f713b3	Master__Of__Kitten	1	56.47609635591673	10.037996344973362	dk	51.317285100635516	4.782290811074654	668.619243
12	1	677485108d7eb43c58f713b3	Master__Of__Kitten	2	61.87956977905774	23.01742447888492	fi	60.84131797420016	24.585040830843976	142.498956
12	1	677485108d7eb43c58f713b3	Master__Of__Kitten	3	3.282671821344322	102.5235538506481	my	4.4792390340677555	102.07789375245898	141.941048
12	1	677485108d7eb43c58f713b3	Master__Of__Kitten	4	46.84905723706618	27.2529310431246	ro	44.57789003162507	23.61139745512873	379.023695
12	1	677485108d7eb43c58f713b3	Master__Of__Kitten	5	25.0254374169175	90.64892147639684	bd	23.021724264672535	89.75745591071727	240.493607
12	1	5eb9c2e197d6cf4bc8c17c07	Ca_Marsh	1	56.47609635591673	10.037996344973362	dk	48.462117373918666	3.7266465625394973	987.384676
12	1	5eb9c2e197d6cf4bc8c17c07	Ca_Marsh	2	61.87956977905774	23.01742447888492	fi	63.868361502595604	28.472964486384033	353.929756
12	1	5eb9c2e197d6cf4bc8c17c07	Ca_Marsh	3	3.282671821344322	102.5235538506481	my	4.402834648846047	101.34703874508378	180.420093
12	1	5eb9c2e197d6cf4bc8c17c07	Ca_Marsh	4	46.84905723706618	27.2529310431246	ro	45.14905732670764	26.978880453114893	190.212598
12	1	5eb9c2e197d6cf4bc8c17c07	Ca_Marsh	5	25.0254374169175	90.64892147639684	bd	21.674733868618393	86.02810946792324	601.022454
12	1	5e626d0512777c7a20431f1c	LordOozik	1	56.47609635591673	10.037996344973362	dk	55.870024152074485	9.24572462172016	83.346492
12	1	5e626d0512777c7a20431f1c	LordOozik	2	61.87956977905774	23.01742447888492	fi	62.22561436993282	23.337868650249177	41.945689
12	1	5e626d0512777c7a20431f1c	LordOozik	3	3.282671821344322	102.5235538506481	my	3.5167679734431228	102.22439974396431	42.192481
12	1	5e626d0512777c7a20431f1c	LordOozik	4	46.84905723706618	27.2529310431246	ro	19.946322823211347	-100.41351173038383	10927.976937
12	1	5e626d0512777c7a20431f1c	LordOozik	5	25.0254374169175	90.64892147639684	bd	23.978113730494016	89.78614873440206	145.542461
12	1	5e8fdfa9d51dd65c18f98403	Tbowfr	1	56.47609635591673	10.037996344973362	dk	51.733754492283225	-1.390565606365497	910.969139
12	1	5e8fdfa9d51dd65c18f98403	Tbowfr	2	61.87956977905774	23.01742447888492	fi	62.91137452016682	25.848226094095914	185.543642
12	1	5e8fdfa9d51dd65c18f98403	Tbowfr	3	3.282671821344322	102.5235538506481	my	3.5031164261591545	102.60840988586838	26.259699
12	1	5e8fdfa9d51dd65c18f98403	Tbowfr	4	46.84905723706618	27.2529310431246	ro	57.02263272419845	36.565542696021176	1296.323829
12	1	5e8fdfa9d51dd65c18f98403	Tbowfr	5	25.0254374169175	90.64892147639684	bd	24.62121459023964	87.15383155417581	355.570354
12	1	55698b213a945ae35067f957	Spyder-	1	56.47609635591673	10.037996344973362	dk	52.419483918093	6.015763208754632	520.464158
12	1	55698b213a945ae35067f957	Spyder-	2	61.87956977905774	23.01742447888492	fi	58.62429223698282	24.93359526591607	377.052025
12	1	55698b213a945ae35067f957	Spyder-	3	3.282671821344322	102.5235538506481	my	1.7879227378692137	103.39777522394775	192.498903
12	1	55698b213a945ae35067f957	Spyder-	4	46.84905723706618	27.2529310431246	ro	18.105831578264315	-99.62754722051918	11053.283959
12	1	55698b213a945ae35067f957	Spyder-	5	25.0254374169175	90.64892147639684	bd	24.66243626620424	90.20353739760718	60.406500
12	1	68f2e3307b1dd2467d0fc0f5	Etterima	1	56.47609635591673	10.037996344973362	dk	49.87025777689165	7.347020735477985	755.963113
12	1	68f2e3307b1dd2467d0fc0f5	Etterima	2	61.87956977905774	23.01742447888492	fi	62.32032543868651	26.501970284125676	187.787333
12	1	68f2e3307b1dd2467d0fc0f5	Etterima	3	3.282671821344322	102.5235538506481	my	3.512712807396168	101.98717317167763	64.800234
12	1	68f2e3307b1dd2467d0fc0f5	Etterima	4	46.84905723706618	27.2529310431246	ro	0	0	5843.822060
12	1	68f2e3307b1dd2467d0fc0f5	Etterima	5	25.0254374169175	90.64892147639684	bd	24.309502736040788	87.75772243452933	302.793391
13	1	677485108d7eb43c58f713b3	Master__Of__Kitten	1	5.371266314518873	100.2033954039682	my	5.129713849866153	101.18773753148753	112.255199
13	1	677485108d7eb43c58f713b3	Master__Of__Kitten	2	45.80747668228968	7.273018305889063	it	45.98402435083683	8.510117849335005	97.727443
13	1	677485108d7eb43c58f713b3	Master__Of__Kitten	3	9.140834023064684	0.00904648255612059	gh	7.044792946620232	-1.4622892054785308	283.820789
13	1	677485108d7eb43c58f713b3	Master__Of__Kitten	4	14.72035035597735	-16.56799654932521	sn	14.670499641774668	-16.210880700105662	38.808403
13	1	677485108d7eb43c58f713b3	Master__Of__Kitten	5	31.50389889015042	35.12437654255921	ps	32.59483996514294	35.070609096694575	121.412903
13	1	68f2e3307b1dd2467d0fc0f5	Etterima	1	5.371266314518873	100.2033954039682	my	3.7314984515972434	101.85812950884423	258.622077
13	1	68f2e3307b1dd2467d0fc0f5	Etterima	2	45.80747668228968	7.273018305889063	it	47.012464400297304	9.489771912311644	216.404632
13	1	68f2e3307b1dd2467d0fc0f5	Etterima	3	9.140834023064684	0.00904648255612059	gh	7.0607351286358915	-2.028638777883345	322.197552
13	1	68f2e3307b1dd2467d0fc0f5	Etterima	4	14.72035035597735	-16.56799654932521	sn	13.985690347715147	-14.820109920437737	205.245147
13	1	68f2e3307b1dd2467d0fc0f5	Etterima	5	31.50389889015042	35.12437654255921	ps	31.8315912651724	35.010478039492334	37.998669
13	1	695bb8d2900ad6bdf17374c8	Comte	1	5.371266314518873	100.2033954039682	my	5.947148927734538	116.67092396794709	1823.236339
13	1	695bb8d2900ad6bdf17374c8	Comte	2	45.80747668228968	7.273018305889063	it	46.95363130664511	10.06882256650464	249.452195
13	1	695bb8d2900ad6bdf17374c8	Comte	3	9.140834023064684	0.00904648255612059	gh	10.074106665444122	-2.501745616144664	294.179457
13	1	695bb8d2900ad6bdf17374c8	Comte	4	14.72035035597735	-16.56799654932521	sn	13.13674155079725	-13.750154205854296	351.406351
13	1	695bb8d2900ad6bdf17374c8	Comte	5	31.50389889015042	35.12437654255921	ps	31.564800389977904	35.122440422259494	6.774423
13	1	5eb9c2e197d6cf4bc8c17c07	Ca_Marsh	1	5.371266314518873	100.2033954039682	my	4.19508375702741	102.02041086098647	240.085147
13	1	5eb9c2e197d6cf4bc8c17c07	Ca_Marsh	2	45.80747668228968	7.273018305889063	it	47.44361891139482	13.360536466668881	499.031387
13	1	5eb9c2e197d6cf4bc8c17c07	Ca_Marsh	3	9.140834023064684	0.00904648255612059	gh	7.644267624685351	-1.8507857684134055	263.717004
13	1	5eb9c2e197d6cf4bc8c17c07	Ca_Marsh	4	14.72035035597735	-16.56799654932521	sn	-0.8705512483382056	38.11231018220148	6257.267650
13	1	5eb9c2e197d6cf4bc8c17c07	Ca_Marsh	5	31.50389889015042	35.12437654255921	ps	32.641000938234924	35.12473346159707	126.439983
13	1	5e8fdfa9d51dd65c18f98403	Tbowfr	1	5.371266314518873	100.2033954039682	my	2.1101926375132476	111.88489003247943	1345.743000
13	1	5e8fdfa9d51dd65c18f98403	Tbowfr	2	45.80747668228968	7.273018305889063	it	45.902895569373804	7.953729482371772	53.774207
13	1	5e8fdfa9d51dd65c18f98403	Tbowfr	3	9.140834023064684	0.00904648255612059	gh	7.328299325587232	-1.3102670023415053	248.390938
13	1	5e8fdfa9d51dd65c18f98403	Tbowfr	4	14.72035035597735	-16.56799654932521	sn	0.05344036024790366	36.746373622658496	6080.845980
13	1	5e8fdfa9d51dd65c18f98403	Tbowfr	5	31.50389889015042	35.12437654255921	ps	31.380542867854178	34.744564602425086	38.554394
13	1	5e626d0512777c7a20431f1c	LordOozik	1	5.371266314518873	100.2033954039682	my	4.382227771703513	102.02591310890868	229.925644
13	1	5e626d0512777c7a20431f1c	LordOozik	2	45.80747668228968	7.273018305889063	it	47.287560713668384	12.492063184677393	431.612865
13	1	5e626d0512777c7a20431f1c	LordOozik	3	9.140834023064684	0.00904648255612059	gh	-0.018886531780087517	38.03618951139072	4331.362892
13	1	5e626d0512777c7a20431f1c	LordOozik	4	14.72035035597735	-16.56799654932521	sn	0.3506724962977618	37.63402404999494	6164.600945
13	1	5e626d0512777c7a20431f1c	LordOozik	5	31.50389889015042	35.12437654255921	ps	39.60565160112281	28.556313361762005	1078.420615
14	1	695bb8d2900ad6bdf17374c8	Comte	1	-27.369139057758385	153.00882866231365	au	-26.80127385801565	153.12333649967974	64.153257
14	1	695bb8d2900ad6bdf17374c8	Comte	2	-18.83960529652176	-52.11720063301019	br	-20.31288217451643	-49.967466716281464	278.492005
14	1	695bb8d2900ad6bdf17374c8	Comte	3	14.57841823120514	121.1819441207391	ph	8.945025524701883	125.57888784525457	788.211677
14	1	695bb8d2900ad6bdf17374c8	Comte	4	58.28690847782089	26.89865293036937	ee	62.17643399321239	14.905349114179689	789.013420
14	1	695bb8d2900ad6bdf17374c8	Comte	5	7.171379618234629	80.51803089738156	lk	7.656438231451604	80.67470402810278	56.635176
14	1	5eb9c2e197d6cf4bc8c17c07	Ca_Marsh	1	-27.369139057758385	153.00882866231365	au	-33.90498368320718	151.21751124534686	746.642626
14	1	5eb9c2e197d6cf4bc8c17c07	Ca_Marsh	2	-18.83960529652176	-52.11720063301019	br	-29.281051320821856	-58.2249606356849	1315.606218
14	1	5eb9c2e197d6cf4bc8c17c07	Ca_Marsh	3	14.57841823120514	121.1819441207391	ph	8.475260208053445	124.63511620104886	775.854314
14	1	5eb9c2e197d6cf4bc8c17c07	Ca_Marsh	4	58.28690847782089	26.89865293036937	ee	59.238462679631645	27.37199261817459	109.271080
14	1	5eb9c2e197d6cf4bc8c17c07	Ca_Marsh	5	7.171379618234629	80.51803089738156	lk	8.029357982189774	80.56058083847982	95.518038
14	1	68f2e3307b1dd2467d0fc0f5	Etterima	1	-27.369139057758385	153.00882866231365	au	-26.645512036150425	151.89955040717388	136.201888
14	1	68f2e3307b1dd2467d0fc0f5	Etterima	2	-18.83960529652176	-52.11720063301019	br	-15.70583560163797	-49.28762020341373	460.066109
14	1	68f2e3307b1dd2467d0fc0f5	Etterima	3	14.57841823120514	121.1819441207391	ph	15.3115141767788	120.58195815668734	103.922076
14	1	68f2e3307b1dd2467d0fc0f5	Etterima	4	58.28690847782089	26.89865293036937	ee	58.6873107019642	25.99554682696974	68.827486
14	1	68f2e3307b1dd2467d0fc0f5	Etterima	5	7.171379618234629	80.51803089738156	lk	4.852324265442028	-74.68248084282612	16955.587956
14	1	677485108d7eb43c58f713b3	Master__Of__Kitten	1	-27.369139057758385	153.00882866231365	au	-13.580319571739967	131.73996982490897	2686.803095
14	1	677485108d7eb43c58f713b3	Master__Of__Kitten	2	-18.83960529652176	-52.11720063301019	br	-12.212637719539874	-55.645899326560254	828.085661
14	1	677485108d7eb43c58f713b3	Master__Of__Kitten	3	14.57841823120514	121.1819441207391	ph	10.615333439210488	123.26927795404086	495.458538
14	1	677485108d7eb43c58f713b3	Master__Of__Kitten	4	58.28690847782089	26.89865293036937	ee	58.69051114665436	25.77438064169151	79.266539
14	1	677485108d7eb43c58f713b3	Master__Of__Kitten	5	7.171379618234629	80.51803089738156	lk	7.655008416542248	80.71357258844213	57.938490
14	1	66c34181c361d9f3b9a03d9b	OG	1	-27.369139057758385	153.00882866231365	au	-35.37470292803278	149.59005871582386	947.308856
14	1	66c34181c361d9f3b9a03d9b	OG	2	-18.83960529652176	-52.11720063301019	br	-15.90915604263116	-49.719873520019334	413.380321
14	1	66c34181c361d9f3b9a03d9b	OG	3	14.57841823120514	121.1819441207391	ph	14.476151594239276	121.33788363810082	20.274567
14	1	66c34181c361d9f3b9a03d9b	OG	4	58.28690847782089	26.89865293036937	ee	59.00848380219668	25.382233990128366	118.883795
14	1	66c34181c361d9f3b9a03d9b	OG	5	7.171379618234629	80.51803089738156	lk	-1.3827028942926665	102.7871645903507	2647.461159
14	1	5e626d0512777c7a20431f1c	LordOozik	1	-27.369139057758385	153.00882866231365	au	-33.86127268648192	151.1005183265593	744.582509
14	1	5e626d0512777c7a20431f1c	LordOozik	2	-18.83960529652176	-52.11720063301019	br	-12.567742099003528	-39.81825897212331	1488.957511
14	1	5e626d0512777c7a20431f1c	LordOozik	3	14.57841823120514	121.1819441207391	ph	14.586273771835437	121.17589919510725	1.089111
14	1	5e626d0512777c7a20431f1c	LordOozik	4	58.28690847782089	26.89865293036937	ee	58.89136457050314	25.57902549878411	101.809584
14	1	5e626d0512777c7a20431f1c	LordOozik	5	7.171379618234629	80.51803089738156	lk	0.35250998965470376	113.82037325978764	3769.658815
14	1	5e42bdaa1e34a041f065f7ce	Racacax 0	1	-27.369139057758385	153.00882866231365	au	-36.880755525040975	174.76619099713244	2298.052421
14	1	5e42bdaa1e34a041f065f7ce	Racacax 0	2	-18.83960529652176	-52.11720063301019	br	-14.839623291515384	-42.87229396720732	1079.453602
14	1	5e42bdaa1e34a041f065f7ce	Racacax 0	3	14.57841823120514	121.1819441207391	ph	13.94932972171483	121.15939414341251	69.993649
14	1	5e42bdaa1e34a041f065f7ce	Racacax 0	4	58.28690847782089	26.89865293036937	ee	58.56095893946582	26.185578960019285	51.501117
14	1	5e42bdaa1e34a041f065f7ce	Racacax 0	5	7.171379618234629	80.51803089738156	lk	14.380493255184374	105.07336899125305	2796.915057
15	1	695bb8d2900ad6bdf17374c8	Comte	1	36.12498562152394	10.38254650130151	tn	36.34102800223746	10.158312944072057	31.330265
15	1	695bb8d2900ad6bdf17374c8	Comte	2	38.64790416980618	-76.64438330048596	us	39.11128687194139	-76.8498390561885	54.508663
15	1	695bb8d2900ad6bdf17374c8	Comte	3	43.48829679510315	-6.190388440710842	es	42.2249095068082	-2.8986388964647736	302.837167
15	1	695bb8d2900ad6bdf17374c8	Comte	4	-38.69726848237865	-62.43074340586847	ar	-31.47573884051701	-61.60679542733875	806.478125
15	1	695bb8d2900ad6bdf17374c8	Comte	5	33.87273623730306	35.53716676467376	lb	33.847618237889975	35.49384593898265	4.878675
15	1	677485108d7eb43c58f713b3	Master__Of__Kitten	1	36.12498562152394	10.38254650130151	tn	37.02610926494328	9.663767921721087	118.994133
15	1	677485108d7eb43c58f713b3	Master__Of__Kitten	2	38.64790416980618	-76.64438330048596	us	36.030859862264926	-85.55915025734664	839.678103
15	1	677485108d7eb43c58f713b3	Master__Of__Kitten	3	43.48829679510315	-6.190388440710842	es	40.868421577768125	-7.975692392018248	326.333766
15	1	677485108d7eb43c58f713b3	Master__Of__Kitten	4	-38.69726848237865	-62.43074340586847	ar	-35.010517162212665	-60.19723368526903	455.533589
15	1	677485108d7eb43c58f713b3	Master__Of__Kitten	5	33.87273623730306	35.53716676467376	lb	33.880833175983135	35.50585229296095	3.027854
15	1	5e42bdaa1e34a041f065f7ce	Racacax 0	1	36.12498562152394	10.38254650130151	tn	33.80360104394819	8.702457041705015	300.099742
15	1	5e42bdaa1e34a041f065f7ce	Racacax 0	2	38.64790416980618	-76.64438330048596	us	38.76856546109074	-76.91072238057829	26.722557
15	1	5e42bdaa1e34a041f065f7ce	Racacax 0	3	43.48829679510315	-6.190388440710842	es	43.63654404423269	25.409539493477922	2530.655456
15	1	5e42bdaa1e34a041f065f7ce	Racacax 0	4	-38.69726848237865	-62.43074340586847	ar	-32.704713063543664	-62.28356066179782	666.473979
15	1	5e42bdaa1e34a041f065f7ce	Racacax 0	5	33.87273623730306	35.53716676467376	lb	33.878763972302075	35.50221057838893	3.296003
15	1	5eb9c2e197d6cf4bc8c17c07	Ca_Marsh	1	36.12498562152394	10.38254650130151	tn	36.91729695768755	9.945612496904879	96.364931
15	1	5eb9c2e197d6cf4bc8c17c07	Ca_Marsh	2	38.64790416980618	-76.64438330048596	us	39.430797628454386	-77.42788910564585	110.259597
15	1	5eb9c2e197d6cf4bc8c17c07	Ca_Marsh	3	43.48829679510315	-6.190388440710842	es	44.66151223947011	10.277950319518219	1319.764106
15	1	5eb9c2e197d6cf4bc8c17c07	Ca_Marsh	4	-38.69726848237865	-62.43074340586847	ar	-7.38119264030519	-78.63654092405156	3842.602656
15	1	5eb9c2e197d6cf4bc8c17c07	Ca_Marsh	5	33.87273623730306	35.53716676467376	lb	33.87758127043629	35.50239272219089	3.255232
15	1	68f2e3307b1dd2467d0fc0f5	Etterima	1	36.12498562152394	10.38254650130151	tn	36.36578610400363	10.191622299255584	31.781967
15	1	68f2e3307b1dd2467d0fc0f5	Etterima	2	38.64790416980618	-76.64438330048596	us	39.28479729849543	-76.67722965461076	70.876195
15	1	68f2e3307b1dd2467d0fc0f5	Etterima	3	43.48829679510315	-6.190388440710842	es	44.34369803701251	11.600185883899247	1425.387484
15	1	68f2e3307b1dd2467d0fc0f5	Etterima	4	-38.69726848237865	-62.43074340586847	ar	21.211548096358268	-101.18910343095308	7789.486011
15	1	68f2e3307b1dd2467d0fc0f5	Etterima	5	33.87273623730306	35.53716676467376	lb	33.96232305784052	35.868414063997534	32.147883
15	1	5e626d0512777c7a20431f1c	LordOozik	1	36.12498562152394	10.38254650130151	tn	32.864593951443965	13.173050012379326	443.607475
15	1	5e626d0512777c7a20431f1c	LordOozik	2	38.64790416980618	-76.64438330048596	us	39.4895133651577	-76.84201337519711	95.125166
15	1	5e626d0512777c7a20431f1c	LordOozik	3	43.48829679510315	-6.190388440710842	es	45.363081170830895	21.742741543408787	2216.753097
15	1	5e626d0512777c7a20431f1c	LordOozik	4	-38.69726848237865	-62.43074340586847	ar	-35.19116076999944	-65.40528266596361	470.962695
15	1	5e626d0512777c7a20431f1c	LordOozik	5	33.87273623730306	35.53716676467376	lb	36.82041211103736	10.160800621545553	2317.865897
15	1	66c34181c361d9f3b9a03d9b	OG	1	36.12498562152394	10.38254650130151	tn	35.81708513110978	10.560090511898412	37.781586
15	1	66c34181c361d9f3b9a03d9b	OG	2	38.64790416980618	-76.64438330048596	us	38.9444386203868	-76.72354548075063	33.679257
15	1	66c34181c361d9f3b9a03d9b	OG	3	43.48829679510315	-6.190388440710842	es	46.003320384530824	15.17849166614583	1705.276461
15	1	66c34181c361d9f3b9a03d9b	OG	4	-38.69726848237865	-62.43074340586847	ar	-29.817389036458806	-59.74169995885762	1017.709928
15	1	66c34181c361d9f3b9a03d9b	OG	5	33.87273623730306	35.53716676467376	lb	14.719808137802994	-17.452536436073085	5706.216289
15	1	5e8fdfa9d51dd65c18f98403	Tbowfr	1	36.12498562152394	10.38254650130151	tn	25.03455289432544	55.39290913931404	4439.531798
15	1	5e8fdfa9d51dd65c18f98403	Tbowfr	2	38.64790416980618	-76.64438330048596	us	41.15271950077133	-76.4567513773415	278.982054
15	1	5e8fdfa9d51dd65c18f98403	Tbowfr	3	43.48829679510315	-6.190388440710842	es	46.01138929370584	2.9325796981588192	772.567687
15	1	5e8fdfa9d51dd65c18f98403	Tbowfr	4	-38.69726848237865	-62.43074340586847	ar	43.99964510580887	-105.9880013773415	10182.439977
15	1	5e8fdfa9d51dd65c18f98403	Tbowfr	5	33.87273623730306	35.53716676467376	lb	36.82195749642103	10.133525660470468	2320.295233
16	1	695bb8d2900ad6bdf17374c8	Comte	1	5.390864280906404	6.05757891796558	ng	6.587833377738899	7.4182392929915775	200.887867
16	1	695bb8d2900ad6bdf17374c8	Comte	2	54.58161650840007	31.44031703990383	ru	51.90879611957828	36.022123820437635	425.597807
16	1	695bb8d2900ad6bdf17374c8	Comte	3	4.567203231710189	101.2111505706473	my	4.586556999456538	101.12913759006283	9.341610
16	1	695bb8d2900ad6bdf17374c8	Comte	4	41.745282771131485	13.154740567055702	it	40.62974418493256	16.936159946912593	339.837215
16	1	695bb8d2900ad6bdf17374c8	Comte	5	37.19045811110218	128.56729292958613	kr	35.96010008213099	127.95186575270718	147.433838
16	1	677485108d7eb43c58f713b3	Master__Of__Kitten	1	5.390864280906404	6.05757891796558	ng	8.62299769481038	5.899510829689745	359.819863
16	1	677485108d7eb43c58f713b3	Master__Of__Kitten	2	54.58161650840007	31.44031703990383	ru	55.797521810256875	41.21256448919771	634.299476
16	1	677485108d7eb43c58f713b3	Master__Of__Kitten	3	4.567203231710189	101.2111505706473	my	5.416228423005454	100.92471000979229	99.596723
16	1	677485108d7eb43c58f713b3	Master__Of__Kitten	4	41.745282771131485	13.154740567055702	it	43.90765934966817	11.858830190441898	262.636900
16	1	677485108d7eb43c58f713b3	Master__Of__Kitten	5	37.19045811110218	128.56729292958613	kr	37.39273554242941	128.2030911413119	39.292598
16	1	5eb9c2e197d6cf4bc8c17c07	Ca_Marsh	1	5.390864280906404	6.05757891796558	ng	7.690275191792598	3.9077476257599564	348.954686
16	1	5eb9c2e197d6cf4bc8c17c07	Ca_Marsh	2	54.58161650840007	31.44031703990383	ru	50.94261468350961	25.174708190562644	583.944405
16	1	5eb9c2e197d6cf4bc8c17c07	Ca_Marsh	3	4.567203231710189	101.2111505706473	my	4.829420856774018	100.8988334343308	45.255855
16	1	5eb9c2e197d6cf4bc8c17c07	Ca_Marsh	4	41.745282771131485	13.154740567055702	it	39.66245652802853	16.24934590636053	348.792707
16	1	5eb9c2e197d6cf4bc8c17c07	Ca_Marsh	5	37.19045811110218	128.56729292958613	kr	35.815002830842786	127.44912025639816	182.699773
16	1	68f2e3307b1dd2467d0fc0f5	Etterima	1	5.390864280906404	6.05757891796558	ng	6.99761531283429	6.312932255772763	180.878661
16	1	68f2e3307b1dd2467d0fc0f5	Etterima	2	54.58161650840007	31.44031703990383	ru	57.37355282480749	66.96092789522731	2205.711645
16	1	68f2e3307b1dd2467d0fc0f5	Etterima	3	4.567203231710189	101.2111505706473	my	4.554300298990259	101.05291142664285	17.598258
16	1	68f2e3307b1dd2467d0fc0f5	Etterima	4	41.745282771131485	13.154740567055702	it	43.812124795302886	11.199893213656384	279.753385
16	1	68f2e3307b1dd2467d0fc0f5	Etterima	5	37.19045811110218	128.56729292958613	kr	36.735813892901554	127.9831840297864	72.449412
16	1	5e626d0512777c7a20431f1c	LordOozik	1	5.390864280906404	6.05757891796558	ng	8.147198638570057	7.6366079476657145	352.604991
16	1	5e626d0512777c7a20431f1c	LordOozik	2	54.58161650840007	31.44031703990383	ru	60.80400387347587	34.350396838443515	713.005869
16	1	5e626d0512777c7a20431f1c	LordOozik	3	4.567203231710189	101.2111505706473	my	4.877407249516236	101.62246251874582	57.160790
16	1	5e626d0512777c7a20431f1c	LordOozik	4	41.745282771131485	13.154740567055702	it	45.23524838695681	9.028797452303623	511.107739
16	1	5e626d0512777c7a20431f1c	LordOozik	5	37.19045811110218	128.56729292958613	kr	35.639556809651104	137.36191927864675	805.313474
16	1	66c34181c361d9f3b9a03d9b	OG	1	5.390864280906404	6.05757891796558	ng	7.52827963969984	7.584085379909107	291.428191
16	1	66c34181c361d9f3b9a03d9b	OG	2	54.58161650840007	31.44031703990383	ru	56.13070088550972	44.9414602593875	869.137883
16	1	66c34181c361d9f3b9a03d9b	OG	3	4.567203231710189	101.2111505706473	my	-8.488035438293396	116.99090582423098	2273.561099
16	1	66c34181c361d9f3b9a03d9b	OG	4	41.745282771131485	13.154740567055702	it	41.202084411036296	14.647242247050452	138.236982
16	1	66c34181c361d9f3b9a03d9b	OG	5	37.19045811110218	128.56729292958613	kr	36.349277898554526	128.43627736080927	94.260119
17	1	5eb9c2e197d6cf4bc8c17c07	Ca_Marsh	1	48.70413019129316	-3.375875646970923	fr	48.31546998698278	-3.1607973813293633	46.029742
17	1	5eb9c2e197d6cf4bc8c17c07	Ca_Marsh	2	48.805312951484204	1.7710926380961485	fr	49.48049838879616	1.6634432338433713	75.484426
17	1	5eb9c2e197d6cf4bc8c17c07	Ca_Marsh	3	-15.689255077894094	-72.60740641342713	pe	-6.003090976560499	-78.83156986458302	1273.121416
17	1	5eb9c2e197d6cf4bc8c17c07	Ca_Marsh	4	46.49336555593477	-122.93660062434154	us	45.706338914060865	-122.61422862132366	90.974505
17	1	5eb9c2e197d6cf4bc8c17c07	Ca_Marsh	5	64.0698626	-141.9400656	us	48.25472869035005	-117.71960074344366	2282.308767
17	1	5e626d0512777c7a20431f1c	LordOozik	1	48.70413019129316	-3.375875646970923	fr	48.29200134264871	-2.821831982021592	61.372598
17	1	5e626d0512777c7a20431f1c	LordOozik	2	48.805312951484204	1.7710926380961485	fr	49.09925781421148	6.210235555504218	325.743616
17	1	5e626d0512777c7a20431f1c	LordOozik	3	-15.689255077894094	-72.60740641342713	pe	-5.921054699431386	-76.77171439436566	1177.325276
17	1	5e626d0512777c7a20431f1c	LordOozik	4	46.49336555593477	-122.93660062434154	us	47.6303493799728	-121.21836521337416	181.438345
17	1	5e626d0512777c7a20431f1c	LordOozik	5	64.0698626	-141.9400656	us	46.8376514479229	-112.22694399132756	2633.421329
17	1	695bb8d2900ad6bdf17374c8	Comte	1	48.70413019129316	-3.375875646970923	fr	48.515646039093056	-3.298337502464679	21.719917
17	1	695bb8d2900ad6bdf17374c8	Comte	2	48.805312951484204	1.7710926380961485	fr	48.35576562106494	5.6932698109467506	292.789928
17	1	695bb8d2900ad6bdf17374c8	Comte	3	-15.689255077894094	-72.60740641342713	pe	-12.172847042798262	-75.14454804267726	477.320212
17	1	695bb8d2900ad6bdf17374c8	Comte	4	46.49336555593477	-122.93660062434154	us	45.99889156591404	-112.52339101209124	802.057191
17	1	695bb8d2900ad6bdf17374c8	Comte	5	64.0698626	-141.9400656	us	39.27507526421343	-106.89491158587245	3577.461488
17	1	66c34181c361d9f3b9a03d9b	OG	1	48.70413019129316	-3.375875646970923	fr	48.16123740916267	-2.4682697942396103	90.154016
17	1	66c34181c361d9f3b9a03d9b	OG	2	48.805312951484204	1.7710926380961485	fr	48.90548777397717	1.2389153497975958	40.497084
17	1	66c34181c361d9f3b9a03d9b	OG	3	-15.689255077894094	-72.60740641342713	pe	-11.586207345855394	-74.15879087377836	486.048303
17	1	66c34181c361d9f3b9a03d9b	OG	4	46.49336555593477	-122.93660062434154	us	40.487015946462115	-82.36664259798151	3302.318619
17	1	66c34181c361d9f3b9a03d9b	OG	5	64.0698626	-141.9400656	us	45.953830309310185	-112.3011506990339	2713.646602
17	1	677485108d7eb43c58f713b3	Master__Of__Kitten	1	48.70413019129316	-3.375875646970923	fr	48.14232530183911	-3.5757297047089565	64.186944
17	1	677485108d7eb43c58f713b3	Master__Of__Kitten	2	48.805312951484204	1.7710926380961485	fr	48.847293987840104	2.2342265018244234	34.223290
17	1	677485108d7eb43c58f713b3	Master__Of__Kitten	3	-15.689255077894094	-72.60740641342713	pe	-11.058175291306224	-75.37762064585556	595.757037
17	1	677485108d7eb43c58f713b3	Master__Of__Kitten	4	46.49336555593477	-122.93660062434154	us	39.92707158566994	-79.82961982292336	3523.330232
17	1	677485108d7eb43c58f713b3	Master__Of__Kitten	5	64.0698626	-141.9400656	us	46.851257666477665	-115.5491462264831	2499.613512
17	1	5e8fdfa9d51dd65c18f98403	Tbowfr	1	48.70413019129316	-3.375875646970923	fr	47.84281506566972	-2.4392752615316793	118.224055
17	1	5e8fdfa9d51dd65c18f98403	Tbowfr	2	48.805312951484204	1.7710926380961485	fr	48.91990194636891	2.0821039334867875	26.075939
17	1	5e8fdfa9d51dd65c18f98403	Tbowfr	3	-15.689255077894094	-72.60740641342713	pe	-16.818903388527907	-67.08223127752768	603.012922
17	1	5e8fdfa9d51dd65c18f98403	Tbowfr	4	46.49336555593477	-122.93660062434154	us	42.48391265730435	-75.26881099156537	3749.591614
17	1	5e8fdfa9d51dd65c18f98403	Tbowfr	5	64.0698626	-141.9400656	us	47.32002019521477	-92.99380178996289	3463.580260
17	1	68f2e3307b1dd2467d0fc0f5	Etterima	1	48.70413019129316	-3.375875646970923	fr	45.30376092218556	1.5813668974607786	532.948557
17	1	68f2e3307b1dd2467d0fc0f5	Etterima	2	48.805312951484204	1.7710926380961485	fr	48.76524021198288	2.1430330807738107	27.611880
17	1	68f2e3307b1dd2467d0fc0f5	Etterima	3	-15.689255077894094	-72.60740641342713	pe	-24.16485341107472	-64.52906562785111	1264.677024
17	1	68f2e3307b1dd2467d0fc0f5	Etterima	4	46.49336555593477	-122.93660062434154	us	38.822009869297865	-88.00870601582162	2953.756831
17	1	68f2e3307b1dd2467d0fc0f5	Etterima	5	64.0698626	-141.9400656	us	47.72796912601143	-115.65674268440122	2411.924241
18	1	695bb8d2900ad6bdf17374c8	Comte	1	18.37977433974496	-65.84342720989409	pr	18.217123881950304	-66.60237828835159	82.139924
18	1	695bb8d2900ad6bdf17374c8	Comte	2	-33.70927340310164	19.031054856724655	za	-31.897356162064558	18.663276748764268	204.386673
18	1	695bb8d2900ad6bdf17374c8	Comte	3	7.873503017856356	-81.47478052487672	pa	8.823328831054985	-82.68178422844403	169.669008
18	1	695bb8d2900ad6bdf17374c8	Comte	4	-23.655072968484127	-64.47744443492253	ar	-21.265289141865725	-63.791651079336766	274.915728
18	1	695bb8d2900ad6bdf17374c8	Comte	5	49.06044194593718	-81.02166884371292	ca	49.778001521841716	-86.47476891507333	402.338991
18	1	677485108d7eb43c58f713b3	Master__Of__Kitten	1	18.37977433974496	-65.84342720989409	pr	18.385727590003988	-65.96999739639413	13.372177
18	1	677485108d7eb43c58f713b3	Master__Of__Kitten	2	-33.70927340310164	19.031054856724655	za	-33.68839325976148	20.276034925172773	115.196223
18	1	677485108d7eb43c58f713b3	Master__Of__Kitten	3	7.873503017856356	-81.47478052487672	pa	8.085462596935129	-80.8234544302669	75.496105
18	1	677485108d7eb43c58f713b3	Master__Of__Kitten	4	-23.655072968484127	-64.47744443492253	ar	14.296371249111656	102.50330415810511	18297.359214
18	1	677485108d7eb43c58f713b3	Master__Of__Kitten	5	49.06044194593718	-81.02166884371292	ca	49.06520707931998	-81.02975132252843	0.792165
18	1	68f2e3307b1dd2467d0fc0f5	Etterima	1	18.37977433974496	-65.84342720989409	pr	18.34013521587935	-65.76014700420284	9.832254
18	1	68f2e3307b1dd2467d0fc0f5	Etterima	2	-33.70927340310164	19.031054856724655	za	35.89060690806323	14.507208453664564	7753.418968
18	1	68f2e3307b1dd2467d0fc0f5	Etterima	3	7.873503017856356	-81.47478052487672	pa	9.255427902768622	-83.51737015793694	272.124189
18	1	68f2e3307b1dd2467d0fc0f5	Etterima	4	-23.655072968484127	-64.47744443492253	ar	-31.814543877044322	-65.5256830382961	913.120411
18	1	68f2e3307b1dd2467d0fc0f5	Etterima	5	49.06044194593718	-81.02166884371292	ca	46.332200691452506	-79.42117228639934	326.138158
18	1	66c34181c361d9f3b9a03d9b	OG	1	18.37977433974496	-65.84342720989409	pr	18.305258807098582	-65.80082024950225	9.427425
18	1	66c34181c361d9f3b9a03d9b	OG	2	-33.70927340310164	19.031054856724655	za	17.40014508189553	-94.5847284994824	13226.003858
18	1	66c34181c361d9f3b9a03d9b	OG	3	7.873503017856356	-81.47478052487672	pa	10.020312724931513	-83.95642881633749	362.325547
18	1	66c34181c361d9f3b9a03d9b	OG	4	-23.655072968484127	-64.47744443492253	ar	-29.507548448668313	-59.688423669998066	806.174373
18	1	66c34181c361d9f3b9a03d9b	OG	5	49.06044194593718	-81.02166884371292	ca	51.073400559944226	-93.81034412114853	938.512062
18	1	5e42bdaa1e34a041f065f7ce	Racacax 0	1	18.37977433974496	-65.84342720989409	pr	18.369438487825164	-65.77627623313548	7.178753
18	1	5e42bdaa1e34a041f065f7ce	Racacax 0	2	-33.70927340310164	19.031054856724655	za	-29.503315207142897	28.23893793415812	988.902039
18	1	5e42bdaa1e34a041f065f7ce	Racacax 0	3	7.873503017856356	-81.47478052487672	pa	-11.97954724076366	-48.23815751004496	4286.692984
18	1	5e42bdaa1e34a041f065f7ce	Racacax 0	4	-23.655072968484127	-64.47744443492253	ar	-11.427311217749455	-74.87592465189343	1748.675612
18	1	5e42bdaa1e34a041f065f7ce	Racacax 0	5	49.06044194593718	-81.02166884371292	ca	49.68132570285646	-83.67935082789957	204.427339
18	1	5eb9c2e197d6cf4bc8c17c07	Ca_Marsh	1	18.37977433974496	-65.84342720989409	pr	13.401848390575816	144.70264464144225	15146.480607
18	1	5eb9c2e197d6cf4bc8c17c07	Ca_Marsh	2	-33.70927340310164	19.031054856724655	za	-24.631206433053503	31.022237669050114	1538.757532
18	1	5eb9c2e197d6cf4bc8c17c07	Ca_Marsh	3	7.873503017856356	-81.47478052487672	pa	6.940317430198678	-75.26176198893027	692.891706
18	1	5eb9c2e197d6cf4bc8c17c07	Ca_Marsh	4	-23.655072968484127	-64.47744443492253	ar	-29.081618640740256	-59.68137766762387	769.466459
18	1	5eb9c2e197d6cf4bc8c17c07	Ca_Marsh	5	49.06044194593718	-81.02166884371292	ca	49.0604516983375	-81.0207612508257	0.066138
18	1	5e626d0512777c7a20431f1c	LordOozik	1	18.37977433974496	-65.84342720989409	pr	18.27694470479639	-66.77530272986166	99.025411
18	1	5e626d0512777c7a20431f1c	LordOozik	2	-33.70927340310164	19.031054856724655	za	-14.901315432130804	-48.807576397776224	7062.601139
18	1	5e626d0512777c7a20431f1c	LordOozik	3	7.873503017856356	-81.47478052487672	pa	-38.603941866575624	-71.41111883916041	5271.904803
18	1	5e626d0512777c7a20431f1c	LordOozik	4	-23.655072968484127	-64.47744443492253	ar	-32.39044243768183	-61.463825213378044	1015.217344
18	1	5e626d0512777c7a20431f1c	LordOozik	5	49.06044194593718	-81.02166884371292	ca	52.067498844924735	-87.21829784646917	550.473532
18	1	5e8fdfa9d51dd65c18f98403	Tbowfr	1	18.37977433974496	-65.84342720989409	pr	17.05354463700316	-94.86809492649813	3074.662882
18	1	5e8fdfa9d51dd65c18f98403	Tbowfr	2	-33.70927340310164	19.031054856724655	za	13.156452968452246	-15.352722362818035	6356.798154
18	1	5e8fdfa9d51dd65c18f98403	Tbowfr	3	7.873503017856356	-81.47478052487672	pa	3.4355134900945927	-73.66303291005269	995.146166
18	1	5e8fdfa9d51dd65c18f98403	Tbowfr	4	-23.655072968484127	-64.47744443492253	ar	-12.802206505355421	-59.073189160052685	1334.461487
18	1	5e8fdfa9d51dd65c18f98403	Tbowfr	5	49.06044194593718	-81.02166884371292	ca	42.75423753873772	-76.65131416005269	778.160171
19	1	677485108d7eb43c58f713b3	Master__Of__Kitten	1	55.91054006960211	11.538941553832316	dk	36.58896988789658	-83.85783119409783	7024.381843
19	1	677485108d7eb43c58f713b3	Master__Of__Kitten	2	64.9742268980229	29.41879640719213	fi	62.89244150536911	25.02636326195064	315.529765
19	1	677485108d7eb43c58f713b3	Master__Of__Kitten	3	18.774540523489406	-103.62778439940335	mx	-1.6717495729521483	-78.79027953034489	3541.206973
19	1	677485108d7eb43c58f713b3	Master__Of__Kitten	4	52.96606333235849	10.31101991664283	de	55.673480931667335	9.419910118938128	306.541307
19	1	677485108d7eb43c58f713b3	Master__Of__Kitten	5	46.80070571149915	-2.0151754053325357	fr	47.962737284582346	0.7432222630669427	244.574871
19	1	5e626d0512777c7a20431f1c	LordOozik	1	55.91054006960211	11.538941553832316	dk	58.71045549197326	25.485207299790822	891.513704
19	1	5e626d0512777c7a20431f1c	LordOozik	2	64.9742268980229	29.41879640719213	fi	67.82950335893679	32.11609754809201	339.359850
19	1	5e626d0512777c7a20431f1c	LordOozik	3	18.774540523489406	-103.62778439940335	mx	-13.409181808304538	-50.99714271597937	6786.212324
19	1	5e626d0512777c7a20431f1c	LordOozik	4	52.96606333235849	10.31101991664283	de	50.59707753077633	11.045314049208015	268.214747
19	1	5e626d0512777c7a20431f1c	LordOozik	5	46.80070571149915	-2.0151754053325357	fr	53.69119754595818	21.296310951424555	1815.134630
19	1	695bb8d2900ad6bdf17374c8	Comte	1	55.91054006960211	11.538941553832316	dk	45.13220664273852	-76.13590174912714	5883.940012
19	1	695bb8d2900ad6bdf17374c8	Comte	2	64.9742268980229	29.41879640719213	fi	66.72480782718034	19.842287367379065	476.547261
19	1	695bb8d2900ad6bdf17374c8	Comte	3	18.774540523489406	-103.62778439940335	mx	17.331020990644763	102.44652577030257	15091.475342
19	1	695bb8d2900ad6bdf17374c8	Comte	4	52.96606333235849	10.31101991664283	de	53.1567490611898	8.219036584410627	141.387340
19	1	695bb8d2900ad6bdf17374c8	Comte	5	46.80070571149915	-2.0151754053325357	fr	44.841819095014394	0.33510226195338166	283.899797
19	1	68f2e3307b1dd2467d0fc0f5	Etterima	1	55.91054006960211	11.538941553832316	dk	51.87994757226056	-101.56718849675394	6555.198025
19	1	68f2e3307b1dd2467d0fc0f5	Etterima	2	64.9742268980229	29.41879640719213	fi	64.06489517586223	27.45449195100769	138.021658
19	1	68f2e3307b1dd2467d0fc0f5	Etterima	3	18.774540523489406	-103.62778439940335	mx	-0.09932612034124849	102.97868663339467	16445.313254
19	1	68f2e3307b1dd2467d0fc0f5	Etterima	4	52.96606333235849	10.31101991664283	de	49.892405397113926	8.060518559758938	375.656755
19	1	68f2e3307b1dd2467d0fc0f5	Etterima	5	46.80070571149915	-2.0151754053325357	fr	47.255022738929895	4.051618394942733	462.480782
19	1	5eb9c2e197d6cf4bc8c17c07	Ca_Marsh	1	55.91054006960211	11.538941553832316	dk	45.85219767748714	-122.68595588427331	7919.134875
19	1	5eb9c2e197d6cf4bc8c17c07	Ca_Marsh	2	64.9742268980229	29.41879640719213	fi	62.43697686929261	30.43937092154341	286.563410
19	1	5eb9c2e197d6cf4bc8c17c07	Ca_Marsh	3	18.774540523489406	-103.62778439940335	mx	14.331360092975599	101.48545699437072	15419.686305
19	1	5eb9c2e197d6cf4bc8c17c07	Ca_Marsh	4	52.96606333235849	10.31101991664283	de	48.8997363538085	7.506317273592411	492.930913
19	1	5eb9c2e197d6cf4bc8c17c07	Ca_Marsh	5	46.80070571149915	-2.0151754053325357	fr	45.44607796051139	0.06200905624312192	219.796683
19	1	66c34181c361d9f3b9a03d9b	OG	1	55.91054006960211	11.538941553832316	dk	58.54285667232294	15.508097565584329	377.693785
19	1	66c34181c361d9f3b9a03d9b	OG	2	64.9742268980229	29.41879640719213	fi	62.58304445814982	-145.22919408139745	5824.537933
19	1	66c34181c361d9f3b9a03d9b	OG	3	18.774540523489406	-103.62778439940335	mx	4.551189263152686	-73.34476691315706	3647.292853
19	1	66c34181c361d9f3b9a03d9b	OG	4	52.96606333235849	10.31101991664283	de	56.03672151782902	12.714816459187537	375.007530
19	1	66c34181c361d9f3b9a03d9b	OG	5	46.80070571149915	-2.0151754053325357	fr	50.77903669050473	21.620181159931924	1778.658494
19	1	5e8fdfa9d51dd65c18f98403	Tbowfr	1	55.91054006960211	11.538941553832316	dk	46.50415928489337	-77.17553674798933	5832.404133
19	1	5e8fdfa9d51dd65c18f98403	Tbowfr	2	64.9742268980229	29.41879640719213	fi	45.896856470844035	-96.69037666005269	6838.396615
19	1	5e8fdfa9d51dd65c18f98403	Tbowfr	3	18.774540523489406	-103.62778439940335	mx	-10.737302149527647	-51.514595410052685	6588.344722
19	1	5e8fdfa9d51dd65c18f98403	Tbowfr	4	52.96606333235849	10.31101991664283	de	56.321993415516545	10.00884208994731	373.667580
19	1	5e8fdfa9d51dd65c18f98403	Tbowfr	5	46.80070571149915	-2.0151754053325357	fr	46.50516516942093	3.8564983399473096	449.258806
20	1	677485108d7eb43c58f713b3	Master__Of__Kitten	1	44.76957373593767	15.604034856411792	hr	44.506711568578496	6.518866633179234	719.053505
20	1	677485108d7eb43c58f713b3	Master__Of__Kitten	2	-1.796326507240524	115.10304462682318	id	-2.849440033147194	114.88209385637576	119.646246
20	1	677485108d7eb43c58f713b3	Master__Of__Kitten	3	39.13819771922672	141.82040699355042	jp	40.51467422614795	140.95100147540361	170.111229
20	1	677485108d7eb43c58f713b3	Master__Of__Kitten	4	-33.09499003384151	-64.3594169704634	ar	-31.10952327001246	-60.42966897301484	430.942590
20	1	677485108d7eb43c58f713b3	Master__Of__Kitten	5	7.345753123913849	81.01309415644442	lk	7.578347465663474	80.4713597482498	65.087136
20	1	6419f1a43171971931581dd7	Grr Jackhammers	1	44.76957373593767	15.604034856411792	hr	40.00197844791593	22.008017076851267	746.318323
20	1	6419f1a43171971931581dd7	Grr Jackhammers	2	-1.796326507240524	115.10304462682318	id	-2.6679991925502087	113.38409219447081	214.178598
20	1	6419f1a43171971931581dd7	Grr Jackhammers	3	39.13819771922672	141.82040699355042	jp	35.3298706441277	137.09405831524603	595.138919
20	1	6419f1a43171971931581dd7	Grr Jackhammers	4	-33.09499003384151	-64.3594169704634	ar	-34.55301196621042	-56.349826807200074	757.214385
20	1	6419f1a43171971931581dd7	Grr Jackhammers	5	7.345753123913849	81.01309415644442	lk	7.82202846810783	80.85421211254125	55.779731
20	1	66c34181c361d9f3b9a03d9b	OG	1	44.76957373593767	15.604034856411792	hr	42.8376623836796	25.882940110030237	851.751427
20	1	66c34181c361d9f3b9a03d9b	OG	2	-1.796326507240524	115.10304462682318	id	-2.959255918869855	119.55783404677327	511.529217
20	1	66c34181c361d9f3b9a03d9b	OG	3	39.13819771922672	141.82040699355042	jp	39.75823810381636	140.96653562130345	100.641416
20	1	66c34181c361d9f3b9a03d9b	OG	4	-33.09499003384151	-64.3594169704634	ar	-33.581432835238154	-62.42592270557465	187.579476
20	1	66c34181c361d9f3b9a03d9b	OG	5	7.345753123913849	81.01309415644442	lk	12.7109885601535	121.66826812070774	4486.646857
20	1	5eb9c2e197d6cf4bc8c17c07	Ca_Marsh	1	44.76957373593767	15.604034856411792	hr	51.13531050722601	22.102194597800143	856.713366
20	1	5eb9c2e197d6cf4bc8c17c07	Ca_Marsh	2	-1.796326507240524	115.10304462682318	id	-4.759477985566204	105.33009973298925	1133.731704
20	1	5eb9c2e197d6cf4bc8c17c07	Ca_Marsh	3	39.13819771922672	141.82040699355042	jp	39.66250739375098	140.67816742850783	114.154003
20	1	5eb9c2e197d6cf4bc8c17c07	Ca_Marsh	4	-33.09499003384151	-64.3594169704634	ar	-35.90091304805165	147.03331865871291	11677.297242
20	1	5eb9c2e197d6cf4bc8c17c07	Ca_Marsh	5	7.345753123913849	81.01309415644442	lk	7.631387918449764	80.54984502063638	60.142111
20	1	5e8fdfa9d51dd65c18f98403	Tbowfr	1	44.76957373593767	15.604034856411792	hr	41.71307406078475	-0.9774860350526904	1382.774511
20	1	5e8fdfa9d51dd65c18f98403	Tbowfr	2	-1.796326507240524	115.10304462682318	id	-1.8500581226780395	115.45452082565724	39.516861
20	1	5e8fdfa9d51dd65c18f98403	Tbowfr	3	39.13819771922672	141.82040699355042	jp	36.36604953433044	137.9261697403305	460.604428
20	1	5e8fdfa9d51dd65c18f98403	Tbowfr	4	-33.09499003384151	-64.3594169704634	ar	17.90447762105041	-97.56928291005269	6678.153044
20	1	5e8fdfa9d51dd65c18f98403	Tbowfr	5	7.345753123913849	81.01309415644442	lk	22.52164643306544	82.95806083994731	1700.280183
20	1	695bb8d2900ad6bdf17374c8	Comte	1	44.76957373593767	15.604034856411792	hr	41.3451081876099	-106.28974838440512	8830.987767
20	1	695bb8d2900ad6bdf17374c8	Comte	2	-1.796326507240524	115.10304462682318	id	-3.4609060764993838	114.82209891449286	187.704942
20	1	695bb8d2900ad6bdf17374c8	Comte	3	39.13819771922672	141.82040699355042	jp	40.44911095225306	140.94075741729714	163.998221
20	1	695bb8d2900ad6bdf17374c8	Comte	4	-33.09499003384151	-64.3594169704634	ar	-33.26071811221414	-58.01265454113932	590.873597
20	1	695bb8d2900ad6bdf17374c8	Comte	5	7.345753123913849	81.01309415644442	lk	8.441221127889191	124.61720802419998	4801.766365
20	1	5e866b87b3ec17798078a43b	Loan	1	44.76957373593767	15.604034856411792	hr	41.40056717986212	33.88017361399287	1527.141573
20	1	5e866b87b3ec17798078a43b	Loan	2	-1.796326507240524	115.10304462682318	id	-3.3849786871290766	114.748230521792	180.993219
20	1	5e866b87b3ec17798078a43b	Loan	3	39.13819771922672	141.82040699355042	jp	39.22143213117494	141.87341547149677	10.321615
20	1	5e866b87b3ec17798078a43b	Loan	4	-33.09499003384151	-64.3594169704634	ar	48.66927245366045	40.04822295448624	13700.113644
20	1	5e866b87b3ec17798078a43b	Loan	5	7.345753123913849	81.01309415644442	lk	14.154740938688757	103.53347953360466	2571.997009
20	1	5e626d0512777c7a20431f1c	LordOozik	1	44.76957373593767	15.604034856411792	hr	39.40140258637873	33.93525068663706	1621.765272
20	1	5e626d0512777c7a20431f1c	LordOozik	2	-1.796326507240524	115.10304462682318	id	-7.217396961772197	110.99056137732724	755.661572
20	1	5e626d0512777c7a20431f1c	LordOozik	3	39.13819771922672	141.82040699355042	jp	37.28267817639707	140.63336803644913	230.918147
20	1	5e626d0512777c7a20431f1c	LordOozik	4	-33.09499003384151	-64.3594169704634	ar	-11.565123360389117	-55.38178350022116	2562.912235
20	1	5e626d0512777c7a20431f1c	LordOozik	5	7.345753123913849	81.01309415644442	lk	2.5575411447833556	-74.36615058981376	17069.653915
20	1	68f2e3307b1dd2467d0fc0f5	Etterima	1	44.76957373593767	15.604034856411792	hr	40.90340162666755	33.62701184594626	1527.502667
20	1	68f2e3307b1dd2467d0fc0f5	Etterima	2	-1.796326507240524	115.10304462682318	id	-3.1011329642132632	104.78221663046828	1155.691481
20	1	68f2e3307b1dd2467d0fc0f5	Etterima	3	39.13819771922672	141.82040699355042	jp	37.39548157062686	140.07219885775254	246.656340
20	1	68f2e3307b1dd2467d0fc0f5	Etterima	4	-33.09499003384151	-64.3594169704634	ar	-26.133448980124868	28.656678671138806	8718.633796
20	1	68f2e3307b1dd2467d0fc0f5	Etterima	5	7.345753123913849	81.01309415644442	lk	8.58094230637984	99.59202383975634	2050.350735
20	1	5e42bdaa1e34a041f065f7ce	Racacax 0	1	44.76957373593767	15.604034856411792	hr	43.76618544679784	16.222343023568268	121.950212
20	1	5e42bdaa1e34a041f065f7ce	Racacax 0	2	-1.796326507240524	115.10304462682318	id	-3.4632219510679736	103.64793723905696	1285.788264
20	1	5e42bdaa1e34a041f065f7ce	Racacax 0	3	39.13819771922672	141.82040699355042	jp	46.35518675072728	14.087628743396188	9182.468010
20	1	5e42bdaa1e34a041f065f7ce	Racacax 0	4	-33.09499003384151	-64.3594169704634	ar	41.001742188373576	-81.44019488846146	8423.192616
20	1	5e42bdaa1e34a041f065f7ce	Racacax 0	5	7.345753123913849	81.01309415644442	lk	5.492071289641764	116.82395802269059	3961.371990
21	1	66c34181c361d9f3b9a03d9b	OG	1	18.760425751020023	-103.81754950666657	mx	16.93796643451503	-96.63691711404523	786.484767
21	1	66c34181c361d9f3b9a03d9b	OG	2	65.00740097597742	53.91346881419221	ru	50.4364803963637	30.83588038395858	2097.322521
21	1	66c34181c361d9f3b9a03d9b	OG	3	15.106291886301554	-89.42523413578495	gt	14.526834915844779	-90.76652938815367	157.926936
21	1	66c34181c361d9f3b9a03d9b	OG	4	53.655078022440826	112.8284446360852	ru	50.24000366145868	-102.56582460948839	7998.130659
21	1	66c34181c361d9f3b9a03d9b	OG	5	50.86695638285318	5.68428579839037	nl	52.257471275722956	5.781319101102604	154.763582
21	1	695bb8d2900ad6bdf17374c8	Comte	1	18.760425751020023	-103.81754950666657	mx	7.729651130589577	124.7457710326393	13931.351796
21	1	695bb8d2900ad6bdf17374c8	Comte	2	65.00740097597742	53.91346881419221	ru	57.99485368518861	56.254301468654106	789.450659
21	1	695bb8d2900ad6bdf17374c8	Comte	3	15.106291886301554	-89.42523413578495	gt	14.408169408273167	-90.25995455530742	118.667131
21	1	695bb8d2900ad6bdf17374c8	Comte	4	53.655078022440826	112.8284446360852	ru	46.38882333182438	-65.05202576162682	8888.902963
21	1	695bb8d2900ad6bdf17374c8	Comte	5	50.86695638285318	5.68428579839037	nl	52.337339682261	5.0061085877197975	170.073825
21	1	5eb9c2e197d6cf4bc8c17c07	Ca_Marsh	1	18.760425751020023	-103.81754950666657	mx	-2.95009088133723	103.5323965444531	16559.367210
21	1	5eb9c2e197d6cf4bc8c17c07	Ca_Marsh	2	65.00740097597742	53.91346881419221	ru	52.30369902205114	38.999092493345316	1645.845634
21	1	5eb9c2e197d6cf4bc8c17c07	Ca_Marsh	3	15.106291886301554	-89.42523413578495	gt	15.377567403838166	-91.62435065764629	237.848326
21	1	5eb9c2e197d6cf4bc8c17c07	Ca_Marsh	4	53.655078022440826	112.8284446360852	ru	64.01466511065523	12.364666566242425	5270.619781
21	1	5eb9c2e197d6cf4bc8c17c07	Ca_Marsh	5	50.86695638285318	5.68428579839037	nl	51.61821719278776	7.621535936974206	158.622957
21	1	68f2e3307b1dd2467d0fc0f5	Etterima	1	18.760425751020023	-103.81754950666657	mx	3.7879171368264712	102.01564941721782	16235.612450
21	1	68f2e3307b1dd2467d0fc0f5	Etterima	2	65.00740097597742	53.91346881419221	ru	55.83504988875067	49.32749879084012	1049.843579
21	1	68f2e3307b1dd2467d0fc0f5	Etterima	3	15.106291886301554	-89.42523413578495	gt	15.298689441993767	-89.9769726069328	62.950326
21	1	68f2e3307b1dd2467d0fc0f5	Etterima	4	53.655078022440826	112.8284446360852	ru	52.34918557839777	-106.63002211694926	7673.476456
21	1	68f2e3307b1dd2467d0fc0f5	Etterima	5	50.86695638285318	5.68428579839037	nl	56.197799785381484	9.41880308132471	641.862088
21	1	5e626d0512777c7a20431f1c	LordOozik	1	18.760425751020023	-103.81754950666657	mx	14.529037659050683	-89.92278975899097	1552.573218
21	1	5e626d0512777c7a20431f1c	LordOozik	2	65.00740097597742	53.91346881419221	ru	54.28905865280233	42.36879067116816	1352.103373
21	1	5e626d0512777c7a20431f1c	LordOozik	3	15.106291886301554	-89.42523413578495	gt	23.20191942633095	-99.32708575391732	1374.544291
21	1	5e626d0512777c7a20431f1c	LordOozik	4	53.655078022440826	112.8284446360852	ru	66.5820470778416	26.180987976416244	4576.613707
21	1	5e626d0512777c7a20431f1c	LordOozik	5	50.86695638285318	5.68428579839037	nl	55.39793702918859	9.26449605585793	557.390909
21	1	677485108d7eb43c58f713b3	Master__Of__Kitten	1	18.760425751020023	-103.81754950666657	mx	-5.926562463376112	-36.289177074914576	7886.693924
21	1	677485108d7eb43c58f713b3	Master__Of__Kitten	2	65.00740097597742	53.91346881419221	ru	49.001276427816066	44.04092586351804	1872.298809
21	1	677485108d7eb43c58f713b3	Master__Of__Kitten	3	15.106291886301554	-89.42523413578495	gt	14.356547534634316	-91.0591656600754	194.485081
21	1	677485108d7eb43c58f713b3	Master__Of__Kitten	4	53.655078022440826	112.8284446360852	ru	48.95098686638474	-118.35983262286933	7637.339073
21	1	677485108d7eb43c58f713b3	Master__Of__Kitten	5	50.86695638285318	5.68428579839037	nl	58.938488920280136	8.67486626616523	917.416566
21	1	5e8fdfa9d51dd65c18f98403	Tbowfr	1	18.760425751020023	-103.81754950666657	mx	11.561998804918666	106.9439608880883	15246.107191
21	1	5e8fdfa9d51dd65c18f98403	Tbowfr	2	65.00740097597742	53.91346881419221	ru	53.06099373626369	46.44174645473199	1393.178238
21	1	5e8fdfa9d51dd65c18f98403	Tbowfr	3	15.106291886301554	-89.42523413578495	gt	-32.7605263615241	-62.764595410052685	6030.068907
21	1	5e8fdfa9d51dd65c18f98403	Tbowfr	4	53.655078022440826	112.8284446360852	ru	61.98488931802619	25.653373339947308	4842.276240
21	1	5e8fdfa9d51dd65c18f98403	Tbowfr	5	50.86695638285318	5.68428579839037	nl	56.806265601102794	14.05181083994731	857.589812
22	1	677485108d7eb43c58f713b3	Master__Of__Kitten	1	41.734404764083536	71.97771453195207	kg	41.791986024855255	75.72479191745413	310.826706
22	1	677485108d7eb43c58f713b3	Master__Of__Kitten	2	-3.2404135729268986	-39.494691826127955	br	-5.259856030579501	-40.11834396725297	234.958666
22	1	677485108d7eb43c58f713b3	Master__Of__Kitten	3	48.32297704883655	39.95870159368663	ru	43.01256740760085	25.360854349988184	1275.926719
22	1	677485108d7eb43c58f713b3	Master__Of__Kitten	4	-10.154722140503187	-49.07977690782395	br	-16.6891576416132	-46.464557697943725	779.645657
22	1	677485108d7eb43c58f713b3	Master__Of__Kitten	5	55.96742491065795	92.58181082054186	ru	57.02695938963085	35.913945129205636	3379.152973
22	1	695bb8d2900ad6bdf17374c8	Comte	1	41.734404764083536	71.97771453195207	kg	40.08109664200177	70.79816194316841	208.855486
22	1	695bb8d2900ad6bdf17374c8	Comte	2	-3.2404135729268986	-39.494691826127955	br	-15.216238327003747	-59.324875844607995	2547.634687
22	1	695bb8d2900ad6bdf17374c8	Comte	3	48.32297704883655	39.95870159368663	ru	47.99073725003705	44.0204481170235	303.509654
22	1	695bb8d2900ad6bdf17374c8	Comte	4	-10.154722140503187	-49.07977690782395	br	-13.540837388087617	-49.29447801070733	377.242868
22	1	695bb8d2900ad6bdf17374c8	Comte	5	55.96742491065795	92.58181082054186	ru	43.13299121096709	26.805646682738463	4755.027693
22	1	5e8fdfa9d51dd65c18f98403	Tbowfr	1	41.734404764083536	71.97771453195207	kg	41.43135155208159	75.47072903615445	292.452889
22	1	5e8fdfa9d51dd65c18f98403	Tbowfr	2	-3.2404135729268986	-39.494691826127955	br	-15.698190405674772	-53.448189160052685	2061.730959
22	1	5e8fdfa9d51dd65c18f98403	Tbowfr	3	48.32297704883655	39.95870159368663	ru	52.54225765815962	44.81352958994731	581.400442
22	1	5e8fdfa9d51dd65c18f98403	Tbowfr	4	-10.154722140503187	-49.07977690782395	br	2.3821998383775074	-72.95990791005269	2988.790942
22	1	5e8fdfa9d51dd65c18f98403	Tbowfr	5	55.96742491065795	92.58181082054186	ru	56.02844665390384	24.598685839947308	4051.660589
22	1	66c34181c361d9f3b9a03d9b	OG	1	41.734404764083536	71.97771453195207	kg	41.792416306195385	76.45760512353269	371.578138
22	1	66c34181c361d9f3b9a03d9b	OG	2	-3.2404135729268986	-39.494691826127955	br	-13.88923514486431	-48.84991889826139	1567.449569
22	1	66c34181c361d9f3b9a03d9b	OG	3	48.32297704883655	39.95870159368663	ru	45.81336859357792	43.79068205216749	402.525066
22	1	66c34181c361d9f3b9a03d9b	OG	4	-10.154722140503187	-49.07977690782395	br	-28.04797313165368	29.85939741486119	8400.560136
22	1	66c34181c361d9f3b9a03d9b	OG	5	55.96742491065795	92.58181082054186	ru	55.387352708116	24.012106065552494	4118.848412
22	1	5eb9c2e197d6cf4bc8c17c07	Ca_Marsh	1	41.734404764083536	71.97771453195207	kg	40.165847590999945	73.51102790777662	216.793523
22	1	5eb9c2e197d6cf4bc8c17c07	Ca_Marsh	2	-3.2404135729268986	-39.494691826127955	br	-20.959288884389096	-52.006582931937935	2390.663464
22	1	5eb9c2e197d6cf4bc8c17c07	Ca_Marsh	3	48.32297704883655	39.95870159368663	ru	50.53700153787598	27.762251433604195	914.547045
22	1	5eb9c2e197d6cf4bc8c17c07	Ca_Marsh	4	-10.154722140503187	-49.07977690782395	br	-35.24162985096969	147.89540100142437	14660.960152
22	1	5eb9c2e197d6cf4bc8c17c07	Ca_Marsh	5	55.96742491065795	92.58181082054186	ru	51.28367903133511	26.51770035517471	4218.988146
22	1	68f2e3307b1dd2467d0fc0f5	Etterima	1	41.734404764083536	71.97771453195207	kg	41.415533178184106	75.05290286441918	258.236369
22	1	68f2e3307b1dd2467d0fc0f5	Etterima	2	-3.2404135729268986	-39.494691826127955	br	-12.133227363556669	-51.78264439887019	1675.504440
22	1	68f2e3307b1dd2467d0fc0f5	Etterima	3	48.32297704883655	39.95870159368663	ru	56.11772273270901	92.98657116527613	3618.325001
22	1	68f2e3307b1dd2467d0fc0f5	Etterima	4	-10.154722140503187	-49.07977690782395	br	-34.90097564516968	-65.17960075627491	3199.744534
22	1	68f2e3307b1dd2467d0fc0f5	Etterima	5	55.96742491065795	92.58181082054186	ru	50.1052013612863	28.16345896746544	4196.358624
22	1	5e626d0512777c7a20431f1c	LordOozik	1	41.734404764083536	71.97771453195207	kg	57.4243931205827	84.76184200771009	1965.684610
22	1	5e626d0512777c7a20431f1c	LordOozik	2	-3.2404135729268986	-39.494691826127955	br	-27.90831749171926	27.235402402100643	7558.445430
22	1	5e626d0512777c7a20431f1c	LordOozik	3	48.32297704883655	39.95870159368663	ru	49.22971811043975	35.32181048980725	354.356283
22	1	5e626d0512777c7a20431f1c	LordOozik	4	-10.154722140503187	-49.07977690782395	br	-36.84652558416186	147.91482292691526	14495.344786
22	1	5e626d0512777c7a20431f1c	LordOozik	5	55.96742491065795	92.58181082054186	ru	51.70588350602525	12.243839831432068	4990.108129
22	1	5e42bdaa1e34a041f065f7ce	Racacax 0	1	41.734404764083536	71.97771453195207	kg	43.61262213563279	20.149222949322308	4172.660897
22	1	5e42bdaa1e34a041f065f7ce	Racacax 0	2	-3.2404135729268986	-39.494691826127955	br	-8.699979724013273	-64.35099800963876	2813.855557
22	1	5e42bdaa1e34a041f065f7ce	Racacax 0	3	48.32297704883655	39.95870159368663	ru	56.926731298108194	25.839881231519286	1345.396502
22	1	5e42bdaa1e34a041f065f7ce	Racacax 0	4	-10.154722140503187	-49.07977690782395	br	-34.042021000969115	-56.24930756447192	2754.763699
22	1	5e42bdaa1e34a041f065f7ce	Racacax 0	5	55.96742491065795	92.58181082054186	ru	58.73819692214351	25.122937680383128	3885.379112
23	1	677485108d7eb43c58f713b3	Master__Of__Kitten	1	50.199452983196586	20.325174939531493	pl	45.43522250676173	17.7161367491442	564.348275
23	1	677485108d7eb43c58f713b3	Master__Of__Kitten	2	49.99713163207226	31.00370615994754	ua	50.09767665973633	25.868348379345214	366.784266
23	1	677485108d7eb43c58f713b3	Master__Of__Kitten	3	-27.571483116770636	-70.21516598655505	cl	-22.92109774574561	-68.08897344719446	559.532076
23	1	677485108d7eb43c58f713b3	Master__Of__Kitten	4	1.777612128854694	40.06429332895483	ke	-0.9112534498339651	38.069455107683815	372.269250
23	1	677485108d7eb43c58f713b3	Master__Of__Kitten	5	-15.792426640817135	128.7070384181848	au	7.426699420118204	125.2313704768493	2610.065438
23	1	695bb8d2900ad6bdf17374c8	Comte	1	50.199452983196586	20.325174939531493	pl	45.26817947956663	20.802168555078122	549.488443
23	1	695bb8d2900ad6bdf17374c8	Comte	2	49.99713163207226	31.00370615994754	ua	51.42869600394403	41.70234389281876	769.172237
23	1	695bb8d2900ad6bdf17374c8	Comte	3	-27.571483116770636	-70.21516598655505	cl	-31.882091261952215	-70.70972236100263	481.688631
23	1	695bb8d2900ad6bdf17374c8	Comte	4	1.777612128854694	40.06429332895483	ke	11.986969082346945	8.582210390768594	3650.925784
23	1	695bb8d2900ad6bdf17374c8	Comte	5	-15.792426640817135	128.7070384181848	au	-27.641960839652693	-55.58645474472688	15163.276142
23	1	66c34181c361d9f3b9a03d9b	OG	1	50.199452983196586	20.325174939531493	pl	50.12143989781021	22.351540626295755	144.605931
23	1	66c34181c361d9f3b9a03d9b	OG	2	49.99713163207226	31.00370615994754	ua	48.97451554997729	11.577529149994085	1403.891070
23	1	66c34181c361d9f3b9a03d9b	OG	3	-27.571483116770636	-70.21516598655505	cl	-20.23597212432515	-69.64399306613285	817.731171
23	1	66c34181c361d9f3b9a03d9b	OG	4	1.777612128854694	40.06429332895483	ke	23.43594346878284	58.2040359770286	3101.555046
23	1	66c34181c361d9f3b9a03d9b	OG	5	-15.792426640817135	128.7070384181848	au	-16.945930215053398	-49.461732397445275	16369.213352
23	1	5eb9c2e197d6cf4bc8c17c07	Ca_Marsh	1	50.199452983196586	20.325174939531493	pl	54.73263388436769	24.373486442556235	573.616639
23	1	5eb9c2e197d6cf4bc8c17c07	Ca_Marsh	2	49.99713163207226	31.00370615994754	ua	52.06777261152941	34.88617826277143	355.893393
23	1	5eb9c2e197d6cf4bc8c17c07	Ca_Marsh	3	-27.571483116770636	-70.21516598655505	cl	-35.0909083334777	-67.85594590826769	865.538525
23	1	5eb9c2e197d6cf4bc8c17c07	Ca_Marsh	4	1.777612128854694	40.06429332895483	ke	14.285615617437472	-15.931907108358617	6302.271337
23	1	5eb9c2e197d6cf4bc8c17c07	Ca_Marsh	5	-15.792426640817135	128.7070384181848	au	-29.81822346310152	-59.922121505171276	14859.694772
23	1	5e8fdfa9d51dd65c18f98403	Tbowfr	1	50.199452983196586	20.325174939531493	pl	45.47640828721957	18.213360790805005	548.260526
23	1	5e8fdfa9d51dd65c18f98403	Tbowfr	2	49.99713163207226	31.00370615994754	ua	44.82429173814657	10.963933324447526	1607.872393
23	1	5e8fdfa9d51dd65c18f98403	Tbowfr	3	-27.571483116770636	-70.21516598655505	cl	-27.25595691582137	-68.58853368244534	164.349209
23	1	5e8fdfa9d51dd65c18f98403	Tbowfr	4	1.777612128854694	40.06429332895483	ke	14.812593673144368	-15.07881571364161	6219.174782
23	1	5e8fdfa9d51dd65c18f98403	Tbowfr	5	-15.792426640817135	128.7070384181848	au	-24.939402821769587	-53.870538468665806	15477.301540
23	1	5e626d0512777c7a20431f1c	LordOozik	1	50.199452983196586	20.325174939531493	pl	54.21945400447029	43.05571342160288	1604.069595
23	1	5e626d0512777c7a20431f1c	LordOozik	2	49.99713163207226	31.00370615994754	ua	48.576102861490426	8.134471612521246	1659.661559
23	1	5e626d0512777c7a20431f1c	LordOozik	3	-27.571483116770636	-70.21516598655505	cl	-23.224563038710922	-69.23394104394761	493.294149
23	1	5e626d0512777c7a20431f1c	LordOozik	4	1.777612128854694	40.06429332895483	ke	-28.839925657172465	22.75558197168076	3871.946947
23	1	5e626d0512777c7a20431f1c	LordOozik	5	-15.792426640817135	128.7070384181848	au	-15.495028872950876	-52.39349639606065	16533.982625
24	1	695bb8d2900ad6bdf17374c8	Comte	1	14.62719746647704	-91.733239635436	gt	14.749683415327738	-90.63584239166771	118.820125
24	1	695bb8d2900ad6bdf17374c8	Comte	2	56.83487770001844	62.73782148864113	ru	56.035220575187445	35.9056672000981	1641.367762
24	1	695bb8d2900ad6bdf17374c8	Comte	3	-37.16130149343075	-63.24597291988077	ar	-29.889483576461757	-60.28484675813721	853.768001
24	1	695bb8d2900ad6bdf17374c8	Comte	4	5.0166347769798	-72.37261515545333	co	-43.84092350296284	171.50399050281408	12469.807839
24	1	695bb8d2900ad6bdf17374c8	Comte	5	-29.63017228244478	31.04939950337134	za	-29.660978243195007	30.944969757749742	10.657555
24	1	677485108d7eb43c58f713b3	Master__Of__Kitten	1	14.62719746647704	-91.733239635436	gt	15.461208184773978	-90.37737786989908	172.622231
24	1	677485108d7eb43c58f713b3	Master__Of__Kitten	2	56.83487770001844	62.73782148864113	ru	55.600542037746266	35.143913512964204	1699.942121
24	1	677485108d7eb43c58f713b3	Master__Of__Kitten	3	-37.16130149343075	-63.24597291988077	ar	-31.42694037136195	-64.18232984882822	643.396152
24	1	677485108d7eb43c58f713b3	Master__Of__Kitten	4	5.0166347769798	-72.37261515545333	co	23.068797840111095	91.02429766864181	16408.885931
24	1	677485108d7eb43c58f713b3	Master__Of__Kitten	5	-29.63017228244478	31.04939950337134	za	-24.19245289892981	29.01943776683468	637.224965
24	1	66c34181c361d9f3b9a03d9b	OG	1	14.62719746647704	-91.733239635436	gt	15.095972114897872	-90.43458932661768	148.988016
24	1	66c34181c361d9f3b9a03d9b	OG	2	56.83487770001844	62.73782148864113	ru	50.588284437423304	32.29148686630523	2099.936750
24	1	66c34181c361d9f3b9a03d9b	OG	3	-37.16130149343075	-63.24597291988077	ar	-34.079843621014774	-62.06416610548019	358.898128
24	1	66c34181c361d9f3b9a03d9b	OG	4	5.0166347769798	-72.37261515545333	co	-28.709022324272787	31.3061262147575	11608.279343
24	1	66c34181c361d9f3b9a03d9b	OG	5	-29.63017228244478	31.04939950337134	za	-33.541236505293135	20.326016540887487	1104.164746
24	1	5e626d0512777c7a20431f1c	LordOozik	1	14.62719746647704	-91.733239635436	gt	20.091336659163023	105.086515227758	15738.965933
24	1	5e626d0512777c7a20431f1c	LordOozik	2	56.83487770001844	62.73782148864113	ru	54.32210233644777	52.37211879975417	708.018410
24	1	5e626d0512777c7a20431f1c	LordOozik	3	-37.16130149343075	-63.24597291988077	ar	-33.35007520446619	-61.70990177421197	446.130229
24	1	5e626d0512777c7a20431f1c	LordOozik	4	5.0166347769798	-72.37261515545333	co	18.4283049533913	-97.93473269438248	3150.249159
24	1	5e626d0512777c7a20431f1c	LordOozik	5	-29.63017228244478	31.04939950337134	za	-31.86943801480003	25.56548068337536	580.089157
24	1	64836c81ad20f4a5e20f1cb9	Breeze	1	14.62719746647704	-91.733239635436	gt	14.667736130096973	-90.51625341782797	131.002123
24	1	64836c81ad20f4a5e20f1cb9	Breeze	2	56.83487770001844	62.73782148864113	ru	43.58204127274454	27.624345843880608	2855.155062
24	1	64836c81ad20f4a5e20f1cb9	Breeze	3	-37.16130149343075	-63.24597291988077	ar	-14.49961835805138	-46.32904853505269	3024.605094
24	1	64836c81ad20f4a5e20f1cb9	Breeze	4	5.0166347769798	-72.37261515545333	co	-39.73823034565357	175.97871909271237	12207.593991
24	1	64836c81ad20f4a5e20f1cb9	Breeze	5	-29.63017228244478	31.04939950337134	za	-29.47225691671386	28.130377293737325	282.895351
24	1	5e8fdfa9d51dd65c18f98403	Tbowfr	1	14.62719746647704	-91.733239635436	gt	18.568247427290277	-68.34798366198824	2528.188231
24	1	5e8fdfa9d51dd65c18f98403	Tbowfr	2	56.83487770001844	62.73782148864113	ru	54.246516564133586	40.56350690733286	1417.833171
24	1	5e8fdfa9d51dd65c18f98403	Tbowfr	3	-37.16130149343075	-63.24597291988077	ar	-28.18976242900378	-65.6549960942474	1022.639202
24	1	5e8fdfa9d51dd65c18f98403	Tbowfr	4	5.0166347769798	-72.37261515545333	co	-21.197196871168376	-51.67659465834975	3686.402169
24	1	5e8fdfa9d51dd65c18f98403	Tbowfr	5	-29.63017228244478	31.04939950337134	za	-29.217492492528784	25.857565992379094	504.884623
24	1	5eb9c2e197d6cf4bc8c17c07	Ca_Marsh	1	14.62719746647704	-91.733239635436	gt	16.84138532063401	-89.81614265446304	320.485962
24	1	5eb9c2e197d6cf4bc8c17c07	Ca_Marsh	2	56.83487770001844	62.73782148864113	ru	62.4971101824558	30.39944342542105	1898.256705
24	1	5eb9c2e197d6cf4bc8c17c07	Ca_Marsh	3	-37.16130149343075	-63.24597291988077	ar	-7.153205622130199	-39.25683866694683	4124.601504
24	1	5eb9c2e197d6cf4bc8c17c07	Ca_Marsh	4	5.0166347769798	-72.37261515545333	co	14.130291366557417	101.21262220744651	17771.523317
24	1	5eb9c2e197d6cf4bc8c17c07	Ca_Marsh	5	-29.63017228244478	31.04939950337134	za	-33.870802707005396	19.178619490401957	1216.435958
24	1	68f2e3307b1dd2467d0fc0f5	Etterima	1	14.62719746647704	-91.733239635436	gt	16.132276261582767	-90.18159603714311	235.967694
24	1	68f2e3307b1dd2467d0fc0f5	Etterima	2	56.83487770001844	62.73782148864113	ru	50.741454159016484	29.72215715347894	2246.960282
24	1	68f2e3307b1dd2467d0fc0f5	Etterima	3	-37.16130149343075	-63.24597291988077	ar	28.132352282936566	-103.88094987553731	8407.539002
24	1	68f2e3307b1dd2467d0fc0f5	Etterima	4	5.0166347769798	-72.37261515545333	co	-33.63192277829145	19.05764675809271	10448.350535
24	1	68f2e3307b1dd2467d0fc0f5	Etterima	5	-29.63017228244478	31.04939950337134	za	-33.735847244044386	19.003936111869052	1226.785691
25	1	66c34181c361d9f3b9a03d9b	OG	1	54.23729788174612	19.651418205276723	pl	50.55302250362516	17.63904317510214	431.782427
25	1	66c34181c361d9f3b9a03d9b	OG	2	7.117974794297515	125.33470794617357	ph	11.81290722811523	122.93343094950473	584.690319
25	1	66c34181c361d9f3b9a03d9b	OG	3	39.34928344512803	-76.57911525273036	us	40.19194349651048	-79.83434253238936	293.543503
25	1	66c34181c361d9f3b9a03d9b	OG	4	24.850162932053937	56.13826772236741	ae	25.14529525606565	56.22006315233165	33.836673
25	1	66c34181c361d9f3b9a03d9b	OG	5	10.350970076536122	77.94926382526494	in	10.947013371617741	77.133820892071	111.055924
25	1	677485108d7eb43c58f713b3	Master__Of__Kitten	1	54.23729788174612	19.651418205276723	pl	51.232376268870404	20.288241961956846	336.867950
25	1	677485108d7eb43c58f713b3	Master__Of__Kitten	2	7.117974794297515	125.33470794617357	ph	10.430107209699722	123.81285213915109	404.476015
25	1	677485108d7eb43c58f713b3	Master__Of__Kitten	3	39.34928344512803	-76.57911525273036	us	36.34093197585536	-87.17346369262478	987.826461
25	1	677485108d7eb43c58f713b3	Master__Of__Kitten	4	24.850162932053937	56.13826772236741	ae	25.256508178243593	56.15406389201029	45.211539
25	1	677485108d7eb43c58f713b3	Master__Of__Kitten	5	10.350970076536122	77.94926382526494	in	16.077997237859943	78.33185891181964	638.160415
25	1	61f34541904c1e0001f465da	Comte	1	54.23729788174612	19.651418205276723	pl	52.91481622882722	18.486949893814327	165.932320
25	1	61f34541904c1e0001f465da	Comte	2	7.117974794297515	125.33470794617357	ph	8.241017708033072	124.84578125830882	136.003621
25	1	61f34541904c1e0001f465da	Comte	3	39.34928344512803	-76.57911525273036	us	36.04293479521752	-79.70539405215642	459.086929
25	1	61f34541904c1e0001f465da	Comte	4	24.850162932053937	56.13826772236741	ae	-18.74087281913409	-69.69747995257357	14416.532533
25	1	61f34541904c1e0001f465da	Comte	5	10.350970076536122	77.94926382526494	in	20.672877732773106	75.34071004300947	1181.173361
25	1	5e626d0512777c7a20431f1c	LordOozik	1	54.23729788174612	19.651418205276723	pl	48.42508563066147	11.992529472023769	836.179130
25	1	5e626d0512777c7a20431f1c	LordOozik	2	7.117974794297515	125.33470794617357	ph	-10.795186057454481	-73.47765774737456	17909.284537
25	1	5e626d0512777c7a20431f1c	LordOozik	3	39.34928344512803	-76.57911525273036	us	35.793229630770746	-80.0071999944428	497.535752
25	1	5e626d0512777c7a20431f1c	LordOozik	4	24.850162932053937	56.13826772236741	ae	39.71454433186974	-4.405219636903845	5813.463418
25	1	5e626d0512777c7a20431f1c	LordOozik	5	10.350970076536122	77.94926382526494	in	16.771624476349636	78.60746790709541	717.476260
25	1	5eb9c2e197d6cf4bc8c17c07	Ca_Marsh	1	54.23729788174612	19.651418205276723	pl	50.55281891434594	17.63881922594904	431.808796
25	1	5eb9c2e197d6cf4bc8c17c07	Ca_Marsh	2	7.117974794297515	125.33470794617357	ph	10.379135293200674	123.19230199678468	432.340686
25	1	5eb9c2e197d6cf4bc8c17c07	Ca_Marsh	3	39.34928344512803	-76.57911525273036	us	46.86048183580568	-96.868445982821	1839.380784
25	1	5eb9c2e197d6cf4bc8c17c07	Ca_Marsh	4	24.850162932053937	56.13826772236741	ae	-13.815961278573564	-74.1732040020804	14688.742832
25	1	5eb9c2e197d6cf4bc8c17c07	Ca_Marsh	5	10.350970076536122	77.94926382526494	in	14.174089251673443	-15.4473543333725	10087.255952
25	1	5e8fdfa9d51dd65c18f98403	Tbowfr	1	54.23729788174612	19.651418205276723	pl	49.0719818700802	11.27286444630764	813.811674
25	1	5e8fdfa9d51dd65c18f98403	Tbowfr	2	7.117974794297515	125.33470794617357	ph	24.376076337971814	90.42876396494731	4180.078550
25	1	5e8fdfa9d51dd65c18f98403	Tbowfr	3	39.34928344512803	-76.57911525273036	us	40.184656531647256	-92.99596504000063	1404.216903
25	1	5e8fdfa9d51dd65c18f98403	Tbowfr	4	24.850162932053937	56.13826772236741	ae	-22.422244749283365	-68.12592353505269	14370.677496
25	1	5e8fdfa9d51dd65c18f98403	Tbowfr	5	10.350970076536122	77.94926382526494	in	17.065677625513608	76.37957817798139	765.629298
25	1	68f2e3307b1dd2467d0fc0f5	Etterima	1	54.23729788174612	19.651418205276723	pl	50.54274844031239	17.62418459721746	433.189712
25	1	68f2e3307b1dd2467d0fc0f5	Etterima	2	7.117974794297515	125.33470794617357	ph	-3.3136497911643246	-79.5853426970168	17224.038277
25	1	68f2e3307b1dd2467d0fc0f5	Etterima	3	39.34928344512803	-76.57911525273036	us	39.6245579231444	-88.41219987553731	1015.205534
25	1	68f2e3307b1dd2467d0fc0f5	Etterima	4	24.850162932053937	56.13826772236741	ae	-28.657518387177845	-70.11509537526247	14705.894983
25	1	68f2e3307b1dd2467d0fc0f5	Etterima	5	10.350970076536122	77.94926382526494	in	22.104454024858736	82.70528519517177	1401.695077
26	1	68f2e3307b1dd2467d0fc0f5	Etterima	1	21.73591782281988	-103.21265998415208	mx	27.727368897602457	-106.5520550990125	746.605654
26	1	68f2e3307b1dd2467d0fc0f5	Etterima	2	47.00148913950529	-72.17056107851087	ca	34.93359390402343	-89.74579913425224	1986.069957
26	1	68f2e3307b1dd2467d0fc0f5	Etterima	3	50.55533310154709	36.51379546657741	ru	52.52444073343552	41.66038904505595	417.742602
26	1	68f2e3307b1dd2467d0fc0f5	Etterima	4	17.37950672394864	99.30238554039818	th	14.836674851074115	99.69229693278906	285.801092
26	1	68f2e3307b1dd2467d0fc0f5	Etterima	5	-24.584053725609927	25.81023107302233	bw	-26.622856552235252	27.361844815398026	274.952051
26	1	5c56ee0598004eb1d8633f44	RUMME	1	21.73591782281988	-103.21265998415208	mx	25.227775753190244	-105.21674942125935	438.763359
26	1	5c56ee0598004eb1d8633f44	RUMME	2	47.00148913950529	-72.17056107851087	ca	53.53358631661725	-115.04786787408837	3082.646682
26	1	5c56ee0598004eb1d8633f44	RUMME	3	50.55533310154709	36.51379546657741	ru	55.05646283386222	35.25663641077819	507.563974
26	1	5c56ee0598004eb1d8633f44	RUMME	4	17.37950672394864	99.30238554039818	th	15.010352589822265	99.4122346879497	263.698892
26	1	5c56ee0598004eb1d8633f44	RUMME	5	-24.584053725609927	25.81023107302233	bw	-23.91236137333197	30.126610467816455	443.921729
26	1	677485108d7eb43c58f713b3	Master__Of__Kitten	1	21.73591782281988	-103.21265998415208	mx	-25.17432615385907	-67.72765341208917	6471.189742
26	1	677485108d7eb43c58f713b3	Master__Of__Kitten	2	47.00148913950529	-72.17056107851087	ca	41.483849151805686	-76.59396472490032	707.237414
26	1	677485108d7eb43c58f713b3	Master__Of__Kitten	3	50.55533310154709	36.51379546657741	ru	49.67880166455324	31.348230657833565	380.896170
26	1	677485108d7eb43c58f713b3	Master__Of__Kitten	4	17.37950672394864	99.30238554039818	th	17.754546375738926	99.6179616708719	53.462735
26	1	677485108d7eb43c58f713b3	Master__Of__Kitten	5	-24.584053725609927	25.81023107302233	bw	-26.7743010273647	31.40698398771414	611.369285
26	1	5e626d0512777c7a20431f1c	LordOozik	1	21.73591782281988	-103.21265998415208	mx	27.657324990379983	-104.29147877406747	667.376522
26	1	5e626d0512777c7a20431f1c	LordOozik	2	47.00148913950529	-72.17056107851087	ca	44.5847719493775	-72.79428988348992	273.040455
26	1	5e626d0512777c7a20431f1c	LordOozik	3	50.55533310154709	36.51379546657741	ru	53.59818160291229	53.77836866815439	1223.963878
26	1	5e626d0512777c7a20431f1c	LordOozik	4	17.37950672394864	99.30238554039818	th	8.144586727395776	80.56102672961268	2274.469754
26	1	5e626d0512777c7a20431f1c	LordOozik	5	-24.584053725609927	25.81023107302233	bw	-28.443691524444077	23.251650956122887	498.953181
26	1	695bb8d2900ad6bdf17374c8	Comte	1	21.73591782281988	-103.21265998415208	mx	28.847173072448765	-107.72582817804278	911.416173
26	1	695bb8d2900ad6bdf17374c8	Comte	2	47.00148913950529	-72.17056107851087	ca	47.95308746874556	-66.94671073567632	406.515055
26	1	695bb8d2900ad6bdf17374c8	Comte	3	50.55533310154709	36.51379546657741	ru	54.661020640707186	25.36474812321927	878.955913
26	1	695bb8d2900ad6bdf17374c8	Comte	4	17.37950672394864	99.30238554039818	th	16.78389547775868	101.17791196841806	210.061042
26	1	695bb8d2900ad6bdf17374c8	Comte	5	-24.584053725609927	25.81023107302233	bw	-16.614203642751068	-52.95096382460657	8141.107697
26	1	66c34181c361d9f3b9a03d9b	OG	1	21.73591782281988	-103.21265998415208	mx	35.75158226667828	-107.86945687516149	1622.641639
26	1	66c34181c361d9f3b9a03d9b	OG	2	47.00148913950529	-72.17056107851087	ca	40.89559922229274	-99.13912065699854	2250.284533
26	1	66c34181c361d9f3b9a03d9b	OG	3	50.55533310154709	36.51379546657741	ru	54.55415842548127	44.99283624114572	724.654915
26	1	66c34181c361d9f3b9a03d9b	OG	4	17.37950672394864	99.30238554039818	th	12.734604638351607	103.70631106136608	700.158634
26	1	66c34181c361d9f3b9a03d9b	OG	5	-24.584053725609927	25.81023107302233	bw	-24.052740321391386	30.67809438383069	496.752052
26	1	5e8fdfa9d51dd65c18f98403	Tbowfr	1	21.73591782281988	-103.21265998415208	mx	32.155690942248064	-111.71769056192302	1431.567865
26	1	5e8fdfa9d51dd65c18f98403	Tbowfr	2	47.00148913950529	-72.17056107851087	ca	43.0683458740629	-100.25809443780236	2237.322327
26	1	5e8fdfa9d51dd65c18f98403	Tbowfr	3	50.55533310154709	36.51379546657741	ru	63.90305950182685	28.465873339947308	1558.342525
26	1	5e8fdfa9d51dd65c18f98403	Tbowfr	4	17.37950672394864	99.30238554039818	th	16.036073092096462	101.47165670642737	275.110808
26	1	5e8fdfa9d51dd65c18f98403	Tbowfr	5	-24.584053725609927	25.81023107302233	bw	-27.589668369102736	28.80010940236675	448.122005
26	1	5eb9c2e197d6cf4bc8c17c07	Ca_Marsh	1	21.73591782281988	-103.21265998415208	mx	-34.93747606370173	-67.04043232448993	7367.471440
26	1	5eb9c2e197d6cf4bc8c17c07	Ca_Marsh	2	47.00148913950529	-72.17056107851087	ca	51.24669222651031	-102.48837560157232	2239.110755
26	1	5eb9c2e197d6cf4bc8c17c07	Ca_Marsh	3	50.55533310154709	36.51379546657741	ru	58.208590511473155	34.51616442684312	860.679723
26	1	5eb9c2e197d6cf4bc8c17c07	Ca_Marsh	4	17.37950672394864	99.30238554039818	th	8.92751897741043	99.24696447522342	939.837275
26	1	5eb9c2e197d6cf4bc8c17c07	Ca_Marsh	5	-24.584053725609927	25.81023107302233	bw	-26.537753694308865	28.44754191169007	342.299387
27	1	695bb8d2900ad6bdf17374c8	Comte	1	6.320846854745856	99.73676907619364	my	2.288018716534185	102.26260766970934	528.672574
27	1	695bb8d2900ad6bdf17374c8	Comte	2	48.04599084809272	-53.09213265691027	ca	47.661996314394976	-52.70853357302442	51.403704
27	1	695bb8d2900ad6bdf17374c8	Comte	3	50.2193582390431	80.97168016992566	kz	51.01247426550822	51.64926189066187	2057.039412
27	1	695bb8d2900ad6bdf17374c8	Comte	4	6.426359200764521	3.566248764509077	ng	6.426652681735662	3.6040500629179606	4.177027
27	1	695bb8d2900ad6bdf17374c8	Comte	5	-35.787432540408915	137.2174170109626	au	-31.82144828222794	132.4396799075612	623.807452
27	1	677485108d7eb43c58f713b3	Master__Of__Kitten	1	6.320846854745856	99.73676907619364	my	3.1729801696072473	101.70649552536116	412.491586
27	1	677485108d7eb43c58f713b3	Master__Of__Kitten	2	48.04599084809272	-53.09213265691027	ca	48.65015913947838	-56.53057735596809	262.807616
27	1	677485108d7eb43c58f713b3	Master__Of__Kitten	3	50.2193582390431	80.97168016992566	kz	44.82559456910127	65.60320006250548	1297.158207
27	1	677485108d7eb43c58f713b3	Master__Of__Kitten	4	6.426359200764521	3.566248764509077	ng	2.6216554344950604	36.740672359153876	3700.574125
27	1	677485108d7eb43c58f713b3	Master__Of__Kitten	5	-35.787432540408915	137.2174170109626	au	-35.0822035015401	138.94640517378213	175.172612
27	1	5eb9c2e197d6cf4bc8c17c07	Ca_Marsh	1	6.320846854745856	99.73676907619364	my	5.339413825629497	100.52617652730434	139.766724
27	1	5eb9c2e197d6cf4bc8c17c07	Ca_Marsh	2	48.04599084809272	-53.09213265691027	ca	54.25891543627141	-8.720178240473713	3116.001709
27	1	5eb9c2e197d6cf4bc8c17c07	Ca_Marsh	3	50.2193582390431	80.97168016992566	kz	25.99740316908355	-103.59132600338901	11528.214790
27	1	5eb9c2e197d6cf4bc8c17c07	Ca_Marsh	4	6.426359200764521	3.566248764509077	ng	6.761738526664425	3.4575858473189225	39.176481
27	1	5eb9c2e197d6cf4bc8c17c07	Ca_Marsh	5	-35.787432540408915	137.2174170109626	au	-37.12939493184126	141.516951211277	412.406606
27	1	66c34181c361d9f3b9a03d9b	OG	1	6.320846854745856	99.73676907619364	my	3.354882354865006	102.30703433402651	435.718379
27	1	66c34181c361d9f3b9a03d9b	OG	2	48.04599084809272	-53.09213265691027	ca	49.34396460825633	-0.8180331288914333	3761.695923
27	1	66c34181c361d9f3b9a03d9b	OG	3	50.2193582390431	80.97168016992566	kz	22.983098398081676	56.95132004821529	3675.927098
27	1	66c34181c361d9f3b9a03d9b	OG	4	6.426359200764521	3.566248764509077	ng	6.716796291052029	6.611384241204918	337.924728
27	1	66c34181c361d9f3b9a03d9b	OG	5	-35.787432540408915	137.2174170109626	au	-37.25891511240278	145.69106417347086	774.372332
27	1	5e8fdfa9d51dd65c18f98403	Tbowfr	1	6.320846854745856	99.73676907619364	my	3.2579701358194066	103.01303701355178	497.747354
27	1	5e8fdfa9d51dd65c18f98403	Tbowfr	2	48.04599084809272	-53.09213265691027	ca	44.974806770823996	-69.10991248606551	1269.828697
27	1	5e8fdfa9d51dd65c18f98403	Tbowfr	3	50.2193582390431	80.97168016992566	kz	1.4159454499109574	38.13384208994731	6759.360224
27	1	5e8fdfa9d51dd65c18f98403	Tbowfr	4	6.426359200764521	3.566248764509077	ng	9.1985832808251	6.31743583994731	432.272959
27	1	5e8fdfa9d51dd65c18f98403	Tbowfr	5	-35.787432540408915	137.2174170109626	au	-31.592286217787528	120.50296606770873	1612.848296
27	1	5e626d0512777c7a20431f1c	LordOozik	1	6.320846854745856	99.73676907619364	my	4.555373142275036	101.06466089652852	245.240012
27	1	5e626d0512777c7a20431f1c	LordOozik	2	48.04599084809272	-53.09213265691027	ca	68.25123051453296	13.779080303727728	4225.026249
27	1	5e626d0512777c7a20431f1c	LordOozik	3	50.2193582390431	80.97168016992566	kz	28.213430965153442	-105.34224335546682	11271.525578
27	1	5e626d0512777c7a20431f1c	LordOozik	4	6.426359200764521	3.566248764509077	ng	1.6308283705703872	36.21382680938454	3659.009904
27	1	5e626d0512777c7a20431f1c	LordOozik	5	-35.787432540408915	137.2174170109626	au	-24.02267861891842	146.12944293771716	1563.238803
27	1	68f2e3307b1dd2467d0fc0f5	Etterima	1	6.320846854745856	99.73676907619364	my	3.1479747904536235	101.71576872762724	415.396913
27	1	68f2e3307b1dd2467d0fc0f5	Etterima	2	48.04599084809272	-53.09213265691027	ca	57.05447512598032	-2.8259085381490756	3455.355827
27	1	68f2e3307b1dd2467d0fc0f5	Etterima	3	50.2193582390431	80.97168016992566	kz	-36.3202824327572	-67.52571133385754	17065.623410
27	1	68f2e3307b1dd2467d0fc0f5	Etterima	4	6.426359200764521	3.566248764509077	ng	27.744117185572158	-108.10523595494405	11767.016019
27	1	68f2e3307b1dd2467d0fc0f5	Etterima	5	-35.787432540408915	137.2174170109626	au	-19.86274532468817	146.48712408607125	1989.028143
28	1	66c34181c361d9f3b9a03d9b	OG	1	37.135524957699246	14.472865874111744	it	39.654017119873636	21.589280256748715	680.212374
28	1	66c34181c361d9f3b9a03d9b	OG	2	-4.482166255728967	-38.585766670103226	br	-9.551103149635887	-43.75068202730044	801.484866
28	1	66c34181c361d9f3b9a03d9b	OG	3	-50.26132084078208	-71.28124036391151	ar	-51.607197060242484	-69.81434344846407	181.549496
28	1	66c34181c361d9f3b9a03d9b	OG	4	49.37995523617924	19.162101473921663	sk	55.53317711322228	23.603202853863376	747.083912
28	1	66c34181c361d9f3b9a03d9b	OG	5	27.382503967040027	-110.17851469046389	mx	20.451260952770593	-102.39798700834747	1103.679383
28	1	5e626d0512777c7a20431f1c	LordOozik	1	37.135524957699246	14.472865874111744	it	41.74050479854958	-2.550811569306597	1545.840436
28	1	5e626d0512777c7a20431f1c	LordOozik	2	-4.482166255728967	-38.585766670103226	br	-15.529163164933921	-53.36029318058578	2029.053151
28	1	5e626d0512777c7a20431f1c	LordOozik	3	-50.26132084078208	-71.28124036391151	ar	-40.28538281200236	-68.98756829417742	1123.551796
28	1	5e626d0512777c7a20431f1c	LordOozik	4	49.37995523617924	19.162101473921663	sk	47.943145025923265	14.273333860827844	392.897684
28	1	5e626d0512777c7a20431f1c	LordOozik	5	27.382503967040027	-110.17851469046389	mx	22.845759569824324	-102.6669402213052	908.741175
28	1	695bb8d2900ad6bdf17374c8	Comte	1	37.135524957699246	14.472865874111744	it	37.948581113828176	-2.506723434490783	1497.694020
28	1	695bb8d2900ad6bdf17374c8	Comte	2	-4.482166255728967	-38.585766670103226	br	-28.187280438307738	-53.027571594952555	3046.114081
28	1	695bb8d2900ad6bdf17374c8	Comte	3	-50.26132084078208	-71.28124036391151	ar	-49.925958089093655	-72.21592541330378	76.394861
28	1	695bb8d2900ad6bdf17374c8	Comte	4	49.37995523617924	19.162101473921663	sk	46.51228641533155	15.330741812778154	427.803058
28	1	695bb8d2900ad6bdf17374c8	Comte	5	27.382503967040027	-110.17851469046389	mx	49.81900310585645	33.068492382604575	10694.653374
28	1	5e8fdfa9d51dd65c18f98403	Tbowfr	1	37.135524957699246	14.472865874111744	it	40.05196983030515	21.390678027447308	682.811320
28	1	5e8fdfa9d51dd65c18f98403	Tbowfr	2	-4.482166255728967	-38.585766670103226	br	-32.00268117989204	-64.99245972742732	4114.237337
28	1	5e8fdfa9d51dd65c18f98403	Tbowfr	3	-50.26132084078208	-71.28124036391151	ar	-27.151382952788953	-66.80111838843713	2597.775779
28	1	5e8fdfa9d51dd65c18f98403	Tbowfr	4	49.37995523617924	19.162101473921663	sk	47.94965598933716	9.72873236024363	710.293088
28	1	5e8fdfa9d51dd65c18f98403	Tbowfr	5	27.382503967040027	-110.17851469046389	mx	22.52164643306544	-101.78803291005269	1003.367443
28	1	64836c81ad20f4a5e20f1cb9	Breeze	1	37.135524957699246	14.472865874111744	it	40.910902279391024	-1.5603143106598472	1444.834653
28	1	64836c81ad20f4a5e20f1cb9	Breeze	2	-4.482166255728967	-38.585766670103226	br	-9.372599901509979	-47.13737492050615	1089.113589
28	1	64836c81ad20f4a5e20f1cb9	Breeze	3	-50.26132084078208	-71.28124036391151	ar	-42.731057513914784	-68.78292117493349	858.753487
28	1	64836c81ad20f4a5e20f1cb9	Breeze	4	49.37995523617924	19.162101473921663	sk	47.31319227825654	9.162911965614535	773.194111
28	1	64836c81ad20f4a5e20f1cb9	Breeze	5	27.382503967040027	-110.17851469046389	mx	38.983358620618624	37.87874860178451	11924.564020
28	1	5eb9c2e197d6cf4bc8c17c07	Ca_Marsh	1	37.135524957699246	14.472865874111744	it	41.609089485876765	-2.3111339840675726	1523.049927
28	1	5eb9c2e197d6cf4bc8c17c07	Ca_Marsh	2	-4.482166255728967	-38.585766670103226	br	-25.493438946629674	-54.47446257882632	2886.174151
28	1	5eb9c2e197d6cf4bc8c17c07	Ca_Marsh	3	-50.26132084078208	-71.28124036391151	ar	-46.46767272004457	-70.40132703979812	426.804985
28	1	5eb9c2e197d6cf4bc8c17c07	Ca_Marsh	4	49.37995523617924	19.162101473921663	sk	49.012362392782656	12.257152468541195	503.216637
28	1	5eb9c2e197d6cf4bc8c17c07	Ca_Marsh	5	27.382503967040027	-110.17851469046389	mx	-24.809281355598458	27.276301630803008	15777.228259
28	1	68f2e3307b1dd2467d0fc0f5	Etterima	1	37.135524957699246	14.472865874111744	it	40.26850988151582	21.794149817725156	724.215700
28	1	68f2e3307b1dd2467d0fc0f5	Etterima	2	-4.482166255728967	-38.585766670103226	br	-10.334054483940738	-44.29110612553731	904.888051
28	1	68f2e3307b1dd2467d0fc0f5	Etterima	3	-50.26132084078208	-71.28124036391151	ar	-37.7760511173166	-70.34201549761248	1390.297916
28	1	68f2e3307b1dd2467d0fc0f5	Etterima	4	49.37995523617924	19.162101473921663	sk	0	0	5787.740178
28	1	68f2e3307b1dd2467d0fc0f5	Etterima	5	27.382503967040027	-110.17851469046389	mx	-34.613050647942195	-65.91219987553731	8318.167110
29	1	695bb8d2900ad6bdf17374c8	Comte	1	-23.87421481970687	23.67295324359101	bw	-21.698629284003964	21.64368547235158	319.048391
29	1	695bb8d2900ad6bdf17374c8	Comte	2	13.744642257516215	123.53314514024972	ph	13.6779820760242	123.04195845960663	53.576206
29	1	695bb8d2900ad6bdf17374c8	Comte	3	20.86090553454276	106.4437173935892	vn	12.310535652479523	106.00509149712708	951.903429
29	1	695bb8d2900ad6bdf17374c8	Comte	4	57.71412620688785	66.21672235361874	ru	60.715624351149565	33.53919339840711	1869.067398
29	1	695bb8d2900ad6bdf17374c8	Comte	5	-38.92944641757621	-67.97013194132413	ar	-32.617531417665774	-57.21009531559287	1196.464363
29	1	66c34181c361d9f3b9a03d9b	OG	1	-23.87421481970687	23.67295324359101	bw	-26.850008531048186	27.29169417432815	491.568655
29	1	66c34181c361d9f3b9a03d9b	OG	2	13.744642257516215	123.53314514024972	ph	14.18983947384248	121.3176123525237	244.142135
29	1	66c34181c361d9f3b9a03d9b	OG	3	20.86090553454276	106.4437173935892	vn	23.370767547953342	90.53595087365213	1661.379339
29	1	66c34181c361d9f3b9a03d9b	OG	4	57.71412620688785	66.21672235361874	ru	60.11528822424806	44.93656967224188	1244.708660
29	1	66c34181c361d9f3b9a03d9b	OG	5	-38.92944641757621	-67.97013194132413	ar	-36.706802446485696	-60.74079042333102	681.169840
29	1	5eb9c2e197d6cf4bc8c17c07	Ca_Marsh	1	-23.87421481970687	23.67295324359101	bw	-26.241297459623645	27.600181098272454	475.099686
29	1	5eb9c2e197d6cf4bc8c17c07	Ca_Marsh	2	13.744642257516215	123.53314514024972	ph	7.445057931226925	125.42481991353053	730.326083
29	1	5eb9c2e197d6cf4bc8c17c07	Ca_Marsh	3	20.86090553454276	106.4437173935892	vn	15.039946352788037	100.34645268034616	913.477943
29	1	5eb9c2e197d6cf4bc8c17c07	Ca_Marsh	4	57.71412620688785	66.21672235361874	ru	56.64641305431357	47.86143728927898	1109.118464
29	1	5eb9c2e197d6cf4bc8c17c07	Ca_Marsh	5	-38.92944641757621	-67.97013194132413	ar	-32.55318759925077	-63.48757349794916	816.028821
29	1	5e626d0512777c7a20431f1c	LordOozik	1	-23.87421481970687	23.67295324359101	bw	-28.4477304531862	25.56898896143638	542.586558
29	1	5e626d0512777c7a20431f1c	LordOozik	2	13.744642257516215	123.53314514024972	ph	15.488920959870534	121.05829457916461	329.421588
29	1	5e626d0512777c7a20431f1c	LordOozik	3	20.86090553454276	106.4437173935892	vn	14.357122495713345	108.24569841178378	747.946112
29	1	5e626d0512777c7a20431f1c	LordOozik	4	57.71412620688785	66.21672235361874	ru	52.99748346124827	45.72379779297442	1390.726527
29	1	5e626d0512777c7a20431f1c	LordOozik	5	-38.92944641757621	-67.97013194132413	ar	-28.544223501396175	-61.695695719254104	1291.467294
29	1	5e8fdfa9d51dd65c18f98403	Tbowfr	1	-23.87421481970687	23.67295324359101	bw	-28.957259938797563	25.445587503201157	592.103891
29	1	5e8fdfa9d51dd65c18f98403	Tbowfr	2	13.744642257516215	123.53314514024972	ph	12.395543656254828	123.80861853471202	152.951357
29	1	5e8fdfa9d51dd65c18f98403	Tbowfr	3	20.86090553454276	106.4437173935892	vn	20.55972205309646	82.78227958994731	2459.019964
29	1	5e8fdfa9d51dd65c18f98403	Tbowfr	4	57.71412620688785	66.21672235361874	ru	51.678656812090004	43.93462333994731	1571.684505
29	1	5e8fdfa9d51dd65c18f98403	Tbowfr	5	-38.92944641757621	-67.97013194132413	ar	-29.450163385581323	-63.291939160052685	1138.036796
29	1	68f2e3307b1dd2467d0fc0f5	Etterima	1	-23.87421481970687	23.67295324359101	bw	-23.876439243901785	26.432034526016224	280.538477
29	1	68f2e3307b1dd2467d0fc0f5	Etterima	2	13.744642257516215	123.53314514024972	ph	-0.37077889699223177	-78.84736418234606	17137.441022
29	1	68f2e3307b1dd2467d0fc0f5	Etterima	3	20.86090553454276	106.4437173935892	vn	3.9325367535590114	102.12913904505595	1939.319484
29	1	68f2e3307b1dd2467d0fc0f5	Etterima	4	57.71412620688785	66.21672235361874	ru	55.681544672164556	60.42722148504509	419.330426
29	1	68f2e3307b1dd2467d0fc0f5	Etterima	5	-38.92944641757621	-67.97013194132413	ar	-18.001435549096353	-66.99292084617178	2329.007128
30	1	677485108d7eb43c58f713b3	Master__Of__Kitten	1	17.760636509025687	77.5434921364337	in	21.972466219532798	78.17486898858296	472.962733
30	1	677485108d7eb43c58f713b3	Master__Of__Kitten	2	45.51656115832088	25.270988590646994	ro	43.680108390762825	23.334582740708715	255.335889
30	1	677485108d7eb43c58f713b3	Master__Of__Kitten	3	42.26934533670051	24.5253992258137	bg	42.66202556763162	25.008260437877507	58.951419
30	1	677485108d7eb43c58f713b3	Master__Of__Kitten	4	41.553981354415754	0.6452421416937868	es	50.62372150275948	42.525446032402826	3333.382090
30	1	677485108d7eb43c58f713b3	Master__Of__Kitten	5	54.379336346043424	80.45020264159021	ru	55.80929567617247	50.12380432290159	1920.614124
30	1	695bb8d2900ad6bdf17374c8	Comte	1	17.760636509025687	77.5434921364337	in	23.521837670952642	77.19420201040656	641.645340
30	1	695bb8d2900ad6bdf17374c8	Comte	2	45.51656115832088	25.270988590646994	ro	42.816752280424105	26.049392644181996	306.553596
30	1	695bb8d2900ad6bdf17374c8	Comte	3	42.26934533670051	24.5253992258137	bg	42.9168849979373	23.831174199083563	91.726880
30	1	695bb8d2900ad6bdf17374c8	Comte	4	41.553981354415754	0.6452421416937868	es	41.100518647844304	25.404795686274905	2060.985239
30	1	695bb8d2900ad6bdf17374c8	Comte	5	54.379336346043424	80.45020264159021	ru	46.59466706373367	39.664964068352006	2965.683955
30	1	66c34181c361d9f3b9a03d9b	OG	1	17.760636509025687	77.5434921364337	in	22.57034029329526	79.00272679423456	556.063591
30	1	66c34181c361d9f3b9a03d9b	OG	2	45.51656115832088	25.270988590646994	ro	48.597058644249294	19.329824557906683	565.310811
30	1	66c34181c361d9f3b9a03d9b	OG	3	42.26934533670051	24.5253992258137	bg	44.742529023286004	24.053841481018125	277.621227
30	1	66c34181c361d9f3b9a03d9b	OG	4	41.553981354415754	0.6452421416937868	es	44.86992487457278	15.114805143255241	1227.272649
30	1	66c34181c361d9f3b9a03d9b	OG	5	54.379336346043424	80.45020264159021	ru	48.68720476553146	34.91755910911154	3154.371804
30	1	68f2e3307b1dd2467d0fc0f5	Etterima	1	17.760636509025687	77.5434921364337	in	17.975142176433287	77.09108828359783	53.490872
30	1	68f2e3307b1dd2467d0fc0f5	Etterima	2	45.51656115832088	25.270988590646994	ro	61.89399864436417	9.399199704129497	2086.686203
30	1	68f2e3307b1dd2467d0fc0f5	Etterima	3	42.26934533670051	24.5253992258137	bg	46.701915847499265	22.685140484225386	514.003724
30	1	68f2e3307b1dd2467d0fc0f5	Etterima	4	41.553981354415754	0.6452421416937868	es	44.62569317211779	10.835923326394541	894.436836
30	1	68f2e3307b1dd2467d0fc0f5	Etterima	5	54.379336346043424	80.45020264159021	ru	57.74069593164471	117.59788904505595	2306.143235
30	1	5e8fdfa9d51dd65c18f98403	Tbowfr	1	17.760636509025687	77.5434921364337	in	22.64254268513717	80.46421421717271	622.490724
30	1	5e8fdfa9d51dd65c18f98403	Tbowfr	2	45.51656115832088	25.270988590646994	ro	56.90237738961493	44.11040458994731	1812.109000
30	1	5e8fdfa9d51dd65c18f98403	Tbowfr	3	42.26934533670051	24.5253992258137	bg	44.58859584673132	24.304764183540073	258.503310
30	1	5e8fdfa9d51dd65c18f98403	Tbowfr	4	41.553981354415754	0.6452421416937868	es	39.947325554210806	21.8462256482707	1790.272166
30	1	5e8fdfa9d51dd65c18f98403	Tbowfr	5	54.379336346043424	80.45020264159021	ru	43.66520238338235	26.573890005574942	3996.355735
30	1	64836c81ad20f4a5e20f1cb9	Breeze	1	17.760636509025687	77.5434921364337	in	-1.0711821497964555	-76.55557333892878	16631.194317
30	1	64836c81ad20f4a5e20f1cb9	Breeze	2	45.51656115832088	25.270988590646994	ro	50.4812485661018	-83.50678291005269	7338.132969
30	1	64836c81ad20f4a5e20f1cb9	Breeze	3	42.26934533670051	24.5253992258137	bg	42.62328036235633	20.317901316751602	347.431970
30	1	64836c81ad20f4a5e20f1cb9	Breeze	4	41.553981354415754	0.6452421416937868	es	43.38094760266688	11.241590253532191	891.905135
30	1	64836c81ad20f4a5e20f1cb9	Breeze	5	54.379336346043424	80.45020264159021	ru	57.644518536021835	58.15125589231564	1425.654073
30	1	5eb9c2e197d6cf4bc8c17c07	Ca_Marsh	1	17.760636509025687	77.5434921364337	in	17.328005807045603	102.8559599932152	2682.098007
30	1	5eb9c2e197d6cf4bc8c17c07	Ca_Marsh	2	45.51656115832088	25.270988590646994	ro	53.58883529907128	-115.73726091657214	8391.775690
30	1	5eb9c2e197d6cf4bc8c17c07	Ca_Marsh	3	42.26934533670051	24.5253992258137	bg	50.29129828327274	7.872217643465342	1554.367823
30	1	5eb9c2e197d6cf4bc8c17c07	Ca_Marsh	4	41.553981354415754	0.6452421416937868	es	40.598901865210536	-2.406616413423539	276.961664
30	1	5eb9c2e197d6cf4bc8c17c07	Ca_Marsh	5	54.379336346043424	80.45020264159021	ru	58.84123877293358	29.90709575125069	3056.258086
30	1	5e626d0512777c7a20431f1c	LordOozik	1	17.760636509025687	77.5434921364337	in	19.933021663187272	76.80571026320766	253.726684
30	1	5e626d0512777c7a20431f1c	LordOozik	2	45.51656115832088	25.270988590646994	ro	45.058738924042935	-109.87395976691882	9021.664498
30	1	5e626d0512777c7a20431f1c	LordOozik	3	42.26934533670051	24.5253992258137	bg	49.810305482869104	30.047902138901023	940.015436
30	1	5e626d0512777c7a20431f1c	LordOozik	4	41.553981354415754	0.6452421416937868	es	22.35892066213866	-102.13959646605146	9374.593627
30	1	5e626d0512777c7a20431f1c	LordOozik	5	54.379336346043424	80.45020264159021	ru	65.01353372824303	31.37192698368737	2903.210496
31	1	66c34181c361d9f3b9a03d9b	OG	1	54.413895434046395	113.5026201413854	ru	62.04655758155735	14.911466893981359	5264.271466
31	1	66c34181c361d9f3b9a03d9b	OG	2	-11.42628461707388	-61.48930845056037	br	-16.29646481786226	-50.863612579061034	1268.062918
31	1	66c34181c361d9f3b9a03d9b	OG	3	48.913573975579354	-122.74715218484675	us	43.2025677553332	-122.34833716483709	635.777485
31	1	66c34181c361d9f3b9a03d9b	OG	4	48.60324159603353	17.52182120513102	sk	48.37626482914692	17.638649991054702	26.666765
31	1	66c34181c361d9f3b9a03d9b	OG	5	47.02303524711747	26.866080594336417	ro	46.33069469572584	23.152573704756577	293.552312
31	1	677485108d7eb43c58f713b3	Master__Of__Kitten	1	54.413895434046395	113.5026201413854	ru	57.7209673104626	44.232005156591235	4125.574137
31	1	677485108d7eb43c58f713b3	Master__Of__Kitten	2	-11.42628461707388	-61.48930845056037	br	-19.14922787924246	-54.24077804170199	1157.907859
31	1	677485108d7eb43c58f713b3	Master__Of__Kitten	3	48.913573975579354	-122.74715218484675	us	37.10451756890529	-76.77681988093552	3893.633090
31	1	677485108d7eb43c58f713b3	Master__Of__Kitten	4	48.60324159603353	17.52182120513102	sk	47.14515565183104	15.793514572291482	207.119779
31	1	677485108d7eb43c58f713b3	Master__Of__Kitten	5	47.02303524711747	26.866080594336417	ro	46.10504869378518	26.94362350541147	102.247435
31	1	5eb9c2e197d6cf4bc8c17c07	Ca_Marsh	1	54.413895434046395	113.5026201413854	ru	63.168566288542436	28.436332002496332	4621.114387
31	1	5eb9c2e197d6cf4bc8c17c07	Ca_Marsh	2	-11.42628461707388	-61.48930845056037	br	-19.760698533391288	-50.92624228899576	1461.405717
31	1	5eb9c2e197d6cf4bc8c17c07	Ca_Marsh	3	48.913573975579354	-122.74715218484675	us	43.67555888762614	-91.16995476813374	2475.690145
31	1	5eb9c2e197d6cf4bc8c17c07	Ca_Marsh	4	48.60324159603353	17.52182120513102	sk	52.12634422939177	14.43324626564027	448.748142
31	1	5eb9c2e197d6cf4bc8c17c07	Ca_Marsh	5	47.02303524711747	26.866080594336417	ro	47.26573279099665	23.27009947495752	273.273442
31	1	5e8fdfa9d51dd65c18f98403	Tbowfr	1	54.413895434046395	113.5026201413854	ru	50.87223471562821	22.209697817577414	5726.016086
31	1	5e8fdfa9d51dd65c18f98403	Tbowfr	2	-11.42628461707388	-61.48930845056037	br	-14.544546553912399	-50.811470410052685	1207.558767
31	1	5e8fdfa9d51dd65c18f98403	Tbowfr	3	48.913573975579354	-122.74715218484675	us	43.30878030296411	-73.5404403862372	3776.093104
31	1	5e8fdfa9d51dd65c18f98403	Tbowfr	4	48.60324159603353	17.52182120513102	sk	50.61240950272663	19.89561265172507	281.337207
31	1	5e8fdfa9d51dd65c18f98403	Tbowfr	5	47.02303524711747	26.866080594336417	ro	44.488762650517295	24.894131530009737	320.622479
31	1	5e626d0512777c7a20431f1c	LordOozik	1	54.413895434046395	113.5026201413854	ru	50.26192145578511	10.711966448398295	6350.532231
31	1	5e626d0512777c7a20431f1c	LordOozik	2	-11.42628461707388	-61.48930845056037	br	-38.06824930240981	-72.20649191414681	3148.315142
31	1	5e626d0512777c7a20431f1c	LordOozik	3	48.913573975579354	-122.74715218484675	us	45.55325635392255	-88.78021174091582	2569.726478
31	1	5e626d0512777c7a20431f1c	LordOozik	4	48.60324159603353	17.52182120513102	sk	48.89140949058047	21.348262904265884	282.347180
31	1	5e626d0512777c7a20431f1c	LordOozik	5	47.02303524711747	26.866080594336417	ro	45.62784466784016	26.28844361370848	161.352940
31	1	695bb8d2900ad6bdf17374c8	Comte	1	54.413895434046395	113.5026201413854	ru	49.568063140113935	-75.98836938943697	8418.879804
31	1	695bb8d2900ad6bdf17374c8	Comte	2	-11.42628461707388	-61.48930845056037	br	-2.8695475979055685	-42.860981212764806	2262.880566
31	1	695bb8d2900ad6bdf17374c8	Comte	3	48.913573975579354	-122.74715218484675	us	44.242005096277666	-79.47650325418748	3301.935913
31	1	695bb8d2900ad6bdf17374c8	Comte	4	48.60324159603353	17.52182120513102	sk	49.06397775015889	20.067788166198433	193.252405
31	1	695bb8d2900ad6bdf17374c8	Comte	5	47.02303524711747	26.866080594336417	ro	47.95163669289582	22.45607112473749	347.026047
31	1	64836c81ad20f4a5e20f1cb9	Breeze	1	54.413895434046395	113.5026201413854	ru	49.10811229493017	-90.20469336170315	8292.428938
31	1	64836c81ad20f4a5e20f1cb9	Breeze	2	-11.42628461707388	-61.48930845056037	br	-29.634769552641696	28.248103827299644	9357.450263
31	1	64836c81ad20f4a5e20f1cb9	Breeze	3	48.913573975579354	-122.74715218484675	us	38.95691784970528	-123.14625243352391	1107.586384
31	1	64836c81ad20f4a5e20f1cb9	Breeze	4	48.60324159603353	17.52182120513102	sk	49.638503754090564	20.89850499395427	271.325950
31	1	64836c81ad20f4a5e20f1cb9	Breeze	5	47.02303524711747	26.866080594336417	ro	43.46127248592065	18.788339209621093	745.637209
31	1	68f2e3307b1dd2467d0fc0f5	Etterima	1	54.413895434046395	113.5026201413854	ru	51.87804825072798	-103.18336095494405	7717.958425
31	1	68f2e3307b1dd2467d0fc0f5	Etterima	2	-11.42628461707388	-61.48930845056037	br	-10.843724350855465	-44.078157331805535	1900.405763
31	1	68f2e3307b1dd2467d0fc0f5	Etterima	3	48.913573975579354	-122.74715218484675	us	38.33740776788591	-123.03458636289218	1176.241163
31	1	68f2e3307b1dd2467d0fc0f5	Etterima	4	48.60324159603353	17.52182120513102	sk	43.374945777089316	-91.58179845494405	7675.848133
31	1	68f2e3307b1dd2467d0fc0f5	Etterima	5	47.02303524711747	26.866080594336417	ro	47.06839876222329	20.506734701476102	481.740452
32	1	677485108d7eb43c58f713b3	Master__Of__Kitten	1	42.08526702586619	-123.51627835201944	us	46.03017966059322	14.338533700006314	9367.225958
32	1	677485108d7eb43c58f713b3	Master__Of__Kitten	2	18.45876937493809	120.92258588826915	ph	13.045832874013154	121.11150542424899	602.230237
32	1	677485108d7eb43c58f713b3	Master__Of__Kitten	3	0.4605517849577886	34.82902269962999	ke	-0.20760355177672232	35.16797394140118	83.308500
32	1	677485108d7eb43c58f713b3	Master__Of__Kitten	4	12.34931152159283	124.6489331862574	ph	9.895051445565425	124.23851509965624	276.550073
32	1	677485108d7eb43c58f713b3	Master__Of__Kitten	5	44.419625442425	24.33894174824909	ro	41.2689219023874	19.843882566212013	506.844472
32	1	68f2e3307b1dd2467d0fc0f5	Etterima	1	42.08526702586619	-123.51627835201944	us	38.507231340729454	-100.0958475442903	2019.006828
32	1	68f2e3307b1dd2467d0fc0f5	Etterima	2	18.45876937493809	120.92258588826915	ph	12.137101774131382	123.6384751191333	760.832272
32	1	68f2e3307b1dd2467d0fc0f5	Etterima	3	0.4605517849577886	34.82902269962999	ke	-0.0617377445319432	35.176103392926926	69.729865
32	1	68f2e3307b1dd2467d0fc0f5	Etterima	4	12.34931152159283	124.6489331862574	ph	18.36753704134989	-66.02918283727162	16404.297101
32	1	68f2e3307b1dd2467d0fc0f5	Etterima	5	44.419625442425	24.33894174824909	ro	53.00206799927491	18.889376037761853	1033.964876
32	1	695bb8d2900ad6bdf17374c8	Comte	1	42.08526702586619	-123.51627835201944	us	-41.43944443585985	-72.33308123893504	10612.673599
32	1	695bb8d2900ad6bdf17374c8	Comte	2	18.45876937493809	120.92258588826915	ph	2.644036434487324	102.4056974882058	2675.744321
32	1	695bb8d2900ad6bdf17374c8	Comte	3	0.4605517849577886	34.82902269962999	ke	-0.07688001776820598	35.26257710376265	76.780792
32	1	695bb8d2900ad6bdf17374c8	Comte	4	12.34931152159283	124.6489331862574	ph	8.808963816119437	-80.03685886708834	16412.826968
32	1	695bb8d2900ad6bdf17374c8	Comte	5	44.419625442425	24.33894174824909	ro	43.19156617031257	27.88712704078377	315.749769
32	1	5eb9c2e197d6cf4bc8c17c07	Ca_Marsh	1	42.08526702586619	-123.51627835201944	us	59.424828093787504	8.358840721092022	7898.275103
32	1	5eb9c2e197d6cf4bc8c17c07	Ca_Marsh	2	18.45876937493809	120.92258588826915	ph	8.168064912292422	125.20969923938499	1234.454969
32	1	5eb9c2e197d6cf4bc8c17c07	Ca_Marsh	3	0.4605517849577886	34.82902269962999	ke	0.5786457493461895	34.808407848084	13.330005
32	1	5eb9c2e197d6cf4bc8c17c07	Ca_Marsh	4	12.34931152159283	124.6489331862574	ph	17.43941870608965	-93.08855281211552	14710.282358
32	1	5eb9c2e197d6cf4bc8c17c07	Ca_Marsh	5	44.419625442425	24.33894174824909	ro	51.323005682455296	6.733751709409224	1515.393172
32	1	66c34181c361d9f3b9a03d9b	OG	1	42.08526702586619	-123.51627835201944	us	44.448075695550315	5.275063489098284	9129.240213
32	1	66c34181c361d9f3b9a03d9b	OG	2	18.45876937493809	120.92258588826915	ph	-1.8991984291366515	114.79370401117919	2360.942429
32	1	66c34181c361d9f3b9a03d9b	OG	3	0.4605517849577886	34.82902269962999	ke	-0.23715656540524555	35.43874165456803	103.030854
32	1	66c34181c361d9f3b9a03d9b	OG	4	12.34931152159283	124.6489331862574	ph	20.069103174078375	-89.21232371158355	14846.063199
32	1	66c34181c361d9f3b9a03d9b	OG	5	44.419625442425	24.33894174824909	ro	57.00623884076849	22.781365030307462	1403.762755
32	1	5e8fdfa9d51dd65c18f98403	Tbowfr	1	42.08526702586619	-123.51627835201944	us	47.64426674920376	5.774053434940929	8863.172364
32	1	5e8fdfa9d51dd65c18f98403	Tbowfr	2	18.45876937493809	120.92258588826915	ph	-6.951824490212747	111.43462333994731	3011.107497
32	1	5e8fdfa9d51dd65c18f98403	Tbowfr	3	0.4605517849577886	34.82902269962999	ke	9.852525824914077	-83.88570085636421	13139.058958
32	1	5e8fdfa9d51dd65c18f98403	Tbowfr	4	12.34931152159283	124.6489331862574	ph	28.54491839141075	-103.54584541005269	13123.540772
32	1	5e8fdfa9d51dd65c18f98403	Tbowfr	5	44.419625442425	24.33894174824909	ro	58.620655944938484	11.736673901122172	1797.072837
32	1	5e626d0512777c7a20431f1c	LordOozik	1	42.08526702586619	-123.51627835201944	us	52.11237964521326	41.29790108610261	9439.057390
32	1	5e626d0512777c7a20431f1c	LordOozik	2	18.45876937493809	120.92258588826915	ph	22.033410966777673	-101.08489808941756	13600.791707
32	1	5e626d0512777c7a20431f1c	LordOozik	3	0.4605517849577886	34.82902269962999	ke	-1.4844119341299364	113.3682068416128	8734.987544
32	1	5e626d0512777c7a20431f1c	LordOozik	4	12.34931152159283	124.6489331862574	ph	-33.76001688689014	-72.25678366834036	17082.107426
32	1	5e626d0512777c7a20431f1c	LordOozik	5	44.419625442425	24.33894174824909	ro	48.66263256265529	40.5947761519025	1326.597963
34	1	66c34181c361d9f3b9a03d9b	OG	1	32.34858920458582	-89.99264983157464	us	33.46794300906449	-86.8653618659049	317.346897
34	1	66c34181c361d9f3b9a03d9b	OG	2	26.38806449146586	-100.9213260518655	mx	22.573533272163658	-102.08768364774018	440.263862
34	1	66c34181c361d9f3b9a03d9b	OG	3	38.54277639333664	38.25120241679675	tr	39.857511069480765	31.031038887867258	638.904371
34	1	66c34181c361d9f3b9a03d9b	OG	4	65.60165657668638	18.82857482316711	se	64.27253217672931	16.436399114047372	185.820784
34	1	66c34181c361d9f3b9a03d9b	OG	5	45.20408486727479	37.77602710021083	ru	51.71223745760058	41.51282932093082	774.096104
34	1	677485108d7eb43c58f713b3	Master__Of__Kitten	1	32.34858920458582	-89.99264983157464	us	42.464858396033364	-74.753219055099	1749.358844
34	1	677485108d7eb43c58f713b3	Master__Of__Kitten	2	26.38806449146586	-100.9213260518655	mx	25.185024500625417	-103.55595073599193	295.754196
34	1	677485108d7eb43c58f713b3	Master__Of__Kitten	3	38.54277639333664	38.25120241679675	tr	39.123748918051504	35.574230294356106	240.694009
34	1	677485108d7eb43c58f713b3	Master__Of__Kitten	4	65.60165657668638	18.82857482316711	se	65.45586146371323	16.164840942498614	123.751036
34	1	677485108d7eb43c58f713b3	Master__Of__Kitten	5	45.20408486727479	37.77602710021083	ru	45.96722401028378	41.99554999466187	339.099837
34	1	64836c81ad20f4a5e20f1cb9	Breeze	1	32.34858920458582	-89.99264983157464	us	42.83977575783785	-92.75929250241077	1191.565612
34	1	64836c81ad20f4a5e20f1cb9	Breeze	2	26.38806449146586	-100.9213260518655	mx	21.711281274617985	-99.83360462980338	531.624142
34	1	64836c81ad20f4a5e20f1cb9	Breeze	3	38.54277639333664	38.25120241679675	tr	37.9474435642748	37.27089687868124	108.216715
34	1	64836c81ad20f4a5e20f1cb9	Breeze	4	65.60165657668638	18.82857482316711	se	60.22960410405556	8.906857912621495	778.673709
34	1	64836c81ad20f4a5e20f1cb9	Breeze	5	45.20408486727479	37.77602710021083	ru	52.78209210452837	35.822060472641155	854.523805
34	1	695bb8d2900ad6bdf17374c8	Comte	1	32.34858920458582	-89.99264983157464	us	39.81045873435277	-75.61601180542003	1532.487977
34	1	695bb8d2900ad6bdf17374c8	Comte	2	26.38806449146586	-100.9213260518655	mx	25.488191043268003	-101.35855801776756	109.195662
34	1	695bb8d2900ad6bdf17374c8	Comte	3	38.54277639333664	38.25120241679675	tr	38.44492685756417	31.323302113747467	602.887150
34	1	695bb8d2900ad6bdf17374c8	Comte	4	65.60165657668638	18.82857482316711	se	64.65014386852114	18.485538233775983	107.012558
34	1	695bb8d2900ad6bdf17374c8	Comte	5	45.20408486727479	37.77602710021083	ru	53.231066950833785	54.64570903982229	1509.753659
34	1	68f2e3307b1dd2467d0fc0f5	Etterima	1	32.34858920458582	-89.99264983157464	us	40.26469552043938	-79.67564631130354	1274.791761
34	1	68f2e3307b1dd2467d0fc0f5	Etterima	2	26.38806449146586	-100.9213260518655	mx	21.707427044067984	-100.92126672810085	520.463138
34	1	68f2e3307b1dd2467d0fc0f5	Etterima	3	38.54277639333664	38.25120241679675	tr	38.223996168435576	35.085441951114376	278.189403
34	1	68f2e3307b1dd2467d0fc0f5	Etterima	4	65.60165657668638	18.82857482316711	se	62.68367157588347	15.721803039970354	357.638722
34	1	68f2e3307b1dd2467d0fc0f5	Etterima	5	45.20408486727479	37.77602710021083	ru	56.83260164472505	60.5019134530414	2032.365953
34	1	5eb9c2e197d6cf4bc8c17c07	Ca_Marsh	1	32.34858920458582	-89.99264983157464	us	38.25352568319821	-80.7633398267832	1063.274474
34	1	5eb9c2e197d6cf4bc8c17c07	Ca_Marsh	2	26.38806449146586	-100.9213260518655	mx	20.893595318116958	-100.36796769430968	613.548655
34	1	5eb9c2e197d6cf4bc8c17c07	Ca_Marsh	3	38.54277639333664	38.25120241679675	tr	40.58668823965591	-1.9995370511998178	3427.733498
34	1	5eb9c2e197d6cf4bc8c17c07	Ca_Marsh	4	65.60165657668638	18.82857482316711	se	67.11521361280015	20.86418429014122	191.194115
34	1	5eb9c2e197d6cf4bc8c17c07	Ca_Marsh	5	45.20408486727479	37.77602710021083	ru	51.66030850127245	36.80811280059871	721.424232
34	1	5e8fdfa9d51dd65c18f98403	Tbowfr	1	32.34858920458582	-89.99264983157464	us	40.11872837380383	-80.32097187336228	1222.845825
34	1	5e8fdfa9d51dd65c18f98403	Tbowfr	2	26.38806449146586	-100.9213260518655	mx	23.974587207522752	-102.64519062336228	319.537166
34	1	5e8fdfa9d51dd65c18f98403	Tbowfr	3	38.54277639333664	38.25120241679675	tr	40.05148424934403	-3.0651124983622813	3527.176992
34	1	5e8fdfa9d51dd65c18f98403	Tbowfr	4	65.60165657668638	18.82857482316711	se	61.23537910628358	23.940653514285607	547.700103
34	1	5e8fdfa9d51dd65c18f98403	Tbowfr	5	45.20408486727479	37.77602710021083	ru	54.723082246857025	52.49743166360078	1487.342386
34	1	5e626d0512777c7a20431f1c	LordOozik	1	32.34858920458582	-89.99264983157464	us	41.032296240391	-84.22000128167004	1093.549580
34	1	5e626d0512777c7a20431f1c	LordOozik	2	26.38806449146586	-100.9213260518655	mx	25.535705433104354	-104.02514600837895	324.440620
34	1	5e626d0512777c7a20431f1c	LordOozik	3	38.54277639333664	38.25120241679675	tr	40.832328198599406	15.607248584658823	1948.733637
34	1	5e626d0512777c7a20431f1c	LordOozik	4	65.60165657668638	18.82857482316711	se	62.353929627781675	42.971707116453565	1223.126055
34	1	5e626d0512777c7a20431f1c	LordOozik	5	45.20408486727479	37.77602710021083	ru	16.88131614159115	-94.11220425692821	11578.560296
35	1	5eb9c2e197d6cf4bc8c17c07	Ca_Marsh	1	54.20307852969478	-105.9769440277677	ca	47.82423324030439	-97.0983913940511	941.377335
35	1	5eb9c2e197d6cf4bc8c17c07	Ca_Marsh	2	45.95998068151267	-92.61178506943986	us	44.93498641514032	-93.32492621706174	126.825485
35	1	5eb9c2e197d6cf4bc8c17c07	Ca_Marsh	3	45.95202875173928	20.22785905144149	rs	51.04110709767464	16.95356427227162	615.008444
35	1	5eb9c2e197d6cf4bc8c17c07	Ca_Marsh	4	55.790767831590465	26.3719825646086	lv	57.11574350496863	25.936896974119385	149.735830
35	1	5eb9c2e197d6cf4bc8c17c07	Ca_Marsh	5	7.824876738373895	4.606353835956914	ng	16.251783177364164	79.76328389680515	8187.889256
35	1	677485108d7eb43c58f713b3	Master__Of__Kitten	1	54.20307852969478	-105.9769440277677	ca	53.8595645889221	-123.13706674702745	1118.610817
35	1	677485108d7eb43c58f713b3	Master__Of__Kitten	2	45.95998068151267	-92.61178506943986	us	32.66447665046004	-89.46341710599214	1502.666965
35	1	677485108d7eb43c58f713b3	Master__Of__Kitten	3	45.95202875173928	20.22785905144149	rs	14.062483471408862	101.57760321587472	8225.498073
35	1	677485108d7eb43c58f713b3	Master__Of__Kitten	4	55.790767831590465	26.3719825646086	lv	55.599530114024155	23.19074699214694	200.477696
35	1	677485108d7eb43c58f713b3	Master__Of__Kitten	5	7.824876738373895	4.606353835956914	ng	6.580847726200683	6.308247662572848	233.201917
35	1	5e626d0512777c7a20431f1c	LordOozik	1	54.20307852969478	-105.9769440277677	ca	49.76188688191836	-99.3278191246829	671.175734
35	1	5e626d0512777c7a20431f1c	LordOozik	2	45.95998068151267	-92.61178506943986	us	47.48456656521868	-93.8982088420534	195.837970
35	1	5e626d0512777c7a20431f1c	LordOozik	3	45.95202875173928	20.22785905144149	rs	57.75617975338176	89.65948853650033	4716.750546
35	1	5e626d0512777c7a20431f1c	LordOozik	4	55.790767831590465	26.3719825646086	lv	52.86834079706911	21.80023614943174	439.670594
35	1	5e626d0512777c7a20431f1c	LordOozik	5	7.824876738373895	4.606353835956914	ng	0.8317877034390594	36.41360951259901	3608.978627
35	1	68f2e3307b1dd2467d0fc0f5	Etterima	1	54.20307852969478	-105.9769440277677	ca	64.14548699973959	27.445367329542243	6262.314772
35	1	68f2e3307b1dd2467d0fc0f5	Etterima	2	45.95998068151267	-92.61178506943986	us	39.81605474719938	-85.96748470526497	870.970473
35	1	68f2e3307b1dd2467d0fc0f5	Etterima	3	45.95202875173928	20.22785905144149	rs	36.01508786946776	-86.1052950888469	8302.267389
35	1	68f2e3307b1dd2467d0fc0f5	Etterima	4	55.790767831590465	26.3719825646086	lv	56.67702940733994	25.342595684240248	117.295847
35	1	68f2e3307b1dd2467d0fc0f5	Etterima	5	7.824876738373895	4.606353835956914	ng	7.148253095394594	5.179086881332804	98.221698
35	1	5e8fdfa9d51dd65c18f98403	Tbowfr	1	54.20307852969478	-105.9769440277677	ca	45.28136384916994	134.65949687663772	7561.768387
35	1	5e8fdfa9d51dd65c18f98403	Tbowfr	2	45.95998068151267	-92.61178506943986	us	40.24874495387393	-121.96894088111952	2451.120537
35	1	5e8fdfa9d51dd65c18f98403	Tbowfr	3	45.95202875173928	20.22785905144149	rs	49.68944708194481	26.381879762298936	619.163197
35	1	5e8fdfa9d51dd65c18f98403	Tbowfr	4	55.790767831590465	26.3719825646086	lv	48.8607858785323	14.652787890290435	1105.457411
35	1	5e8fdfa9d51dd65c18f98403	Tbowfr	5	7.824876738373895	4.606353835956914	ng	7.846811437871474	6.382780570584492	195.700308
35	1	695bb8d2900ad6bdf17374c8	Comte	1	54.20307852969478	-105.9769440277677	ca	63.64562593422757	-137.64242648053772	2067.695277
35	1	695bb8d2900ad6bdf17374c8	Comte	2	45.95998068151267	-92.61178506943986	us	46.527746040001404	-64.90032959504079	2121.009321
35	1	695bb8d2900ad6bdf17374c8	Comte	3	45.95202875173928	20.22785905144149	rs	23.01995347530125	-102.25677426295383	10406.626256
35	1	695bb8d2900ad6bdf17374c8	Comte	4	55.790767831590465	26.3719825646086	lv	56.117123270201375	26.99150054881568	52.955470
35	1	695bb8d2900ad6bdf17374c8	Comte	5	7.824876738373895	4.606353835956914	ng	7.358252662142615	9.03975871345085	491.394683
35	1	66c34181c361d9f3b9a03d9b	OG	1	54.20307852969478	-105.9769440277677	ca	46.25215862071324	-94.89028260111809	1182.009809
35	1	66c34181c361d9f3b9a03d9b	OG	2	45.95998068151267	-92.61178506943986	us	32.082170605525825	-86.22557736933231	1637.405561
35	1	66c34181c361d9f3b9a03d9b	OG	3	45.95202875173928	20.22785905144149	rs	54.8481183598872	47.633263394236565	2160.561731
35	1	66c34181c361d9f3b9a03d9b	OG	4	55.790767831590465	26.3719825646086	lv	57.591676288311014	13.42372689396143	814.230606
35	1	66c34181c361d9f3b9a03d9b	OG	5	7.824876738373895	4.606353835956914	ng	-1.9816355678586433	30.11868897825479	3032.431021
36	1	677485108d7eb43c58f713b3	Master__Of__Kitten	1	48.79177613618128	-123.89008827551636	ca	45.62981606950776	-121.74553804378297	387.074920
36	1	677485108d7eb43c58f713b3	Master__Of__Kitten	2	-16.87079114774719	-68.42335052432391	bo	-15.6776469887244	-68.47496357258103	132.785906
36	1	677485108d7eb43c58f713b3	Master__Of__Kitten	3	-11.36099942347938	-57.63668922913055	br	-15.201104829436613	-50.41344013508103	890.553548
36	1	677485108d7eb43c58f713b3	Master__Of__Kitten	4	-28.15417456409897	26.74298417100934	za	-25.21315123358392	25.67934595716416	343.670562
36	1	677485108d7eb43c58f713b3	Master__Of__Kitten	5	-16.58049719609003	-43.93834379236122	br	-10.283669945000213	-44.778727206417344	706.042958
36	1	66c34181c361d9f3b9a03d9b	OG	1	48.79177613618128	-123.89008827551636	ca	47.6912294928621	-120.66456075757743	268.358101
36	1	66c34181c361d9f3b9a03d9b	OG	2	-16.87079114774719	-68.42335052432391	bo	-17.34895730191793	-63.2278586179018	554.679901
36	1	66c34181c361d9f3b9a03d9b	OG	3	-11.36099942347938	-57.63668922913055	br	-10.767637517493357	-43.34645636379719	1560.703339
36	1	66c34181c361d9f3b9a03d9b	OG	4	-28.15417456409897	26.74298417100934	za	-26.40470514446881	27.43920709937811	206.340460
36	1	66c34181c361d9f3b9a03d9b	OG	5	-16.58049719609003	-43.93834379236122	br	-13.693151519380462	-44.225318022072315	322.532074
36	1	5eb9c2e197d6cf4bc8c17c07	Ca_Marsh	1	48.79177613618128	-123.89008827551636	ca	50.612687209214315	-120.82751771116504	299.129437
36	1	5eb9c2e197d6cf4bc8c17c07	Ca_Marsh	2	-16.87079114774719	-68.42335052432391	bo	-10.926638280904385	-75.06251883057529	974.599340
36	1	5eb9c2e197d6cf4bc8c17c07	Ca_Marsh	3	-11.36099942347938	-57.63668922913055	br	-19.313039514113587	-52.57811415320022	1037.073836
36	1	5eb9c2e197d6cf4bc8c17c07	Ca_Marsh	4	-28.15417456409897	26.74298417100934	za	-26.342842807596707	31.18057203911918	482.656801
36	1	5eb9c2e197d6cf4bc8c17c07	Ca_Marsh	5	-16.58049719609003	-43.93834379236122	br	-15.834496127157022	-50.55468253081174	711.281074
36	1	695bb8d2900ad6bdf17374c8	Comte	1	48.79177613618128	-123.89008827551636	ca	48.667626087065145	-92.11553242461638	2313.499946
36	1	695bb8d2900ad6bdf17374c8	Comte	2	-16.87079114774719	-68.42335052432391	bo	-25.454840486764212	-65.78251360973532	992.905095
36	1	695bb8d2900ad6bdf17374c8	Comte	3	-11.36099942347938	-57.63668922913055	br	-9.61436362330493	-67.41824437061017	1086.893191
36	1	695bb8d2900ad6bdf17374c8	Comte	4	-28.15417456409897	26.74298417100934	za	-25.16746975370205	25.540661857596618	352.936018
36	1	695bb8d2900ad6bdf17374c8	Comte	5	-16.58049719609003	-43.93834379236122	br	-11.300287747561388	-41.85459114756723	628.690790
36	1	5e8fdfa9d51dd65c18f98403	Tbowfr	1	48.79177613618128	-123.89008827551636	ca	46.717649472284215	-122.0562619258132	268.281443
36	1	5e8fdfa9d51dd65c18f98403	Tbowfr	2	-16.87079114774719	-68.42335052432391	bo	-20.99951452252262	-67.67380464977124	465.808829
36	1	5e8fdfa9d51dd65c18f98403	Tbowfr	3	-11.36099942347938	-57.63668922913055	br	-14.487752469821546	-50.84258208297338	814.172443
36	1	5e8fdfa9d51dd65c18f98403	Tbowfr	4	-28.15417456409897	26.74298417100934	za	45.06490760625748	26.904755059452594	8141.606988
36	1	5e8fdfa9d51dd65c18f98403	Tbowfr	5	-16.58049719609003	-43.93834379236122	br	-14.884578370106176	-52.02019062336228	885.222153
36	1	68f2e3307b1dd2467d0fc0f5	Etterima	1	48.79177613618128	-123.89008827551636	ca	49.04681907302019	-100.08271575157411	1732.640665
36	1	68f2e3307b1dd2467d0fc0f5	Etterima	2	-16.87079114774719	-68.42335052432391	bo	-29.40715078224786	27.750299739752958	9670.708806
36	1	68f2e3307b1dd2467d0fc0f5	Etterima	3	-11.36099942347938	-57.63668922913055	br	-11.914878188888459	-51.66792369882845	652.948390
36	1	68f2e3307b1dd2467d0fc0f5	Etterima	4	-28.15417456409897	26.74298417100934	za	-25.71311162926749	30.17898709544428	435.502892
36	1	68f2e3307b1dd2467d0fc0f5	Etterima	5	-16.58049719609003	-43.93834379236122	br	-8.168207088578585	-48.36072264719219	1051.289665
36	1	5e626d0512777c7a20431f1c	LordOozik	1	48.79177613618128	-123.89008827551636	ca	47.37217446001329	-100.10287729403255	1766.827382
36	1	5e626d0512777c7a20431f1c	LordOozik	2	-16.87079114774719	-68.42335052432391	bo	50.45834016176109	69.04014015698291	14708.553834
36	1	5e626d0512777c7a20431f1c	LordOozik	3	-11.36099942347938	-57.63668922913055	br	-30.060818968573443	24.62043212299113	8640.061453
36	1	5e626d0512777c7a20431f1c	LordOozik	4	-28.15417456409897	26.74298417100934	za	-37.082612680338116	-63.270184652021335	8170.634970
36	1	5e626d0512777c7a20431f1c	LordOozik	5	-16.58049719609003	-43.93834379236122	br	-21.198544219551845	-69.24674659272218	2708.444155
36	1	64836c81ad20f4a5e20f1cb9	Breeze	1	48.79177613618128	-123.89008827551636	ca	45.40553182512529	-94.67922826730859	2228.715906
36	1	64836c81ad20f4a5e20f1cb9	Breeze	2	-16.87079114774719	-68.42335052432391	bo	-22.41394900449467	143.932157489765	14404.539001
36	1	64836c81ad20f4a5e20f1cb9	Breeze	3	-11.36099942347938	-57.63668922913055	br	-0.8147419139018864	36.7059279265871	10462.999813
36	1	64836c81ad20f4a5e20f1cb9	Breeze	4	-28.15417456409897	26.74298417100934	za	-32.8425922011511	-57.66100018216897	7877.560470
36	1	64836c81ad20f4a5e20f1cb9	Breeze	5	-16.58049719609003	-43.93834379236122	br	-22.659518401584076	-63.251461063613824	2130.505841
37	1	677485108d7eb43c58f713b3	Master__Of__Kitten	1	23.797868005911116	89.32217809699952	bd	24.04316374274808	89.73683814297017	50.203519
37	1	677485108d7eb43c58f713b3	Master__Of__Kitten	2	22.199325016036703	92.0429107000554	bd	23.598295125256577	90.52698189492317	219.791122
37	1	677485108d7eb43c58f713b3	Master__Of__Kitten	3	0.3962303880304983	36.5577799858651	ke	-1.6279584816021775	37.180383041658516	235.483711
37	1	677485108d7eb43c58f713b3	Master__Of__Kitten	4	41.79191748428473	0.6277088551552071	es	32.87400095211134	35.19911024724643	3188.714623
37	1	677485108d7eb43c58f713b3	Master__Of__Kitten	5	17.882396802606213	-91.35215538879864	mx	5.113762795169449	-75.7608281126561	2210.855799
37	1	66c34181c361d9f3b9a03d9b	OG	1	23.797868005911116	89.32217809699952	bd	23.850816447870113	90.08363029272975	77.678114
37	1	66c34181c361d9f3b9a03d9b	OG	2	22.199325016036703	92.0429107000554	bd	23.769066912405105	89.91922088964827	278.787957
37	1	66c34181c361d9f3b9a03d9b	OG	3	0.3962303880304983	36.5577799858651	ke	-1.3661322821486235	37.46550838486788	220.428876
37	1	66c34181c361d9f3b9a03d9b	OG	4	41.79191748428473	0.6277088551552071	es	53.86327642099467	40.75399889952613	3227.536755
37	1	66c34181c361d9f3b9a03d9b	OG	5	17.882396802606213	-91.35215538879864	mx	7.547946956380691	-75.04896388672636	2106.381120
37	1	695bb8d2900ad6bdf17374c8	Comte	1	23.797868005911116	89.32217809699952	bd	23.439200899355953	89.51558025851462	44.483848
37	1	695bb8d2900ad6bdf17374c8	Comte	2	22.199325016036703	92.0429107000554	bd	23.571246220206202	90.64565275564033	209.185593
37	1	695bb8d2900ad6bdf17374c8	Comte	3	0.3962303880304983	36.5577799858651	ke	2.659140218147677	35.635613262500776	271.699001
37	1	695bb8d2900ad6bdf17374c8	Comte	4	41.79191748428473	0.6277088551552071	es	41.10442897211493	25.627522430920305	2077.703890
37	1	695bb8d2900ad6bdf17374c8	Comte	5	17.882396802606213	-91.35215538879864	mx	16.422103690718878	102.90408321847983	15893.533557
37	1	5e8fdfa9d51dd65c18f98403	Tbowfr	1	23.797868005911116	89.32217809699952	bd	11.671298388309905	124.05829306878145	3904.653809
37	1	5e8fdfa9d51dd65c18f98403	Tbowfr	2	22.199325016036703	92.0429107000554	bd	23.630998634997773	90.16946651076852	249.312176
37	1	5e8fdfa9d51dd65c18f98403	Tbowfr	3	0.3962303880304983	36.5577799858651	ke	-0.19463652175232327	36.53281033519946	65.760042
37	1	5e8fdfa9d51dd65c18f98403	Tbowfr	4	41.79191748428473	0.6277088551552071	es	43.55447921162267	22.949093981748728	1829.792653
37	1	5e8fdfa9d51dd65c18f98403	Tbowfr	5	17.882396802606213	-91.35215538879864	mx	17.422528025363825	-97.25751506775609	627.785150
37	1	5eb9c2e197d6cf4bc8c17c07	Ca_Marsh	1	23.797868005911116	89.32217809699952	bd	14.411928771728704	100.57552638384357	1575.613466
37	1	5eb9c2e197d6cf4bc8c17c07	Ca_Marsh	2	22.199325016036703	92.0429107000554	bd	31.206197115642542	75.94051224292944	1883.846448
37	1	5eb9c2e197d6cf4bc8c17c07	Ca_Marsh	3	0.3962303880304983	36.5577799858651	ke	-1.8569540068217711	40.070004229950506	463.950270
37	1	5eb9c2e197d6cf4bc8c17c07	Ca_Marsh	4	41.79191748428473	0.6277088551552071	es	39.62455725456425	30.810535505712576	2542.379640
37	1	5eb9c2e197d6cf4bc8c17c07	Ca_Marsh	5	17.882396802606213	-91.35215538879864	mx	17.470954925961056	-95.08858036682842	398.482537
37	1	5e626d0512777c7a20431f1c	LordOozik	1	23.797868005911116	89.32217809699952	bd	23.59305288473444	89.29867138955807	22.899827
37	1	5e626d0512777c7a20431f1c	LordOozik	2	22.199325016036703	92.0429107000554	bd	23.417817061329046	88.0436663207629	431.710914
37	1	5e626d0512777c7a20431f1c	LordOozik	3	0.3962303880304983	36.5577799858651	ke	-24.99730698860902	28.22394741076664	2962.630758
37	1	5e626d0512777c7a20431f1c	LordOozik	4	41.79191748428473	0.6277088551552071	es	47.382315790286256	21.952639315962855	1792.520928
37	1	5e626d0512777c7a20431f1c	LordOozik	5	17.882396802606213	-91.35215538879864	mx	52.70215753863545	-8.461047415940607	7961.642564
38	1	677485108d7eb43c58f713b3	Master__Of__Kitten	1	65.45040515855533	73.51990988599323	ru	47.900419473574416	36.07093486491897	2930.777011
38	1	677485108d7eb43c58f713b3	Master__Of__Kitten	2	24.91818652091024	-99.28259154915344	mx	17.53538857721462	-96.14346112228638	882.936639
38	1	677485108d7eb43c58f713b3	Master__Of__Kitten	3	54.33458896413875	-1.4284863604185054	gb	53.01090163145963	-1.2047446538995565	147.923146
38	1	677485108d7eb43c58f713b3	Master__Of__Kitten	4	37.82708023717669	21.727178876448527	gr	40.02625058038699	22.184216114918968	247.710793
38	1	677485108d7eb43c58f713b3	Master__Of__Kitten	5	-1.8089084379923013	-60.14665945460863	br	-5.6183786885337215	-62.091975213589755	475.402645
38	1	695bb8d2900ad6bdf17374c8	Comte	1	65.45040515855533	73.51990988599323	ru	57.92895810408412	60.010119304477385	1094.050538
38	1	695bb8d2900ad6bdf17374c8	Comte	2	24.91818652091024	-99.28259154915344	mx	27.450245533855135	-100.925528008592	325.790826
38	1	695bb8d2900ad6bdf17374c8	Comte	3	54.33458896413875	-1.4284863604185054	gb	52.56613080588096	-1.791608961118254	198.107507
38	1	695bb8d2900ad6bdf17374c8	Comte	4	37.82708023717669	21.727178876448527	gr	41.096955934845866	-3.445026904907469	2183.471407
38	1	695bb8d2900ad6bdf17374c8	Comte	5	-1.8089084379923013	-60.14665945460863	br	-7.090886747722105	-59.9015800107757	587.956822
38	1	66c34181c361d9f3b9a03d9b	OG	1	65.45040515855533	73.51990988599323	ru	56.62691978635637	44.56592239602942	1817.160995
38	1	66c34181c361d9f3b9a03d9b	OG	2	24.91818652091024	-99.28259154915344	mx	20.00264947970031	-101.76628459061871	603.183507
38	1	66c34181c361d9f3b9a03d9b	OG	3	54.33458896413875	-1.4284863604185054	gb	52.23746329712846	-0.8980757861284405	235.838388
38	1	66c34181c361d9f3b9a03d9b	OG	4	37.82708023717669	21.727178876448527	gr	40.71160734919738	21.70772968561665	320.749148
38	1	66c34181c361d9f3b9a03d9b	OG	5	-1.8089084379923013	-60.14665945460863	br	-10.772937728121915	-46.906656119462774	1769.260217
38	1	5e8fdfa9d51dd65c18f98403	Tbowfr	1	65.45040515855533	73.51990988599323	ru	57.16571902182316	34.73986762169817	2219.973747
38	1	5e8fdfa9d51dd65c18f98403	Tbowfr	2	24.91818652091024	-99.28259154915344	mx	18.225263997548275	-97.85881502041218	758.618247
38	1	5e8fdfa9d51dd65c18f98403	Tbowfr	3	54.33458896413875	-1.4284863604185054	gb	53.44802250171604	-2.4864067470898688	120.513679
38	1	5e8fdfa9d51dd65c18f98403	Tbowfr	4	37.82708023717669	21.727178876448527	gr	43.45887229151426	16.948714879688644	744.478008
38	1	5e8fdfa9d51dd65c18f98403	Tbowfr	5	-1.8089084379923013	-60.14665945460863	br	-11.255584168788099	-58.78776874836228	1061.070404
38	1	68f2e3307b1dd2467d0fc0f5	Etterima	1	65.45040515855533	73.51990988599323	ru	54.56041744661706	41.5118924111531	2115.677115
38	1	68f2e3307b1dd2467d0fc0f5	Etterima	2	24.91818652091024	-99.28259154915344	mx	31.636283142016854	-98.5857638388469	750.121735
38	1	68f2e3307b1dd2467d0fc0f5	Etterima	3	54.33458896413875	-1.4284863604185054	gb	53.77843791926902	-1.604020716560004	62.893478
38	1	68f2e3307b1dd2467d0fc0f5	Etterima	4	37.82708023717669	21.727178876448527	gr	44.91475742862062	8.372194066406994	1362.099659
38	1	68f2e3307b1dd2467d0fc0f5	Etterima	5	-1.8089084379923013	-60.14665945460863	br	-25.371073512594585	-56.143822662853054	2654.885542
38	1	5e626d0512777c7a20431f1c	LordOozik	1	65.45040515855533	73.51990988599323	ru	52.542090730676776	46.06574261609416	2097.925419
38	1	5e626d0512777c7a20431f1c	LordOozik	2	24.91818652091024	-99.28259154915344	mx	20.262580326272033	-100.88736863172664	543.242688
38	1	5e626d0512777c7a20431f1c	LordOozik	3	54.33458896413875	-1.4284863604185054	gb	52.88509098266734	-1.4299184645667107	161.176849
38	1	5e626d0512777c7a20431f1c	LordOozik	4	37.82708023717669	21.727178876448527	gr	42.543549397060715	0.01061472636499694	1911.856080
38	1	5e626d0512777c7a20431f1c	LordOozik	5	-1.8089084379923013	-60.14665945460863	br	16.510224314658913	102.66729989655735	17523.126160
38	1	5eb9c2e197d6cf4bc8c17c07	Ca_Marsh	1	65.45040515855533	73.51990988599323	ru	50.59337828401631	27.661042895814017	3064.901953
38	1	5eb9c2e197d6cf4bc8c17c07	Ca_Marsh	2	24.91818652091024	-99.28259154915344	mx	19.83723932158269	-101.74226108011877	618.946166
38	1	5eb9c2e197d6cf4bc8c17c07	Ca_Marsh	3	54.33458896413875	-1.4284863604185054	gb	52.96961116135763	-1.1418530374959612	152.949255
38	1	5eb9c2e197d6cf4bc8c17c07	Ca_Marsh	4	37.82708023717669	21.727178876448527	gr	21.58882040731127	-99.07787781540905	10969.879451
38	1	5eb9c2e197d6cf4bc8c17c07	Ca_Marsh	5	-1.8089084379923013	-60.14665945460863	br	8.063118789562136	125.13634957494843	19106.341731
39	1	5eb9c2e197d6cf4bc8c17c07	Ca_Marsh	1	50.63304088003161	38.701136111106	ru	54.60428860817729	39.79635301539951	447.714439
39	1	5eb9c2e197d6cf4bc8c17c07	Ca_Marsh	2	47.93376740014365	106.72623110394584	mn	48.36265627286522	106.74038003527819	47.701818
39	1	5eb9c2e197d6cf4bc8c17c07	Ca_Marsh	3	11.50847070488284	122.4157638414556	ph	11.208835596785338	122.64453190766626	41.618089
39	1	5eb9c2e197d6cf4bc8c17c07	Ca_Marsh	4	48.91872657402581	24.62406861177094	ua	54.55223250200358	23.41812824676954	631.872095
39	1	5eb9c2e197d6cf4bc8c17c07	Ca_Marsh	5	-38.22117114810995	147.1679253106424	au	-34.91669364011435	138.6131173993059	847.276262
39	1	66c34181c361d9f3b9a03d9b	OG	1	50.63304088003161	38.701136111106	ru	52.72960472115735	43.64444912102964	412.775801
39	1	66c34181c361d9f3b9a03d9b	OG	2	47.93376740014365	106.72623110394584	mn	47.9429662515435	106.84459267945914	8.876214
39	1	66c34181c361d9f3b9a03d9b	OG	3	11.50847070488284	122.4157638414556	ph	12.556413273367248	122.84533103250595	125.541327
39	1	66c34181c361d9f3b9a03d9b	OG	4	48.91872657402581	24.62406861177094	ua	52.58715852408294	45.2393655522936	1500.697068
39	1	66c34181c361d9f3b9a03d9b	OG	5	-38.22117114810995	147.1679253106424	au	-31.918807818215658	115.98965397034316	2907.816796
39	1	64836c81ad20f4a5e20f1cb9	Breeze	1	50.63304088003161	38.701136111106	ru	51.12982477400466	37.22432618743372	117.410007
39	1	64836c81ad20f4a5e20f1cb9	Breeze	2	47.93376740014365	106.72623110394584	mn	51.847960533497115	89.63748286915283	1295.571303
39	1	64836c81ad20f4a5e20f1cb9	Breeze	3	11.50847070488284	122.4157638414556	ph	7.041391716002626	124.68092642563253	555.415272
39	1	64836c81ad20f4a5e20f1cb9	Breeze	4	48.91872657402581	24.62406861177094	ua	54.14852406499284	58.19465312663772	2369.304383
39	1	64836c81ad20f4a5e20f1cb9	Breeze	5	-38.22117114810995	147.1679253106424	au	-34.79139316420242	148.17588835332623	391.861780
39	1	677485108d7eb43c58f713b3	Master__Of__Kitten	1	50.63304088003161	38.701136111106	ru	45.20164944218083	39.743444794705	608.900383
39	1	677485108d7eb43c58f713b3	Master__Of__Kitten	2	47.93376740014365	106.72623110394584	mn	47.96388818688118	100.53180743950762	461.234631
39	1	677485108d7eb43c58f713b3	Master__Of__Kitten	3	11.50847070488284	122.4157638414556	ph	8.28003663275719	124.7461101228397	440.469725
39	1	677485108d7eb43c58f713b3	Master__Of__Kitten	4	48.91872657402581	24.62406861177094	ua	55.68970045376387	159.25814666515097	7645.051955
39	1	677485108d7eb43c58f713b3	Master__Of__Kitten	5	-38.22117114810995	147.1679253106424	au	-36.84830936447992	145.62427706209655	204.517362
39	1	695bb8d2900ad6bdf17374c8	Comte	1	50.63304088003161	38.701136111106	ru	47.70084396640287	40.231996821747394	344.499344
39	1	695bb8d2900ad6bdf17374c8	Comte	2	47.93376740014365	106.72623110394584	mn	47.969293875401114	106.80898628219595	7.320456
39	1	695bb8d2900ad6bdf17374c8	Comte	3	11.50847070488284	122.4157638414556	ph	-2.617843417501042	106.53575375447548	2355.934110
39	1	695bb8d2900ad6bdf17374c8	Comte	4	48.91872657402581	24.62406861177094	ua	49.57263932106895	30.18958535497786	410.390973
39	1	695bb8d2900ad6bdf17374c8	Comte	5	-38.22117114810995	147.1679253106424	au	-30.7837173166576	121.45695291724894	2487.121986
39	1	5e626d0512777c7a20431f1c	LordOozik	1	50.63304088003161	38.701136111106	ru	53.02367660181295	44.948978206007695	504.718228
39	1	5e626d0512777c7a20431f1c	LordOozik	2	47.93376740014365	106.72623110394584	mn	22.033410966777673	-101.59049356592675	11737.701622
39	1	5e626d0512777c7a20431f1c	LordOozik	3	11.50847070488284	122.4157638414556	ph	13.719151740494732	107.54191971226498	1632.260965
39	1	5e626d0512777c7a20431f1c	LordOozik	4	48.91872657402581	24.62406861177094	ua	52.542090730676776	44.65949274769393	1461.184913
39	1	5e626d0512777c7a20431f1c	LordOozik	5	-38.22117114810995	147.1679253106424	au	-37.006042011069795	145.05490579787485	229.982526
39	1	68f2e3307b1dd2467d0fc0f5	Etterima	1	50.63304088003161	38.701136111106	ru	47.37106678271436	20.134260222034808	1397.981196
39	1	68f2e3307b1dd2467d0fc0f5	Etterima	2	47.93376740014365	106.72623110394584	mn	50.88637830133978	66.53079046276372	2890.139185
39	1	68f2e3307b1dd2467d0fc0f5	Etterima	3	11.50847070488284	122.4157638414556	ph	11.180127751821205	122.59669169688871	41.497805
39	1	68f2e3307b1dd2467d0fc0f5	Etterima	4	48.91872657402581	24.62406861177094	ua	54.95727971217965	73.58647457422562	3350.615884
39	1	68f2e3307b1dd2467d0fc0f5	Etterima	5	-38.22117114810995	147.1679253106424	au	-23.463669271039343	148.1079777593255	1643.383548
39	1	5e8fdfa9d51dd65c18f98403	Tbowfr	1	50.63304088003161	38.701136111106	ru	52.62753621964484	57.84309062663772	1335.589652
39	1	5e8fdfa9d51dd65c18f98403	Tbowfr	2	47.93376740014365	106.72623110394584	mn	49.32447247791392	72.46255531618617	2501.184578
39	1	5e8fdfa9d51dd65c18f98403	Tbowfr	3	11.50847070488284	122.4157638414556	ph	-17.88635419486713	-53.95378437336228	19205.624973
39	1	5e8fdfa9d51dd65c18f98403	Tbowfr	4	48.91872657402581	24.62406861177094	ua	56.39974536258437	65.57746562663772	2837.003845
39	1	5e8fdfa9d51dd65c18f98403	Tbowfr	5	-38.22117114810995	147.1679253106424	au	-35.55304435387646	143.97590312663772	410.566090
40	1	677485108d7eb43c58f713b3	Master__Of__Kitten	1	-21.98717928827822	27.8415037463793	bw	-24.656951232992764	25.903482676787128	356.760366
40	1	677485108d7eb43c58f713b3	Master__Of__Kitten	2	24.99942302259645	-98.30487424151995	mx	21.394454049053707	-100.40053940214182	454.462988
40	1	677485108d7eb43c58f713b3	Master__Of__Kitten	3	41.50717519741627	27.580484998133176	tr	42.47442372801376	24.22057007783841	297.757321
40	1	677485108d7eb43c58f713b3	Master__Of__Kitten	4	40.80692296433928	-80.4771213191279	us	41.07721841804891	-76.07229276447181	371.156030
40	1	677485108d7eb43c58f713b3	Master__Of__Kitten	5	45.95613833413117	15.0656037627746	si	46.291558494557094	15.085167262237684	37.327483
40	1	68f2e3307b1dd2467d0fc0f5	Etterima	1	-21.98717928827822	27.8415037463793	bw	-30.232041638848106	23.684434954492424	1006.110520
40	1	68f2e3307b1dd2467d0fc0f5	Etterima	2	24.99942302259645	-98.30487424151995	mx	24.79032466389702	-99.8813265858421	160.695433
40	1	68f2e3307b1dd2467d0fc0f5	Etterima	3	41.50717519741627	27.580484998133176	tr	43.275231401408924	24.266264594338697	335.710426
40	1	68f2e3307b1dd2467d0fc0f5	Etterima	4	40.80692296433928	-80.4771213191279	us	38.060661458176625	-83.62331972134179	407.689857
40	1	68f2e3307b1dd2467d0fc0f5	Etterima	5	45.95613833413117	15.0656037627746	si	49.540694271695415	16.4630642861531	412.030775
40	1	5e626d0512777c7a20431f1c	LordOozik	1	-21.98717928827822	27.8415037463793	bw	-29.370381906563242	24.163454355763914	899.738584
40	1	5e626d0512777c7a20431f1c	LordOozik	2	24.99942302259645	-98.30487424151995	mx	17.8208308024378	-96.27660943282892	825.325435
40	1	5e626d0512777c7a20431f1c	LordOozik	3	41.50717519741627	27.580484998133176	tr	44.83457112869915	25.236645354722878	415.911162
40	1	5e626d0512777c7a20431f1c	LordOozik	4	40.80692296433928	-80.4771213191279	us	40.69876579763422	-81.06348576055424	50.834686
40	1	5e626d0512777c7a20431f1c	LordOozik	5	45.95613833413117	15.0656037627746	si	47.845198735124214	18.47862707644472	333.654018
40	1	5e8fdfa9d51dd65c18f98403	Tbowfr	1	-21.98717928827822	27.8415037463793	bw	-23.35951105985395	23.6047039059827	460.678787
40	1	5e8fdfa9d51dd65c18f98403	Tbowfr	2	24.99942302259645	-98.30487424151995	mx	21.42925423454366	-100.09636249836228	437.145791
40	1	5e8fdfa9d51dd65c18f98403	Tbowfr	3	41.50717519741627	27.580484998133176	tr	46.22364712072736	20.364695117961265	780.227643
40	1	5e8fdfa9d51dd65c18f98403	Tbowfr	4	40.80692296433928	-80.4771213191279	us	42.2095695454794	-85.41862812336228	439.959509
40	1	5e8fdfa9d51dd65c18f98403	Tbowfr	5	45.95613833413117	15.0656037627746	si	49.42291746033103	11.436840626637718	471.442954
40	1	5eb9c2e197d6cf4bc8c17c07	Ca_Marsh	1	-21.98717928827822	27.8415037463793	bw	-26.336132371633415	31.160601324909802	589.193106
40	1	5eb9c2e197d6cf4bc8c17c07	Ca_Marsh	2	24.99942302259645	-98.30487424151995	mx	20.634448530233126	-100.21750446433482	523.428189
40	1	5eb9c2e197d6cf4bc8c17c07	Ca_Marsh	3	41.50717519741627	27.580484998133176	tr	40.04400076085875	21.890330898604237	505.889348
40	1	5eb9c2e197d6cf4bc8c17c07	Ca_Marsh	4	40.80692296433928	-80.4771213191279	us	45.68288691453839	-93.91741574845459	1214.051139
40	1	5eb9c2e197d6cf4bc8c17c07	Ca_Marsh	5	45.95613833413117	15.0656037627746	si	46.65495923182846	16.14724977370159	113.758539
40	1	695bb8d2900ad6bdf17374c8	Comte	1	-21.98717928827822	27.8415037463793	bw	-24.645150560347812	25.97043793224398	351.917086
40	1	695bb8d2900ad6bdf17374c8	Comte	2	24.99942302259645	-98.30487424151995	mx	29.05767324298973	-113.98849808953007	1616.156895
40	1	695bb8d2900ad6bdf17374c8	Comte	3	41.50717519741627	27.580484998133176	tr	43.33367165637711	21.932110530890355	506.041217
40	1	695bb8d2900ad6bdf17374c8	Comte	4	40.80692296433928	-80.4771213191279	us	45.80536083612037	-73.99233438450948	763.854315
40	1	695bb8d2900ad6bdf17374c8	Comte	5	45.95613833413117	15.0656037627746	si	46.15384698557458	14.585482655275332	43.080320
40	1	66c34181c361d9f3b9a03d9b	OG	1	-21.98717928827822	27.8415037463793	bw	-26.032228446030317	27.23133068963693	454.036097
40	1	66c34181c361d9f3b9a03d9b	OG	2	24.99942302259645	-98.30487424151995	mx	22.308413374873908	-101.21727163283707	421.308798
40	1	66c34181c361d9f3b9a03d9b	OG	3	41.50717519741627	27.580484998133176	tr	44.16467914008949	17.82214106938366	848.134410
40	1	66c34181c361d9f3b9a03d9b	OG	4	40.80692296433928	-80.4771213191279	us	55.32316522409413	23.77340818609431	7165.635641
40	1	66c34181c361d9f3b9a03d9b	OG	5	45.95613833413117	15.0656037627746	si	50.832722415591675	16.827834327020597	557.598131
40	1	64836c81ad20f4a5e20f1cb9	Breeze	1	-21.98717928827822	27.8415037463793	bw	-27.580964607494224	28.727884162569303	628.395910
40	1	64836c81ad20f4a5e20f1cb9	Breeze	2	24.99942302259645	-98.30487424151995	mx	40.18993935901738	30.625525494310697	11046.346438
40	1	64836c81ad20f4a5e20f1cb9	Breeze	3	41.50717519741627	27.580484998133176	tr	43.06606503075549	19.15142298204783	714.372027
40	1	64836c81ad20f4a5e20f1cb9	Breeze	4	40.80692296433928	-80.4771213191279	us	44.33311422334057	-90.03288593586228	874.494028
40	1	64836c81ad20f4a5e20f1cb9	Breeze	5	45.95613833413117	15.0656037627746	si	46.4653521870554	20.70530608060781	437.544175
41	1	695bb8d2900ad6bdf17374c8	Comte	1	31.03574411257722	35.46035975039901	jo	32.42895808469012	35.59436495288524	155.435781
41	1	695bb8d2900ad6bdf17374c8	Comte	2	43.61714417061685	25.0299387792399	bg	46.320477535756616	4.114685690542759	1667.509366
41	1	695bb8d2900ad6bdf17374c8	Comte	3	38.55728849353459	-6.340507379179838	es	36.72557715835725	-4.44446701791018	263.339203
41	1	695bb8d2900ad6bdf17374c8	Comte	4	40.57865254404958	-8.143484771463942	pt	41.173752997619154	-8.109436109709671	66.234044
41	1	695bb8d2900ad6bdf17374c8	Comte	5	-25.049271553964378	-59.28588291852509	ar	-27.16192949919089	-59.38317299014503	235.117584
41	1	677485108d7eb43c58f713b3	Master__Of__Kitten	1	31.03574411257722	35.46035975039901	jo	29.562059578206156	35.03514469881983	168.874216
41	1	677485108d7eb43c58f713b3	Master__Of__Kitten	2	43.61714417061685	25.0299387792399	bg	48.98038411911762	17.942341852584715	806.849384
41	1	677485108d7eb43c58f713b3	Master__Of__Kitten	3	38.55728849353459	-6.340507379179838	es	40.75487551678377	-2.4888764827032084	410.336550
41	1	677485108d7eb43c58f713b3	Master__Of__Kitten	4	40.57865254404958	-8.143484771463942	pt	45.41985981554219	11.689842484868546	1695.163705
41	1	677485108d7eb43c58f713b3	Master__Of__Kitten	5	-25.049271553964378	-59.28588291852509	ar	-29.237830019596856	-63.48633796099231	624.110282
41	1	5eb9c2e197d6cf4bc8c17c07	Ca_Marsh	1	31.03574411257722	35.46035975039901	jo	38.36787775202682	30.163918038629518	947.788819
41	1	5eb9c2e197d6cf4bc8c17c07	Ca_Marsh	2	43.61714417061685	25.0299387792399	bg	40.785661901345485	20.277165319186963	502.243698
41	1	5eb9c2e197d6cf4bc8c17c07	Ca_Marsh	3	38.55728849353459	-6.340507379179838	es	39.00433604665048	-1.8279905075605507	394.256634
41	1	5eb9c2e197d6cf4bc8c17c07	Ca_Marsh	4	40.57865254404958	-8.143484771463942	pt	47.499515412068426	21.63226242478681	2483.691842
41	1	5eb9c2e197d6cf4bc8c17c07	Ca_Marsh	5	-25.049271553964378	-59.28588291852509	ar	-32.58310248507244	-62.782858852198146	904.171854
41	1	64836c81ad20f4a5e20f1cb9	Breeze	1	31.03574411257722	35.46035975039901	jo	42.22985508332708	75.78794843001118	3767.350441
41	1	64836c81ad20f4a5e20f1cb9	Breeze	2	43.61714417061685	25.0299387792399	bg	45.534109819573686	20.378342563456687	425.554308
41	1	64836c81ad20f4a5e20f1cb9	Breeze	3	38.55728849353459	-6.340507379179838	es	41.15197502198459	1.105550221454723	697.702303
41	1	64836c81ad20f4a5e20f1cb9	Breeze	4	40.57865254404958	-8.143484771463942	pt	44.9410466307405	11.9950417941571	1709.048880
41	1	64836c81ad20f4a5e20f1cb9	Breeze	5	-25.049271553964378	-59.28588291852509	ar	-30.619893291646903	-61.64944461955751	661.529171
41	1	5e8fdfa9d51dd65c18f98403	Tbowfr	1	31.03574411257722	35.46035975039901	jo	39.076103816092726	38.94660625163772	948.471600
41	1	5e8fdfa9d51dd65c18f98403	Tbowfr	2	43.61714417061685	25.0299387792399	bg	41.699703474106556	-1.5305744880980843	2173.046311
41	1	5e8fdfa9d51dd65c18f98403	Tbowfr	3	38.55728849353459	-6.340507379179838	es	37.966044091488946	-4.12575685833435	204.232000
41	1	5e8fdfa9d51dd65c18f98403	Tbowfr	4	40.57865254404958	-8.143484771463942	pt	-1.3864102448162814	114.65380384171795	12818.414421
41	1	5e8fdfa9d51dd65c18f98403	Tbowfr	5	-25.049271553964378	-59.28588291852509	ar	-15.698801104994876	-51.84440937336228	1296.428652
41	1	66c34181c361d9f3b9a03d9b	OG	1	31.03574411257722	35.46035975039901	jo	22.862966689075037	-101.51076222945447	12469.178714
41	1	66c34181c361d9f3b9a03d9b	OG	2	43.61714417061685	25.0299387792399	bg	48.20713497654756	7.653480240645707	1434.048420
41	1	66c34181c361d9f3b9a03d9b	OG	3	38.55728849353459	-6.340507379179838	es	40.602638990038756	-2.1877321736653355	422.288402
41	1	66c34181c361d9f3b9a03d9b	OG	4	40.57865254404958	-8.143484771463942	pt	2.491330136557194	-77.15690953835765	8066.093960
41	1	66c34181c361d9f3b9a03d9b	OG	5	-25.049271553964378	-59.28588291852509	ar	-29.192802805317324	-59.189562239148465	460.838182
41	1	5e626d0512777c7a20431f1c	LordOozik	1	31.03574411257722	35.46035975039901	jo	24.0767810377063	-102.72637053838484	12440.953979
41	1	5e626d0512777c7a20431f1c	LordOozik	2	43.61714417061685	25.0299387792399	bg	48.881528077705	17.040579685642008	847.708543
41	1	5e626d0512777c7a20431f1c	LordOozik	3	38.55728849353459	-6.340507379179838	es	39.38153211788537	-4.471795834510186	185.734906
41	1	5e626d0512777c7a20431f1c	LordOozik	4	40.57865254404958	-8.143484771463942	pt	44.959617891985765	23.103866555552386	2580.042576
41	1	5e626d0512777c7a20431f1c	LordOozik	5	-25.049271553964378	-59.28588291852509	ar	-32.760760409266865	21.80793238619075	7749.439976
41	1	68f2e3307b1dd2467d0fc0f5	Etterima	1	31.03574411257722	35.46035975039901	jo	26.184348347754007	-106.51772326599973	12478.752535
41	1	68f2e3307b1dd2467d0fc0f5	Etterima	2	43.61714417061685	25.0299387792399	bg	46.27296720288049	2.860520981659005	1763.587955
41	1	68f2e3307b1dd2467d0fc0f5	Etterima	3	38.55728849353459	-6.340507379179838	es	41.13575110734672	-2.5073110518429798	434.995452
41	1	68f2e3307b1dd2467d0fc0f5	Etterima	4	40.57865254404958	-8.143484771463942	pt	-27.263958077588065	30.038376097571387	8511.239064
41	1	68f2e3307b1dd2467d0fc0f5	Etterima	5	-25.049271553964378	-59.28588291852509	ar	-32.38559834459169	-63.77882121450807	925.697065
42	1	5e8fdfa9d51dd65c18f98403	Tbowfr	1	-5.095549107789747	-80.19836718566825	pe	-13.519997841896908	-71.8368906666706	1310.595796
42	1	5e8fdfa9d51dd65c18f98403	Tbowfr	2	57.92759840253152	56.65709322715254	ru	58.774859997139274	55.23907098150013	125.377128
42	1	5e8fdfa9d51dd65c18f98403	Tbowfr	3	45.75127393297005	3.974786585348083	fr	45.292701460347764	4.099343186144817	51.906047
42	1	5e8fdfa9d51dd65c18f98403	Tbowfr	4	64.4661981772464	12.92476181744693	no	62.343004352380916	15.554664779461698	269.906303
42	1	5e8fdfa9d51dd65c18f98403	Tbowfr	5	52.42725968318769	13.485725321266557	de	49.55794920767755	10.249318044529629	391.195440
42	1	695bb8d2900ad6bdf17374c8	Comte	1	-5.095549107789747	-80.19836718566825	pe	-11.122365408897817	-75.35953159613372	855.899405
42	1	695bb8d2900ad6bdf17374c8	Comte	2	57.92759840253152	56.65709322715254	ru	61.40258122383639	32.600398126121966	1396.114072
42	1	695bb8d2900ad6bdf17374c8	Comte	3	45.75127393297005	3.974786585348083	fr	44.68337100882265	2.8486424483204953	147.919465
42	1	695bb8d2900ad6bdf17374c8	Comte	4	64.4661981772464	12.92476181744693	no	63.4600599427931	11.3346292381186	136.153909
42	1	695bb8d2900ad6bdf17374c8	Comte	5	52.42725968318769	13.485725321266557	de	50.82863564131795	12.910890905050175	182.131834
42	1	5eb9c2e197d6cf4bc8c17c07	Ca_Marsh	1	-5.095549107789747	-80.19836718566825	pe	8.256059638121362	-80.51628043251014	1485.049728
42	1	5eb9c2e197d6cf4bc8c17c07	Ca_Marsh	2	57.92759840253152	56.65709322715254	ru	54.86807397628035	35.67163530976523	1329.447212
42	1	5eb9c2e197d6cf4bc8c17c07	Ca_Marsh	3	45.75127393297005	3.974786585348083	fr	44.20483686202997	0.6756027479658844	311.263787
42	1	5eb9c2e197d6cf4bc8c17c07	Ca_Marsh	4	64.4661981772464	12.92476181744693	no	62.89436376775066	10.040730948153591	225.266569
42	1	5eb9c2e197d6cf4bc8c17c07	Ca_Marsh	5	52.42725968318769	13.485725321266557	de	52.13085855172985	11.73132854864984	123.816509
42	1	64836c81ad20f4a5e20f1cb9	Breeze	1	-5.095549107789747	-80.19836718566825	pe	18.27599790681533	-97.3493342669737	3207.882525
42	1	64836c81ad20f4a5e20f1cb9	Breeze	2	57.92759840253152	56.65709322715254	ru	52.84151876741835	56.26105937663772	566.096595
42	1	64836c81ad20f4a5e20f1cb9	Breeze	3	45.75127393297005	3.974786585348083	fr	43.276174745946555	2.824196231500924	289.936605
42	1	64836c81ad20f4a5e20f1cb9	Breeze	4	64.4661981772464	12.92476181744693	no	60.36424224276443	8.811131414599451	502.654251
42	1	64836c81ad20f4a5e20f1cb9	Breeze	5	52.42725968318769	13.485725321266557	de	47.618876268402865	17.54388170502465	607.980769
42	1	66c34181c361d9f3b9a03d9b	OG	1	-5.095549107789747	-80.19836718566825	pe	23.28474879580484	-101.37262684007341	3904.132866
42	1	66c34181c361d9f3b9a03d9b	OG	2	57.92759840253152	56.65709322715254	ru	57.02797220801198	26.514652407442505	1789.743757
42	1	66c34181c361d9f3b9a03d9b	OG	3	45.75127393297005	3.974786585348083	fr	47.6608378233555	5.067632538923701	228.093633
42	1	66c34181c361d9f3b9a03d9b	OG	4	64.4661981772464	12.92476181744693	no	62.036603864981	9.950965320649132	308.364619
42	1	66c34181c361d9f3b9a03d9b	OG	5	52.42725968318769	13.485725321266557	de	53.688035892903926	11.9264875521566	174.667772
42	1	677485108d7eb43c58f713b3	Master__Of__Kitten	1	-5.095549107789747	-80.19836718566825	pe	20.51081102926764	-100.22110644143372	3589.986322
42	1	677485108d7eb43c58f713b3	Master__Of__Kitten	2	57.92759840253152	56.65709322715254	ru	56.36059562470113	33.68835722398762	1389.665157
42	1	677485108d7eb43c58f713b3	Master__Of__Kitten	3	45.75127393297005	3.974786585348083	fr	44.29179666862358	5.458114494749946	199.814188
42	1	677485108d7eb43c58f713b3	Master__Of__Kitten	4	64.4661981772464	12.92476181744693	no	69.43432453647009	19.534020046873675	622.081727
42	1	677485108d7eb43c58f713b3	Master__Of__Kitten	5	52.42725968318769	13.485725321266557	de	49.466966573822226	10.582653614918968	386.858781
42	1	68f2e3307b1dd2467d0fc0f5	Etterima	1	-5.095549107789747	-80.19836718566825	pe	8.491114086357756	-80.37104443497017	1510.889347
42	1	68f2e3307b1dd2467d0fc0f5	Etterima	2	57.92759840253152	56.65709322715254	ru	47.26560140952481	-93.3123263388469	7996.459753
42	1	68f2e3307b1dd2467d0fc0f5	Etterima	3	45.75127393297005	3.974786585348083	fr	44.40736651243756	0.8778129723785666	285.382755
42	1	68f2e3307b1dd2467d0fc0f5	Etterima	4	64.4661981772464	12.92476181744693	no	60.86285277332669	9.799974417819838	431.148748
42	1	68f2e3307b1dd2467d0fc0f5	Etterima	5	52.42725968318769	13.485725321266557	de	53.830847602290525	22.444899305561012	617.313883
42	1	5e626d0512777c7a20431f1c	LordOozik	1	-5.095549107789747	-80.19836718566825	pe	18.060415279820376	-97.42315027488718	3193.677759
42	1	5e626d0512777c7a20431f1c	LordOozik	2	57.92759840253152	56.65709322715254	ru	60.79013385221225	34.3704804023265	1295.563306
42	1	5e626d0512777c7a20431f1c	LordOozik	3	45.75127393297005	3.974786585348083	fr	44.691237245421476	3.456624350096882	124.660929
42	1	5e626d0512777c7a20431f1c	LordOozik	4	64.4661981772464	12.92476181744693	no	50.00327835113662	-115.39179239548294	6527.388896
42	1	5e626d0512777c7a20431f1c	LordOozik	5	52.42725968318769	13.485725321266557	de	50.819553343841555	9.919818815676974	304.171603
43	1	695bb8d2900ad6bdf17374c8	Comte	1	-12.89488297010254	-40.39888438672352	br	-12.90947893729908	-40.92494785161859	57.041816
43	1	695bb8d2900ad6bdf17374c8	Comte	2	9.019727141403624	-76.05111759521208	co	10.607263316695827	-75.44377422927255	188.651502
43	1	695bb8d2900ad6bdf17374c8	Comte	3	-20.135363021840533	-56.89576264201324	br	-25.229842380331856	-58.66322202066253	594.766907
43	1	695bb8d2900ad6bdf17374c8	Comte	4	42.59755364516378	-8.353202427574226	es	42.73536339222661	-7.84593034090345	44.216184
43	1	695bb8d2900ad6bdf17374c8	Comte	5	-2.059586582864302	29.79471551263433	rw	-1.9158499994582983	30.15284006331724	42.887097
43	1	66c34181c361d9f3b9a03d9b	OG	1	-12.89488297010254	-40.39888438672352	br	-12.984631419897337	-40.98377347162381	64.165939
43	1	66c34181c361d9f3b9a03d9b	OG	2	9.019727141403624	-76.05111759521208	co	10.787257894639826	-73.71599627919949	322.564615
43	1	66c34181c361d9f3b9a03d9b	OG	3	-20.135363021840533	-56.89576264201324	br	-15.116089162806112	-49.291922843914435	979.900903
43	1	66c34181c361d9f3b9a03d9b	OG	4	42.59755364516378	-8.353202427574226	es	42.33126920356524	-2.3518632631045744	493.064391
43	1	66c34181c361d9f3b9a03d9b	OG	5	-2.059586582864302	29.79471551263433	rw	-1.9275538144489	30.05200625351354	32.141112
43	1	5eb9c2e197d6cf4bc8c17c07	Ca_Marsh	1	-12.89488297010254	-40.39888438672352	br	-12.820070468165296	-42.43220059882803	220.581821
43	1	5eb9c2e197d6cf4bc8c17c07	Ca_Marsh	2	9.019727141403624	-76.05111759521208	co	11.430319836153569	-72.40980732723293	480.203342
43	1	5eb9c2e197d6cf4bc8c17c07	Ca_Marsh	3	-20.135363021840533	-56.89576264201324	br	-19.689140153213533	-54.33505743470128	272.270231
43	1	5eb9c2e197d6cf4bc8c17c07	Ca_Marsh	4	42.59755364516378	-8.353202427574226	es	39.58900108844097	-5.834658050465788	395.502665
43	1	5eb9c2e197d6cf4bc8c17c07	Ca_Marsh	5	-2.059586582864302	29.79471551263433	rw	0.85345944322584	34.84381349064737	648.094818
43	1	677485108d7eb43c58f713b3	Master__Of__Kitten	1	-12.89488297010254	-40.39888438672352	br	-17.261947344072926	-40.076549409932404	486.826357
43	1	677485108d7eb43c58f713b3	Master__Of__Kitten	2	9.019727141403624	-76.05111759521208	co	11.305768930762019	-72.7692823085537	440.021653
43	1	677485108d7eb43c58f713b3	Master__Of__Kitten	3	-20.135363021840533	-56.89576264201324	br	-12.073693474299413	-52.69015657131559	1002.497561
43	1	677485108d7eb43c58f713b3	Master__Of__Kitten	4	42.59755364516378	-8.353202427574226	es	42.3871723332605	-5.275197425204789	253.437894
43	1	677485108d7eb43c58f713b3	Master__Of__Kitten	5	-2.059586582864302	29.79471551263433	rw	-1.9544470319427123	30.059770673336946	31.690042
43	1	68f2e3307b1dd2467d0fc0f5	Etterima	1	-12.89488297010254	-40.39888438672352	br	-12.206579467441072	-40.89157738882959	93.366806
43	1	68f2e3307b1dd2467d0fc0f5	Etterima	2	9.019727141403624	-76.05111759521208	co	20.323854152437566	-89.29488127293853	1897.619103
43	1	68f2e3307b1dd2467d0fc0f5	Etterima	3	-20.135363021840533	-56.89576264201324	br	-38.411892095812306	-65.01880381373074	2177.226176
43	1	68f2e3307b1dd2467d0fc0f5	Etterima	4	42.59755364516378	-8.353202427574226	es	40.49834994614536	-2.837621765612277	514.794587
43	1	68f2e3307b1dd2467d0fc0f5	Etterima	5	-2.059586582864302	29.79471551263433	rw	-1.8439811857759607	29.99663816638612	32.837558
43	1	5e8fdfa9d51dd65c18f98403	Tbowfr	1	-12.89488297010254	-40.39888438672352	br	-7.3470516706699085	-62.772362681771476	2524.109045
43	1	5e8fdfa9d51dd65c18f98403	Tbowfr	2	9.019727141403624	-76.05111759521208	co	6.153922676102721	-74.76337495779107	348.837661
43	1	5e8fdfa9d51dd65c18f98403	Tbowfr	3	-20.135363021840533	-56.89576264201324	br	-27.673942363631443	-52.277756908191414	960.481824
43	1	5e8fdfa9d51dd65c18f98403	Tbowfr	4	42.59755364516378	-8.353202427574226	es	48.56213660535391	11.82825855969956	1698.413405
43	1	5e8fdfa9d51dd65c18f98403	Tbowfr	5	-2.059586582864302	29.79471551263433	rw	10.030209705476784	-83.92448749836228	12643.992555
43	1	5e626d0512777c7a20431f1c	LordOozik	1	-12.89488297010254	-40.39888438672352	br	-12.822883972516085	-42.43803835790236	221.201440
43	1	5e626d0512777c7a20431f1c	LordOozik	2	9.019727141403624	-76.05111759521208	co	0.8978061322065581	37.179514320929165	12539.580925
43	1	5e626d0512777c7a20431f1c	LordOozik	3	-20.135363021840533	-56.89576264201324	br	-26.742356441882112	29.846595279846017	8708.127943
43	1	5e626d0512777c7a20431f1c	LordOozik	4	42.59755364516378	-8.353202427574226	es	47.216802664207485	16.935110011480358	2046.771555
43	1	5e626d0512777c7a20431f1c	LordOozik	5	-2.059586582864302	29.79471551263433	rw	15.113201392206703	104.0838940370803	8385.360500
43	1	64836c81ad20f4a5e20f1cb9	Breeze	1	-12.89488297010254	-40.39888438672352	br	-33.07632123428215	-62.044678735017555	3139.720574
43	1	64836c81ad20f4a5e20f1cb9	Breeze	2	9.019727141403624	-76.05111759521208	co	0.21875654675236572	36.41692087601892	12469.192348
43	1	64836c81ad20f4a5e20f1cb9	Breeze	3	-20.135363021840533	-56.89576264201324	br	-24.446948170538658	144.6044392031923	14538.815564
43	1	64836c81ad20f4a5e20f1cb9	Breeze	4	42.59755364516378	-8.353202427574226	es	45.08456861274123	8.757422530044327	1397.068206
43	1	64836c81ad20f4a5e20f1cb9	Breeze	5	-2.059586582864302	29.79471551263433	rw	-26.695810575986638	31.169634718754153	2743.349171
44	1	677485108d7eb43c58f713b3	Master__Of__Kitten	1	50.35186535717147	127.5756984272421	ru	48.74718335766088	137.23113785704228	718.479500
44	1	677485108d7eb43c58f713b3	Master__Of__Kitten	2	28.35245466973418	-16.581389248946266	es	39.0574790600195	22.131072889510246	3741.488542
44	1	677485108d7eb43c58f713b3	Master__Of__Kitten	3	-18.47417546918718	-50.7542315404878	br	-10.856635486519158	-52.19597187336228	861.088479
44	1	677485108d7eb43c58f713b3	Master__Of__Kitten	4	38.83040713694076	37.91291970375076	tr	38.051575084174594	39.72459009777441	179.983135
44	1	677485108d7eb43c58f713b3	Master__Of__Kitten	5	37.13385368911939	-5.58239831580174	es	39.85067571064806	-3.258871604604532	363.498227
44	1	5eb9c2e197d6cf4bc8c17c07	Ca_Marsh	1	50.35186535717147	127.5756984272421	ru	56.34835496458784	57.1003627768407	4516.016343
44	1	5eb9c2e197d6cf4bc8c17c07	Ca_Marsh	2	28.35245466973418	-16.581389248946266	es	37.93169952245901	14.075595265900892	3029.719838
44	1	5eb9c2e197d6cf4bc8c17c07	Ca_Marsh	3	-18.47417546918718	-50.7542315404878	br	-17.841034220870835	-52.01811663084076	150.959844
44	1	5eb9c2e197d6cf4bc8c17c07	Ca_Marsh	4	38.83040713694076	37.91291970375076	tr	38.83962450439314	30.828397697370956	613.478763
44	1	5eb9c2e197d6cf4bc8c17c07	Ca_Marsh	5	37.13385368911939	-5.58239831580174	es	39.19991253764981	-2.0864363090781635	382.291205
44	1	695bb8d2900ad6bdf17374c8	Comte	1	50.35186535717147	127.5756984272421	ru	54.277328873882844	44.933663662162026	5305.661387
44	1	695bb8d2900ad6bdf17374c8	Comte	2	28.35245466973418	-16.581389248946266	es	39.918956531644426	3.0562725245194677	2210.023251
44	1	695bb8d2900ad6bdf17374c8	Comte	3	-18.47417546918718	-50.7542315404878	br	-20.370824420706462	-56.437039513317345	632.095593
44	1	695bb8d2900ad6bdf17374c8	Comte	4	38.83040713694076	37.91291970375076	tr	40.67597134841991	42.209420628652445	420.665126
44	1	695bb8d2900ad6bdf17374c8	Comte	5	37.13385368911939	-5.58239831580174	es	38.579165270906365	-2.642921476851585	303.993354
44	1	5e8fdfa9d51dd65c18f98403	Tbowfr	1	50.35186535717147	127.5756984272421	ru	58.478311349740395	35.74720473480972	5535.343899
44	1	5e8fdfa9d51dd65c18f98403	Tbowfr	2	28.35245466973418	-16.581389248946266	es	38.84356338589985	22.01229974118763	3728.587006
44	1	5e8fdfa9d51dd65c18f98403	Tbowfr	3	-18.47417546918718	-50.7542315404878	br	-28.838466885679075	-53.68994956066621	1190.450781
44	1	5e8fdfa9d51dd65c18f98403	Tbowfr	4	38.83040713694076	37.91291970375076	tr	38.85602980419114	36.222090423277514	146.461322
44	1	5e8fdfa9d51dd65c18f98403	Tbowfr	5	37.13385368911939	-5.58239831580174	es	39.068139114001035	-3.4612628294476577	284.074743
44	1	68f2e3307b1dd2467d0fc0f5	Etterima	1	50.35186535717147	127.5756984272421	ru	53.38511801375335	43.00921445282816	5465.337800
44	1	68f2e3307b1dd2467d0fc0f5	Etterima	2	28.35245466973418	-16.581389248946266	es	43.51805777115168	-5.4217013388469	1958.794146
44	1	68f2e3307b1dd2467d0fc0f5	Etterima	3	-18.47417546918718	-50.7542315404878	br	-25.151105989310295	29.085935922599553	8158.855236
44	1	68f2e3307b1dd2467d0fc0f5	Etterima	4	38.83040713694076	37.91291970375076	tr	38.70557326370219	37.41369748360157	45.452591
44	1	68f2e3307b1dd2467d0fc0f5	Etterima	5	37.13385368911939	-5.58239831580174	es	41.98539779228546	-0.14826383884690042	712.447885
44	1	66c34181c361d9f3b9a03d9b	OG	1	50.35186535717147	127.5756984272421	ru	56.51762419830561	59.112004404374986	4394.207441
44	1	66c34181c361d9f3b9a03d9b	OG	2	28.35245466973418	-16.581389248946266	es	36.74198669572022	25.256655125189685	3997.849080
44	1	66c34181c361d9f3b9a03d9b	OG	3	-18.47417546918718	-50.7542315404878	br	-13.263684504712112	-44.2147792528363	907.987583
44	1	66c34181c361d9f3b9a03d9b	OG	4	38.83040713694076	37.91291970375076	tr	38.774234629223514	32.42597365965569	475.444225
44	1	66c34181c361d9f3b9a03d9b	OG	5	37.13385368911939	-5.58239831580174	es	27.869504577999194	-99.16651258131334	8475.646304
44	1	5e626d0512777c7a20431f1c	LordOozik	1	50.35186535717147	127.5756984272421	ru	50.79283910576273	38.942206555326244	5857.895030
44	1	5e626d0512777c7a20431f1c	LordOozik	2	28.35245466973418	-16.581389248946266	es	43.42396592135451	-3.9055661840488676	2022.690992
44	1	5e626d0512777c7a20431f1c	LordOozik	3	-18.47417546918718	-50.7542315404878	br	-37.195007122357	143.80010846990805	13639.717433
44	1	5e626d0512777c7a20431f1c	LordOozik	4	38.83040713694076	37.91291970375076	tr	-26.50954071528758	-69.59830905982221	13267.288244
44	1	5e626d0512777c7a20431f1c	LordOozik	5	37.13385368911939	-5.58239831580174	es	39.28510191361906	34.31184403154445	3465.613105
45	1	66c34181c361d9f3b9a03d9b	OG	1	45.77545371737698	-111.33052601587758	us	38.973240220688645	-111.87342846162035	757.679866
45	1	66c34181c361d9f3b9a03d9b	OG	2	46.95618505154723	4.3030738151090455	fr	47.11424392828377	4.101127492685976	23.304898
45	1	66c34181c361d9f3b9a03d9b	OG	3	54.13458683042685	19.01114536537119	pl	52.5162311040966	20.312159988025243	199.613256
45	1	66c34181c361d9f3b9a03d9b	OG	4	43.00110662651392	-79.2653301592637	ca	44.14279619997676	-78.48394800276522	141.698453
45	1	66c34181c361d9f3b9a03d9b	OG	5	21.35435196654016	-101.41228867252912	mx	22.376512915172874	-101.38955489204085	113.683320
45	1	695bb8d2900ad6bdf17374c8	Comte	1	45.77545371737698	-111.33052601587758	us	40.89378024564046	-105.0761408121896	741.513520
45	1	695bb8d2900ad6bdf17374c8	Comte	2	46.95618505154723	4.3030738151090455	fr	46.671188869315735	4.360200083523016	31.986914
45	1	695bb8d2900ad6bdf17374c8	Comte	3	54.13458683042685	19.01114536537119	pl	49.950492918216376	21.98092341818315	507.541143
45	1	695bb8d2900ad6bdf17374c8	Comte	4	43.00110662651392	-79.2653301592637	ca	43.25637913548604	-80.82680859991339	129.855521
45	1	695bb8d2900ad6bdf17374c8	Comte	5	21.35435196654016	-101.41228867252912	mx	21.977020871974172	-102.07172649072362	97.147526
45	1	677485108d7eb43c58f713b3	Master__Of__Kitten	1	45.77545371737698	-111.33052601587758	us	41.28323320643872	-111.89565322715603	501.581615
45	1	677485108d7eb43c58f713b3	Master__Of__Kitten	2	46.95618505154723	4.3030738151090455	fr	45.25805166857775	4.525395235600995	189.599844
45	1	677485108d7eb43c58f713b3	Master__Of__Kitten	3	54.13458683042685	19.01114536537119	pl	49.93027292115029	18.67251008847784	468.070455
45	1	677485108d7eb43c58f713b3	Master__Of__Kitten	4	43.00110662651392	-79.2653301592637	ca	43.1255292942083	-80.83818566155236	128.522029
45	1	677485108d7eb43c58f713b3	Master__Of__Kitten	5	21.35435196654016	-101.41228867252912	mx	20.50427146888101	-100.02653744592733	172.185315
45	1	68f2e3307b1dd2467d0fc0f5	Etterima	1	45.77545371737698	-111.33052601587758	us	43.21529064829064	-117.97567781864147	598.755641
45	1	68f2e3307b1dd2467d0fc0f5	Etterima	2	46.95618505154723	4.3030738151090455	fr	45.04790470368241	5.411739674286218	228.812333
45	1	68f2e3307b1dd2467d0fc0f5	Etterima	3	54.13458683042685	19.01114536537119	pl	47.98054762480492	21.85332379187275	712.393591
45	1	68f2e3307b1dd2467d0fc0f5	Etterima	4	43.00110662651392	-79.2653301592637	ca	47.63646187419323	-82.61332432829111	577.952559
45	1	68f2e3307b1dd2467d0fc0f5	Etterima	5	21.35435196654016	-101.41228867252912	mx	20.578223604025666	-100.45397837026367	131.714725
45	1	5e8fdfa9d51dd65c18f98403	Tbowfr	1	45.77545371737698	-111.33052601587758	us	47.37743343061668	-108.55420866474161	277.027827
45	1	5e8fdfa9d51dd65c18f98403	Tbowfr	2	46.95618505154723	4.3030738151090455	fr	45.801621038869506	4.445553226862904	128.846013
45	1	5e8fdfa9d51dd65c18f98403	Tbowfr	3	54.13458683042685	19.01114536537119	pl	51.866569011267025	18.18110481944213	258.231436
45	1	5e8fdfa9d51dd65c18f98403	Tbowfr	4	43.00110662651392	-79.2653301592637	ca	50.69486590148446	-111.97198164436648	2605.309575
45	1	5e8fdfa9d51dd65c18f98403	Tbowfr	5	21.35435196654016	-101.41228867252912	mx	22.34093428014709	-100.44718818173136	148.174958
45	1	5eb9c2e197d6cf4bc8c17c07	Ca_Marsh	1	45.77545371737698	-111.33052601587758	us	37.40322247660287	-94.29930142433143	1689.471383
45	1	5eb9c2e197d6cf4bc8c17c07	Ca_Marsh	2	46.95618505154723	4.3030738151090455	fr	48.28413487486989	4.081047684064574	148.595815
45	1	5eb9c2e197d6cf4bc8c17c07	Ca_Marsh	3	54.13458683042685	19.01114536537119	pl	51.365019655373146	19.392477114978988	309.028193
45	1	5eb9c2e197d6cf4bc8c17c07	Ca_Marsh	4	43.00110662651392	-79.2653301592637	ca	46.48339572005796	-80.89714623365798	408.072512
45	1	5eb9c2e197d6cf4bc8c17c07	Ca_Marsh	5	21.35435196654016	-101.41228867252912	mx	8.146710918214682	-80.95884731145404	2639.073568
45	1	64836c81ad20f4a5e20f1cb9	Breeze	1	45.77545371737698	-111.33052601587758	us	39.664249038633166	33.183262862064474	9878.709701
45	1	64836c81ad20f4a5e20f1cb9	Breeze	2	46.95618505154723	4.3030738151090455	fr	45.390743762724405	4.735135726468309	177.219006
45	1	64836c81ad20f4a5e20f1cb9	Breeze	3	54.13458683042685	19.01114536537119	pl	50.88028729605385	20.633950445284153	378.135399
45	1	64836c81ad20f4a5e20f1cb9	Breeze	4	43.00110662651392	-79.2653301592637	ca	45.073130092079715	-75.93027179648251	352.302059
45	1	64836c81ad20f4a5e20f1cb9	Breeze	5	21.35435196654016	-101.41228867252912	mx	27.662491467860317	-107.91862812336228	961.540007
45	1	5e626d0512777c7a20431f1c	LordOozik	1	45.77545371737698	-111.33052601587758	us	25.570892291793527	-99.8326812304265	2469.047194
45	1	5e626d0512777c7a20431f1c	LordOozik	2	46.95618505154723	4.3030738151090455	fr	46.22733727297457	3.6163311370111595	96.548764
45	1	5e626d0512777c7a20431f1c	LordOozik	3	54.13458683042685	19.01114536537119	pl	52.19233291427214	19.63744955553155	219.965291
45	1	5e626d0512777c7a20431f1c	LordOozik	4	43.00110662651392	-79.2653301592637	ca	43.89528152572758	-79.34159004330904	99.618103
45	1	5e626d0512777c7a20431f1c	LordOozik	5	21.35435196654016	-101.41228867252912	mx	-12.115915204027342	-54.12956050742003	6363.398729
46	1	695bb8d2900ad6bdf17374c8	Comte	1	45.363571535087345	8.777382379804942	it	44.16465153658305	11.91080419564772	280.988323
46	1	695bb8d2900ad6bdf17374c8	Comte	2	-30.14572237986924	138.30389835733854	au	-27.688630015473674	142.44234545520587	486.652320
46	1	695bb8d2900ad6bdf17374c8	Comte	3	-38.26795064473061	146.88372913364014	au	-36.67819935973794	145.7915687962379	201.335834
46	1	695bb8d2900ad6bdf17374c8	Comte	4	-7.467370074529107	111.225031401726	id	-7.8584467021495765	112.01949959679749	97.756408
46	1	695bb8d2900ad6bdf17374c8	Comte	5	23.37085971130667	90.77331264948496	bd	23.65955964119755	90.50094210986236	42.447218
46	1	677485108d7eb43c58f713b3	Master__Of__Kitten	1	45.363571535087345	8.777382379804942	it	47.88692957087872	0.9485461136286544	660.004302
46	1	677485108d7eb43c58f713b3	Master__Of__Kitten	2	-30.14572237986924	138.30389835733854	au	-33.82186499283927	138.801217756231	411.448700
46	1	677485108d7eb43c58f713b3	Master__Of__Kitten	3	-38.26795064473061	146.88372913364014	au	-36.17816167798778	147.93533963819868	250.329619
46	1	677485108d7eb43c58f713b3	Master__Of__Kitten	4	-7.467370074529107	111.225031401726	id	-7.227023308383902	108.95199460769358	252.095096
46	1	677485108d7eb43c58f713b3	Master__Of__Kitten	5	23.37085971130667	90.77331264948496	bd	23.74562276683824	90.47182972031457	51.776651
46	1	66c34181c361d9f3b9a03d9b	OG	1	45.363571535087345	8.777382379804942	it	51.427631146311626	16.71226878260614	892.209935
46	1	66c34181c361d9f3b9a03d9b	OG	2	-30.14572237986924	138.30389835733854	au	-28.318110646734805	147.05515797275064	872.890959
46	1	66c34181c361d9f3b9a03d9b	OG	3	-38.26795064473061	146.88372913364014	au	-37.69756226025098	147.60048976872426	89.268127
46	1	66c34181c361d9f3b9a03d9b	OG	4	-7.467370074529107	111.225031401726	id	-7.4530562724697145	112.22720742747629	110.505044
46	1	66c34181c361d9f3b9a03d9b	OG	5	23.37085971130667	90.77331264948496	bd	23.74815196178259	90.36734214712983	58.925973
46	1	68f2e3307b1dd2467d0fc0f5	Etterima	1	45.363571535087345	8.777382379804942	it	47.07697548287331	18.85132195643287	797.480828
46	1	68f2e3307b1dd2467d0fc0f5	Etterima	2	-30.14572237986924	138.30389835733854	au	-30.010395661773536	146.1896267861531	758.777193
46	1	68f2e3307b1dd2467d0fc0f5	Etterima	3	-38.26795064473061	146.88372913364014	au	-22.80641754872018	148.0530435243731	1722.842148
46	1	68f2e3307b1dd2467d0fc0f5	Etterima	4	-7.467370074529107	111.225031401726	id	-7.486755428244741	110.73939783363642	53.584200
46	1	68f2e3307b1dd2467d0fc0f5	Etterima	5	23.37085971130667	90.77331264948496	bd	23.71053488135818	90.4248420977593	51.850656
46	1	5eb9c2e197d6cf4bc8c17c07	Ca_Marsh	1	45.363571535087345	8.777382379804942	it	53.07378721730096	22.43670281410957	1307.317984
46	1	5eb9c2e197d6cf4bc8c17c07	Ca_Marsh	2	-30.14572237986924	138.30389835733854	au	-32.48189158656778	117.05679539101692	2031.648525
46	1	5eb9c2e197d6cf4bc8c17c07	Ca_Marsh	3	-38.26795064473061	146.88372913364014	au	-36.37488624908114	141.39118570024192	529.226561
46	1	5eb9c2e197d6cf4bc8c17c07	Ca_Marsh	4	-7.467370074529107	111.225031401726	id	-7.601784540531379	111.85624600787449	71.168956
46	1	5eb9c2e197d6cf4bc8c17c07	Ca_Marsh	5	23.37085971130667	90.77331264948496	bd	23.21986757512547	90.66429008032706	20.146118
46	1	5e8fdfa9d51dd65c18f98403	Tbowfr	1	45.363571535087345	8.777382379804942	it	41.14617684536895	-2.6579728472454622	1036.726653
46	1	5e8fdfa9d51dd65c18f98403	Tbowfr	2	-30.14572237986924	138.30389835733854	au	-32.197265600699616	146.08527812663772	774.450897
46	1	5e8fdfa9d51dd65c18f98403	Tbowfr	3	-38.26795064473061	146.88372913364014	au	-43.50816666172059	170.9917216406083	2100.249853
46	1	5e8fdfa9d51dd65c18f98403	Tbowfr	4	-7.467370074529107	111.225031401726	id	-7.4570918938153845	110.26058169442881	106.339770
46	1	5e8fdfa9d51dd65c18f98403	Tbowfr	5	23.37085971130667	90.77331264948496	bd	23.24960872342475	90.17487917303811	62.580799
46	1	64836c81ad20f4a5e20f1cb9	Breeze	1	45.363571535087345	8.777382379804942	it	44.21834669044127	4.921989728741827	329.771386
46	1	64836c81ad20f4a5e20f1cb9	Breeze	2	-30.14572237986924	138.30389835733854	au	-22.95998472964826	143.84012671761243	970.011213
46	1	64836c81ad20f4a5e20f1cb9	Breeze	3	-38.26795064473061	146.88372913364014	au	-37.73694251286381	-67.70395082329313	10851.623179
46	1	64836c81ad20f4a5e20f1cb9	Breeze	4	-7.467370074529107	111.225031401726	id	-6.966647855100597	108.46715088289358	309.284167
46	1	64836c81ad20f4a5e20f1cb9	Breeze	5	23.37085971130667	90.77331264948496	bd	23.685439500187968	90.42453652233266	49.879251
46	1	5e626d0512777c7a20431f1c	LordOozik	1	45.363571535087345	8.777382379804942	it	55.43444070001536	50.28449222129476	3092.495076
46	1	5e626d0512777c7a20431f1c	LordOozik	2	-30.14572237986924	138.30389835733854	au	-27.05446540192511	131.82309600696382	719.848853
46	1	5e626d0512777c7a20431f1c	LordOozik	3	-38.26795064473061	146.88372913364014	au	-38.72228153315882	175.4526727846583	2476.672675
46	1	5e626d0512777c7a20431f1c	LordOozik	4	-7.467370074529107	111.225031401726	id	-16.935415769694046	-51.82307996323145	16723.141165
46	1	5e626d0512777c7a20431f1c	LordOozik	5	23.37085971130667	90.77331264948496	bd	23.921942471065613	90.35093829582725	74.872296
47	1	66c34181c361d9f3b9a03d9b	OG	1	56.59869238832733	-4.282575719630859	gb	53.13192537644998	-0.5607521862626075	452.978416
47	1	66c34181c361d9f3b9a03d9b	OG	2	34.53188076679158	-83.9824702040902	us	34.389848495519765	-82.03859805203037	178.912983
47	1	66c34181c361d9f3b9a03d9b	OG	3	41.56740995913265	-8.383795607851086	pt	40.375520208052066	-7.86933992310046	139.391741
47	1	66c34181c361d9f3b9a03d9b	OG	4	22.10792488376342	-101.9228572304332	mx	24.31944914134937	-101.18041525116877	257.346709
47	1	66c34181c361d9f3b9a03d9b	OG	5	-38.33091168400291	-58.04890901053578	ar	-31.8985108460701	-58.38019432873652	715.883141
47	1	695bb8d2900ad6bdf17374c8	Comte	1	56.59869238832733	-4.282575719630859	gb	55.024316668006485	-4.530775178608423	175.747826
47	1	695bb8d2900ad6bdf17374c8	Comte	2	34.53188076679158	-83.9824702040902	us	38.69464365845108	-77.441739454094	744.668834
47	1	695bb8d2900ad6bdf17374c8	Comte	3	41.56740995913265	-8.383795607851086	pt	38.014798693465465	-7.863033471285716	397.527758
47	1	695bb8d2900ad6bdf17374c8	Comte	4	22.10792488376342	-101.9228572304332	mx	20.704878927469778	-101.34861727802932	166.953240
47	1	695bb8d2900ad6bdf17374c8	Comte	5	-38.33091168400291	-58.04890901053578	ar	-25.380535737952655	-59.60005368550926	1447.380625
47	1	68f2e3307b1dd2467d0fc0f5	Etterima	1	56.59869238832733	-4.282575719630859	gb	53.930520671265555	-7.799527726095376	370.943134
47	1	68f2e3307b1dd2467d0fc0f5	Etterima	2	34.53188076679158	-83.9824702040902	us	41.82302851304513	-73.24552364410552	1238.440058
47	1	68f2e3307b1dd2467d0fc0f5	Etterima	3	41.56740995913265	-8.383795607851086	pt	40.203478987174336	-8.40645326146887	151.674163
47	1	68f2e3307b1dd2467d0fc0f5	Etterima	4	22.10792488376342	-101.9228572304332	mx	29.40916599874214	-104.99891768609109	868.212745
47	1	68f2e3307b1dd2467d0fc0f5	Etterima	5	-38.33091168400291	-58.04890901053578	ar	-33.75292992025862	-61.058353313754196	576.400733
47	1	677485108d7eb43c58f713b3	Master__Of__Kitten	1	56.59869238832733	-4.282575719630859	gb	58.91897545739477	8.077049972775473	775.888997
47	1	677485108d7eb43c58f713b3	Master__Of__Kitten	2	34.53188076679158	-83.9824702040902	us	36.113717166286406	-84.350805445891	179.037945
47	1	677485108d7eb43c58f713b3	Master__Of__Kitten	3	41.56740995913265	-8.383795607851086	pt	45.27747242730955	3.7016516558689316	1058.273099
47	1	677485108d7eb43c58f713b3	Master__Of__Kitten	4	22.10792488376342	-101.9228572304332	mx	30.7630017390687	-111.70959392897743	1368.265717
47	1	677485108d7eb43c58f713b3	Master__Of__Kitten	5	-38.33091168400291	-58.04890901053578	ar	-32.70518416582789	-57.37318352715937	628.528657
47	1	64836c81ad20f4a5e20f1cb9	Breeze	1	56.59869238832733	-4.282575719630859	gb	48.51075271514913	12.638482454546013	1448.522381
47	1	64836c81ad20f4a5e20f1cb9	Breeze	2	34.53188076679158	-83.9824702040902	us	35.14152689725151	-85.94250735365993	191.295813
47	1	64836c81ad20f4a5e20f1cb9	Breeze	3	41.56740995913265	-8.383795607851086	pt	40.78397362749781	-7.998337483497946	92.895670
47	1	64836c81ad20f4a5e20f1cb9	Breeze	4	22.10792488376342	-101.9228572304332	mx	-18.37718212727173	-65.8920667774143	5968.272374
47	1	64836c81ad20f4a5e20f1cb9	Breeze	5	-38.33091168400291	-58.04890901053578	ar	-31.656900796825326	-59.12603078529015	748.556230
47	1	5eb9c2e197d6cf4bc8c17c07	Ca_Marsh	1	56.59869238832733	-4.282575719630859	gb	47.45047172555236	15.297611564027074	1672.156996
47	1	5eb9c2e197d6cf4bc8c17c07	Ca_Marsh	2	34.53188076679158	-83.9824702040902	us	41.99635800809282	-91.61957758294031	1063.692537
47	1	5eb9c2e197d6cf4bc8c17c07	Ca_Marsh	3	41.56740995913265	-8.383795607851086	pt	41.559465305876344	-8.434189242854265	4.284729
47	1	5eb9c2e197d6cf4bc8c17c07	Ca_Marsh	4	22.10792488376342	-101.9228572304332	mx	-5.167428134012638	-80.64115638958799	3816.315537
47	1	5eb9c2e197d6cf4bc8c17c07	Ca_Marsh	5	-38.33091168400291	-58.04890901053578	ar	-32.79588223996329	-56.495050605876735	631.280905
47	1	5e8fdfa9d51dd65c18f98403	Tbowfr	1	56.59869238832733	-4.282575719630859	gb	55.106674150303974	-2.6637177425738345	194.240335
47	1	5e8fdfa9d51dd65c18f98403	Tbowfr	2	34.53188076679158	-83.9824702040902	us	41.292691290060155	-80.93080396447185	797.862853
47	1	5e8fdfa9d51dd65c18f98403	Tbowfr	3	41.56740995913265	-8.383795607851086	pt	41.47831100967971	1.3424836852116018	809.351773
47	1	5e8fdfa9d51dd65c18f98403	Tbowfr	4	22.10792488376342	-101.9228572304332	mx	-10.944738503723288	-75.39909687336228	4676.980143
47	1	5e8fdfa9d51dd65c18f98403	Tbowfr	5	-38.33091168400291	-58.04890901053578	ar	52.734104351681815	45.18684062663772	14125.875205
47	1	5e626d0512777c7a20431f1c	LordOozik	1	56.59869238832733	-4.282575719630859	gb	48.58697366156506	20.408963416196823	1876.297183
47	1	5e626d0512777c7a20431f1c	LordOozik	2	34.53188076679158	-83.9824702040902	us	36.95753478027669	-120.92644183347034	3324.245526
47	1	5e626d0512777c7a20431f1c	LordOozik	3	41.56740995913265	-8.383795607851086	pt	47.40887965875498	2.472529023591261	1077.012467
47	1	5e626d0512777c7a20431f1c	LordOozik	4	22.10792488376342	-101.9228572304332	mx	38.761541536922714	33.40949380049238	11803.396397
47	1	5e626d0512777c7a20431f1c	LordOozik	5	-38.33091168400291	-58.04890901053578	ar	-12.683763762902522	-53.07487862108858	2893.965019
33	1	677485108d7eb43c58f713b3	Master__Of__Kitten	1	34.37532428794593	132.3648797718876	jp	35.14161514943895	134.3703596393452	202.047292
33	1	677485108d7eb43c58f713b3	Master__Of__Kitten	2	8.397852330433674	-82.61850394307118	pa	9.66004906017079	-83.64424993053741	179.961955
33	1	677485108d7eb43c58f713b3	Master__Of__Kitten	3	55.34729675291182	22.14848486979223	lt	56.18764463197238	34.284109678531635	763.835312
33	1	677485108d7eb43c58f713b3	Master__Of__Kitten	4	35.68843523702807	-118.0532423682786	us	33.71510909646189	-115.39234656733147	327.565717
33	1	677485108d7eb43c58f713b3	Master__Of__Kitten	5	20.61811409383755	-156.2538211514925	us	48.87932343382181	-64.31015256591103	8434.552593
33	1	66c34181c361d9f3b9a03d9b	OG	1	34.37532428794593	132.3648797718876	jp	34.908808647616894	133.0874268306823	88.814935
33	1	66c34181c361d9f3b9a03d9b	OG	2	8.397852330433674	-82.61850394307118	pa	9.927252143115755	-84.030736635765	230.116223
33	1	66c34181c361d9f3b9a03d9b	OG	3	55.34729675291182	22.14848486979223	lt	53.054344823574034	40.37566379951963	1208.910626
33	1	66c34181c361d9f3b9a03d9b	OG	4	35.68843523702807	-118.0532423682786	us	35.91179966223374	-116.4935486962248	142.836842
33	1	66c34181c361d9f3b9a03d9b	OG	5	20.61811409383755	-156.2538211514925	us	64.5043814074507	-14.735678502742818	9991.769734
33	1	68f2e3307b1dd2467d0fc0f5	Etterima	1	34.37532428794593	132.3648797718876	jp	35.46776980970438	136.7879256061418	421.114266
33	1	68f2e3307b1dd2467d0fc0f5	Etterima	2	8.397852330433674	-82.61850394307118	pa	8.160327504382105	-81.31829563348339	145.487122
33	1	68f2e3307b1dd2467d0fc0f5	Etterima	3	55.34729675291182	22.14848486979223	lt	53.38713162249195	38.99171328934443	1109.767955
33	1	68f2e3307b1dd2467d0fc0f5	Etterima	4	35.68843523702807	-118.0532423682786	us	35.6230717009281	-117.9527258557397	11.631904
33	1	68f2e3307b1dd2467d0fc0f5	Etterima	5	20.61811409383755	-156.2538211514925	us	64.19751184633012	-15.758388228311414	9990.356781
33	1	695bb8d2900ad6bdf17374c8	Comte	1	34.37532428794593	132.3648797718876	jp	34.685865979201836	133.87049460635586	142.177146
33	1	695bb8d2900ad6bdf17374c8	Comte	2	8.397852330433674	-82.61850394307118	pa	8.504675620289845	-80.32441770212156	252.599811
33	1	695bb8d2900ad6bdf17374c8	Comte	3	55.34729675291182	22.14848486979223	lt	50.49145034854512	38.72570443356821	1231.519559
33	1	695bb8d2900ad6bdf17374c8	Comte	4	35.68843523702807	-118.0532423682786	us	36.04395900265373	-116.76130932602572	122.945120
33	1	695bb8d2900ad6bdf17374c8	Comte	5	20.61811409383755	-156.2538211514925	us	-54.58093561361684	-67.45471139343543	11786.421164
33	1	5e8fdfa9d51dd65c18f98403	Tbowfr	1	34.37532428794593	132.3648797718876	jp	36.66211657908362	139.11505136479323	661.521491
33	1	5e8fdfa9d51dd65c18f98403	Tbowfr	2	8.397852330433674	-82.61850394307118	pa	19.534626791048048	-98.76968946423126	2135.054187
33	1	5e8fdfa9d51dd65c18f98403	Tbowfr	3	55.34729675291182	22.14848486979223	lt	55.34206147785323	35.67444704448824	853.896980
33	1	5e8fdfa9d51dd65c18f98403	Tbowfr	4	35.68843523702807	-118.0532423682786	us	35.492444498955805	-118.70326447923713	62.687222
33	1	5e8fdfa9d51dd65c18f98403	Tbowfr	5	20.61811409383755	-156.2538211514925	us	-43.470387870348524	171.04665404471015	7869.459692
33	1	5eb9c2e197d6cf4bc8c17c07	Ca_Marsh	1	34.37532428794593	132.3648797718876	jp	34.928192136454946	133.96526107117373	158.771163
33	1	5eb9c2e197d6cf4bc8c17c07	Ca_Marsh	2	8.397852330433674	-82.61850394307118	pa	18.34268043639217	-97.87556833301898	1984.484506
33	1	5eb9c2e197d6cf4bc8c17c07	Ca_Marsh	3	55.34729675291182	22.14848486979223	lt	55.338281545203195	85.4805503992481	3862.772182
33	1	5eb9c2e197d6cf4bc8c17c07	Ca_Marsh	4	35.68843523702807	-118.0532423682786	us	35.69856484921328	-118.1826246543501	11.738282
33	1	5eb9c2e197d6cf4bc8c17c07	Ca_Marsh	5	20.61811409383755	-156.2538211514925	us	62.04760943383923	-7.167929546759215	10424.080050
33	1	5e626d0512777c7a20431f1c	LordOozik	1	34.37532428794593	132.3648797718876	jp	34.92049402724894	134.14658581243393	173.888033
33	1	5e626d0512777c7a20431f1c	LordOozik	2	8.397852330433674	-82.61850394307118	pa	0.48380036441713736	35.95832168696778	13138.954738
33	1	5e626d0512777c7a20431f1c	LordOozik	3	55.34729675291182	22.14848486979223	lt	56.9090244783406	45.50782358097106	1450.799879
33	1	5e626d0512777c7a20431f1c	LordOozik	4	35.68843523702807	-118.0532423682786	us	31.94774261418058	-110.31120602340827	826.974420
33	1	5e626d0512777c7a20431f1c	LordOozik	5	20.61811409383755	-156.2538211514925	us	64.81672641808821	-13.88861597823943	9986.661802
33	1	64836c81ad20f4a5e20f1cb9	Breeze	1	34.37532428794593	132.3648797718876	jp	35.974009348548414	138.8171343876147	612.656409
33	1	64836c81ad20f4a5e20f1cb9	Breeze	2	8.397852330433674	-82.61850394307118	pa	-19.1454983380399	-56.819006289652506	4168.204203
33	1	64836c81ad20f4a5e20f1cb9	Breeze	3	55.34729675291182	22.14848486979223	lt	55.215474046487486	76.12434062663772	3331.162452
33	1	64836c81ad20f4a5e20f1cb9	Breeze	4	35.68843523702807	-118.0532423682786	us	43.294442300158416	-106.84988622886796	1278.363269
33	1	64836c81ad20f4a5e20f1cb9	Breeze	5	20.61811409383755	-156.2538211514925	us	37.7575017841878	-25.477499032832554	11733.843418
49	1	695bb8d2900ad6bdf17374c8	Comte	1	8.547032224726742	123.44750941645351	ph	7.348429696004582	125.13078436342809	228.309501
49	1	695bb8d2900ad6bdf17374c8	Comte	2	47.1060790458663	8.760663373351774	ch	46.31362676589574	14.24926078758315	427.560580
49	1	695bb8d2900ad6bdf17374c8	Comte	3	25.2621097	51.3583057	qa	25.414979939535538	51.442739266190976	18.998595
49	1	695bb8d2900ad6bdf17374c8	Comte	4	22.165233123428813	113.56407023734054	cn	22.180225418420818	113.53226265343616	3.675141
49	1	695bb8d2900ad6bdf17374c8	Comte	5	47.3510926	15.5139953	at	46.23743139385473	14.38699364587602	150.646178
49	1	5e8fdfa9d51dd65c18f98403	Tbowfr	1	8.547032224726742	123.44750941645351	ph	7.239470064238322	124.67977152481221	198.895447
49	1	5e8fdfa9d51dd65c18f98403	Tbowfr	2	47.1060790458663	8.760663373351774	ch	46.73875920948563	9.823249635788525	90.444425
49	1	5e8fdfa9d51dd65c18f98403	Tbowfr	3	25.2621097	51.3583057	qa	24.487035095270762	55.36893532084219	413.648398
49	1	5e8fdfa9d51dd65c18f98403	Tbowfr	4	22.165233123428813	113.56407023734054	cn	22.207340682038154	113.56066419089163	4.695262
49	1	5e8fdfa9d51dd65c18f98403	Tbowfr	5	47.3510926	15.5139953	at	47.06441334642016	12.362646272123067	240.158695
49	1	5e626d0512777c7a20431f1c	LordOozik	1	8.547032224726742	123.44750941645351	ph	11.159029460025806	122.42709596215634	311.208582
49	1	5e626d0512777c7a20431f1c	LordOozik	2	47.1060790458663	8.760663373351774	ch	47.79370745028495	13.355359004268434	353.794252
49	1	5e626d0512777c7a20431f1c	LordOozik	3	25.2621097	51.3583057	qa	25.998129870130924	50.55988825022678	114.477146
49	1	5e626d0512777c7a20431f1c	LordOozik	4	22.165233123428813	113.56407023734054	cn	22.19926198673191	113.56093780785672	3.797558
49	1	5e626d0512777c7a20431f1c	LordOozik	5	47.3510926	15.5139953	at	47.645750167091734	11.973376825696747	267.973266
49	1	66c34181c361d9f3b9a03d9b	OG	1	8.547032224726742	123.44750941645351	ph	-2.4463775720254315	120.22255863523453	1273.625152
49	1	66c34181c361d9f3b9a03d9b	OG	2	47.1060790458663	8.760663373351774	ch	46.966529015268385	9.402137370322281	51.029274
49	1	66c34181c361d9f3b9a03d9b	OG	3	25.2621097	51.3583057	qa	25.273541336308558	51.42158930066764	6.489265
49	1	66c34181c361d9f3b9a03d9b	OG	4	22.165233123428813	113.56407023734054	cn	22.165177625950676	113.56414389504829	0.009778
49	1	66c34181c361d9f3b9a03d9b	OG	5	47.3510926	15.5139953	at	47.62535099135347	14.613787580200945	74.197006
49	1	677485108d7eb43c58f713b3	Master__Of__Kitten	1	8.547032224726742	123.44750941645351	ph	-2.8425260099120613	115.43574569708169	1546.923128
49	1	677485108d7eb43c58f713b3	Master__Of__Kitten	2	47.1060790458663	8.760663373351774	ch	46.8800439133376	7.375213206155764	108.041400
49	1	677485108d7eb43c58f713b3	Master__Of__Kitten	3	25.2621097	51.3583057	qa	25.384637558778866	51.450987572349746	16.504666
49	1	677485108d7eb43c58f713b3	Master__Of__Kitten	4	22.165233123428813	113.56407023734054	cn	22.166049625049496	113.56387147546744	0.093069
49	1	677485108d7eb43c58f713b3	Master__Of__Kitten	5	47.3510926	15.5139953	at	47.09010763763652	13.596541504689709	147.683337
49	1	68f2e3307b1dd2467d0fc0f5	Etterima	1	8.547032224726742	123.44750941645351	ph	12.358421283951484	104.90704180273309	2070.524121
49	1	68f2e3307b1dd2467d0fc0f5	Etterima	2	47.1060790458663	8.760663373351774	ch	47.00548800750043	9.471423697172803	54.993326
49	1	68f2e3307b1dd2467d0fc0f5	Etterima	3	25.2621097	51.3583057	qa	25.242245763979138	51.448707382144654	9.356068
49	1	68f2e3307b1dd2467d0fc0f5	Etterima	4	22.165233123428813	113.56407023734054	cn	22.205545521500678	113.52872585969988	5.773783
49	1	68f2e3307b1dd2467d0fc0f5	Etterima	5	47.3510926	15.5139953	at	46.11239544672528	14.697413656244297	151.142312
49	1	5eb9c2e197d6cf4bc8c17c07	Ca_Marsh	1	8.547032224726742	123.44750941645351	ph	4.457773172008838	102.10678372590382	2400.475881
49	1	5eb9c2e197d6cf4bc8c17c07	Ca_Marsh	2	47.1060790458663	8.760663373351774	ch	46.82252775727451	7.837744070273938	76.805355
49	1	5eb9c2e197d6cf4bc8c17c07	Ca_Marsh	3	25.2621097	51.3583057	qa	25.267844636601637	51.432010784383515	7.439050
49	1	5eb9c2e197d6cf4bc8c17c07	Ca_Marsh	4	22.165233123428813	113.56407023734054	cn	22.164928665649004	113.56486080038854	0.088169
49	1	5eb9c2e197d6cf4bc8c17c07	Ca_Marsh	5	47.3510926	15.5139953	at	46.971861461215475	15.200545068359945	48.371452
49	1	64836c81ad20f4a5e20f1cb9	Breeze	1	8.547032224726742	123.44750941645351	ph	5.516327336126839	101.58692551240527	2435.414453
49	1	64836c81ad20f4a5e20f1cb9	Breeze	2	47.1060790458663	8.760663373351774	ch	47.566960113406175	8.955329348811775	53.305728
49	1	64836c81ad20f4a5e20f1cb9	Breeze	3	25.2621097	51.3583057	qa	25.29857054962084	55.92795244054036	459.453951
49	1	64836c81ad20f4a5e20f1cb9	Breeze	4	22.165233123428813	113.56407023734054	cn	22.165005505788322	113.56449146917105	0.050221
49	1	64836c81ad20f4a5e20f1cb9	Breeze	5	47.3510926	15.5139953	at	47.37008632061624	9.188066437796305	476.351818
50	1	677485108d7eb43c58f713b3	Master__Of__Kitten	1	45.16848229812856	17.119598139508568	ba	51.237466453626965	10.501341539053767	833.525745
50	1	677485108d7eb43c58f713b3	Master__Of__Kitten	2	45.52646795993282	13.82660476484602	si	45.044709183807726	3.7249431343006334	791.579031
50	1	677485108d7eb43c58f713b3	Master__Of__Kitten	3	-38.5457650024688	177.65523553849846	nz	-38.321417512669804	176.02724517282135	143.977121
50	1	677485108d7eb43c58f713b3	Master__Of__Kitten	4	43.550102985537386	-7.036339412619451	es	48.03950074676673	-4.578487723443667	534.255679
50	1	677485108d7eb43c58f713b3	Master__Of__Kitten	5	-22.11492558097422	16.770912175824638	na	-22.50664356891051	17.176253149386625	60.298458
50	1	5eb9c2e197d6cf4bc8c17c07	Ca_Marsh	1	45.16848229812856	17.119598139508568	ba	46.43980441526981	18.76903261052306	190.598766
50	1	5eb9c2e197d6cf4bc8c17c07	Ca_Marsh	2	45.52646795993282	13.82660476484602	si	43.7347118708242	1.3111282343761532	1009.105770
50	1	5eb9c2e197d6cf4bc8c17c07	Ca_Marsh	3	-38.5457650024688	177.65523553849846	nz	-39.53467722704544	175.2996086404026	231.249098
50	1	5eb9c2e197d6cf4bc8c17c07	Ca_Marsh	4	43.550102985537386	-7.036339412619451	es	39.34388803057241	22.718712000554824	2509.746902
50	1	5eb9c2e197d6cf4bc8c17c07	Ca_Marsh	5	-22.11492558097422	16.770912175824638	na	-21.919529568925654	16.365734007139565	47.081101
50	1	66c34181c361d9f3b9a03d9b	OG	1	45.16848229812856	17.119598139508568	ba	47.04907706239227	18.967906250641047	253.025630
50	1	66c34181c361d9f3b9a03d9b	OG	2	45.52646795993282	13.82660476484602	si	40.840169508786936	-0.4957997832472949	1270.441280
50	1	66c34181c361d9f3b9a03d9b	OG	3	-38.5457650024688	177.65523553849846	nz	-42.43234227528021	172.51233399292045	612.894517
50	1	66c34181c361d9f3b9a03d9b	OG	4	43.550102985537386	-7.036339412619451	es	43.52331243609914	6.094804890545129	1057.389386
50	1	66c34181c361d9f3b9a03d9b	OG	5	-22.11492558097422	16.770912175824638	na	-20.49081072728658	17.710523404861206	205.154354
50	1	5e8fdfa9d51dd65c18f98403	Tbowfr	1	45.16848229812856	17.119598139508568	ba	41.33920818166135	-2.7110605798681364	1656.776033
50	1	5e8fdfa9d51dd65c18f98403	Tbowfr	2	45.52646795993282	13.82660476484602	si	43.74501162867329	5.5000840248122085	687.596578
50	1	5e8fdfa9d51dd65c18f98403	Tbowfr	3	-38.5457650024688	177.65523553849846	nz	-42.101335206866544	172.71779043813476	575.578850
50	1	5e8fdfa9d51dd65c18f98403	Tbowfr	4	43.550102985537386	-7.036339412619451	es	50.89531329529349	-1.5022283701858496	916.837371
50	1	5e8fdfa9d51dd65c18f98403	Tbowfr	5	-22.11492558097422	16.770912175824638	na	-22.399680688731635	16.68358775082395	32.913888
50	1	64836c81ad20f4a5e20f1cb9	Breeze	1	45.16848229812856	17.119598139508568	ba	41.57467368895574	19.995357007166085	462.224212
50	1	64836c81ad20f4a5e20f1cb9	Breeze	2	45.52646795993282	13.82660476484602	si	40.89452272568169	22.990318399812207	902.869273
50	1	64836c81ad20f4a5e20f1cb9	Breeze	3	-38.5457650024688	177.65523553849846	nz	-41.600617166220495	172.48664507405485	555.520148
50	1	64836c81ad20f4a5e20f1cb9	Breeze	4	43.550102985537386	-7.036339412619451	es	40.39797026751754	0.29925032632363013	700.034644
50	1	64836c81ad20f4a5e20f1cb9	Breeze	5	-22.11492558097422	16.770912175824638	na	-31.77025972722074	142.26995760892848	11677.636322
50	1	695bb8d2900ad6bdf17374c8	Comte	1	45.16848229812856	17.119598139508568	ba	56.599271715858976	26.154028602435258	1417.513993
50	1	695bb8d2900ad6bdf17374c8	Comte	2	45.52646795993282	13.82660476484602	si	41.93164249506457	-8.054225847630683	1796.953925
50	1	695bb8d2900ad6bdf17374c8	Comte	3	-38.5457650024688	177.65523553849846	nz	-35.2907184636807	173.6846670825505	505.462127
50	1	695bb8d2900ad6bdf17374c8	Comte	4	43.550102985537386	-7.036339412619451	es	58.49225233035933	-4.427917234955214	1671.160746
50	1	695bb8d2900ad6bdf17374c8	Comte	5	-22.11492558097422	16.770912175824638	na	-26.584694166417968	16.3827477389837	498.567433
50	1	5e626d0512777c7a20431f1c	LordOozik	1	45.16848229812856	17.119598139508568	ba	49.483825370510715	16.10914971929242	485.837486
50	1	5e626d0512777c7a20431f1c	LordOozik	2	45.52646795993282	13.82660476484602	si	40.83252905382786	15.040010411416697	531.115914
50	1	5e626d0512777c7a20431f1c	LordOozik	3	-38.5457650024688	177.65523553849846	nz	45.508031826298634	23.683842618751928	17742.184390
50	1	5e626d0512777c7a20431f1c	LordOozik	4	43.550102985537386	-7.036339412619451	es	-41.23938468453138	146.64635659626703	17847.881925
50	1	5e626d0512777c7a20431f1c	LordOozik	5	-22.11492558097422	16.770912175824638	na	48.0730622171834	69.24882703281865	9388.979212
51	1	677485108d7eb43c58f713b3	Master__Of__Kitten	1	65.55022937066785	-24.206859022929283	is	-29.1621725234762	28.480776087619414	11450.131239
51	1	677485108d7eb43c58f713b3	Master__Of__Kitten	2	22.455585262763876	57.96279325752485	om	21.31456137463701	57.167458543944306	151.101493
51	1	677485108d7eb43c58f713b3	Master__Of__Kitten	3	45.320665723454766	27.483127806832464	ro	43.38678908091041	24.8827120758001	298.277529
51	1	677485108d7eb43c58f713b3	Master__Of__Kitten	4	24.443135507392217	90.895188814685	bd	23.259288834620374	90.73969946969117	132.584066
51	1	677485108d7eb43c58f713b3	Master__Of__Kitten	5	48.79264731237863	21.34912563418385	sk	45.8031486682767	24.14821249190048	393.708128
51	1	695bb8d2900ad6bdf17374c8	Comte	1	65.55022937066785	-24.206859022929283	is	65.62443874508182	-23.357956351051048	39.876223
51	1	695bb8d2900ad6bdf17374c8	Comte	2	22.455585262763876	57.96279325752485	om	19.987966768555367	56.27392056145185	325.463581
51	1	695bb8d2900ad6bdf17374c8	Comte	3	45.320665723454766	27.483127806832464	ro	40.68151884812802	22.221197352821896	669.913821
51	1	695bb8d2900ad6bdf17374c8	Comte	4	24.443135507392217	90.895188814685	bd	-3.2855372980069038	114.77666889600422	4021.079452
51	1	695bb8d2900ad6bdf17374c8	Comte	5	48.79264731237863	21.34912563418385	sk	45.86389084319355	25.996178043393908	478.084695
51	1	64836c81ad20f4a5e20f1cb9	Breeze	1	65.55022937066785	-24.206859022929283	is	65.8864440225694	-22.898974831231246	70.525958
51	1	64836c81ad20f4a5e20f1cb9	Breeze	2	22.455585262763876	57.96279325752485	om	48.95441503246913	67.06331038201434	3053.806923
51	1	64836c81ad20f4a5e20f1cb9	Breeze	3	45.320665723454766	27.483127806832464	ro	39.49756579129076	36.52402358665426	983.883228
51	1	64836c81ad20f4a5e20f1cb9	Breeze	4	24.443135507392217	90.895188814685	bd	10.348574347041518	105.31197006913771	2186.311105
51	1	64836c81ad20f4a5e20f1cb9	Breeze	5	48.79264731237863	21.34912563418385	sk	47.72562715311144	17.866248912892356	283.788111
51	1	68f2e3307b1dd2467d0fc0f5	Etterima	1	65.55022937066785	-24.206859022929283	is	0	0	7541.347347
51	1	68f2e3307b1dd2467d0fc0f5	Etterima	2	22.455585262763876	57.96279325752485	om	20.698156482519607	57.18632507876452	211.266304
51	1	68f2e3307b1dd2467d0fc0f5	Etterima	3	45.320665723454766	27.483127806832464	ro	51.3532343348019	19.93275530508448	871.667476
51	1	68f2e3307b1dd2467d0fc0f5	Etterima	4	24.443135507392217	90.895188814685	bd	10.853979590466052	123.01344313662176	3710.204791
51	1	68f2e3307b1dd2467d0fc0f5	Etterima	5	48.79264731237863	21.34912563418385	sk	46.75686259905437	16.141490194091507	450.061250
51	1	5e8fdfa9d51dd65c18f98403	Tbowfr	1	65.55022937066785	-24.206859022929283	is	43.93005136414231	73.75947427064787	5985.070691
51	1	5e8fdfa9d51dd65c18f98403	Tbowfr	2	22.455585262763876	57.96279325752485	om	19.158152392671102	56.475389620928915	397.908470
51	1	5e8fdfa9d51dd65c18f98403	Tbowfr	3	45.320665723454766	27.483127806832464	ro	39.992672895898096	-1.96887241945646	2465.280283
51	1	5e8fdfa9d51dd65c18f98403	Tbowfr	4	24.443135507392217	90.895188814685	bd	10.72149512044046	123.08796906504166	3724.375726
51	1	5e8fdfa9d51dd65c18f98403	Tbowfr	5	48.79264731237863	21.34912563418385	sk	46.474724337707414	20.493637549386886	265.588122
51	1	66c34181c361d9f3b9a03d9b	OG	1	65.55022937066785	-24.206859022929283	is	-53.30205092985324	-71.41218442172777	13808.671608
51	1	66c34181c361d9f3b9a03d9b	OG	2	22.455585262763876	57.96279325752485	om	38.528463175596315	38.40606192584646	2578.646070
51	1	66c34181c361d9f3b9a03d9b	OG	3	45.320665723454766	27.483127806832464	ro	50.518831301941326	20.640838570150205	770.111955
51	1	66c34181c361d9f3b9a03d9b	OG	4	24.443135507392217	90.895188814685	bd	4.294226286894333	102.14275158674593	2543.427630
51	1	66c34181c361d9f3b9a03d9b	OG	5	48.79264731237863	21.34912563418385	sk	48.97392908706033	18.782325327659073	188.757710
51	1	5e626d0512777c7a20431f1c	LordOozik	1	65.55022937066785	-24.206859022929283	is	-30.995607519127745	-68.79155709150447	11395.282900
51	1	5e626d0512777c7a20431f1c	LordOozik	2	22.455585262763876	57.96279325752485	om	1.3172794410901865	38.546955471617586	3150.952392
51	1	5e626d0512777c7a20431f1c	LordOozik	3	45.320665723454766	27.483127806832464	ro	46.27923611939607	5.257377722920089	1720.601987
51	1	5e626d0512777c7a20431f1c	LordOozik	4	24.443135507392217	90.895188814685	bd	-7.443079951829607	110.83184290906792	4152.545552
51	1	5e626d0512777c7a20431f1c	LordOozik	5	48.79264731237863	21.34912563418385	sk	50.82678600121007	15.242385805125819	492.920459
51	1	5eb9c2e197d6cf4bc8c17c07	Ca_Marsh	1	65.55022937066785	-24.206859022929283	is	-43.79056859250535	-72.40811618799256	12845.228411
51	1	5eb9c2e197d6cf4bc8c17c07	Ca_Marsh	2	22.455585262763876	57.96279325752485	om	23.346119801443784	-101.69439969660283	14467.276455
51	1	5eb9c2e197d6cf4bc8c17c07	Ca_Marsh	3	45.320665723454766	27.483127806832464	ro	-26.523600403502446	29.055115750709593	7990.305379
51	1	5eb9c2e197d6cf4bc8c17c07	Ca_Marsh	4	24.443135507392217	90.895188814685	bd	10.256710446231814	123.1564126228268	3755.816427
51	1	5eb9c2e197d6cf4bc8c17c07	Ca_Marsh	5	48.79264731237863	21.34912563418385	sk	58.89333335838992	25.653766170660425	1157.503171
52	1	66c34181c361d9f3b9a03d9b	OG	1	53.098516802317576	5.535676813724943	nl	52.628772195470724	6.190051151685951	68.248857
52	1	66c34181c361d9f3b9a03d9b	OG	2	31.8635397761755	35.819088733413146	jo	31.826940769838263	35.93843255272498	11.985008
52	1	66c34181c361d9f3b9a03d9b	OG	3	48.60120626432434	134.36526204028505	ru	55.0661614396528	46.256232317003466	5686.191543
52	1	66c34181c361d9f3b9a03d9b	OG	4	13.338038833357055	-81.39352136280759	co	12.55053470959934	-81.71854631654138	94.384865
52	1	66c34181c361d9f3b9a03d9b	OG	5	6.976916127355457	-2.308127183407029	gh	7.05224428621384	0.33734003318329986	292.080476
52	1	695bb8d2900ad6bdf17374c8	Comte	1	53.098516802317576	5.535676813724943	nl	52.72403721579807	4.856753786192782	61.696551
52	1	695bb8d2900ad6bdf17374c8	Comte	2	31.8635397761755	35.819088733413146	jo	32.636507465247476	35.889726401076196	86.206396
52	1	695bb8d2900ad6bdf17374c8	Comte	3	48.60120626432434	134.36526204028505	ru	60.38179443340923	33.88263859653708	5966.127647
52	1	695bb8d2900ad6bdf17374c8	Comte	4	13.338038833357055	-81.39352136280759	co	13.381942976604455	-81.3645842939743	5.799451
52	1	695bb8d2900ad6bdf17374c8	Comte	5	6.976916127355457	-2.308127183407029	gh	10.366308403420371	-2.2098693309159367	377.037914
52	1	677485108d7eb43c58f713b3	Master__Of__Kitten	1	53.098516802317576	5.535676813724943	nl	52.75027708675584	6.309381802524041	64.725855
52	1	677485108d7eb43c58f713b3	Master__Of__Kitten	2	31.8635397761755	35.819088733413146	jo	31.795359493757882	35.8964987359598	10.533711
52	1	677485108d7eb43c58f713b3	Master__Of__Kitten	3	48.60120626432434	134.36526204028505	ru	56.90475436444395	61.59033537172584	4743.878558
52	1	677485108d7eb43c58f713b3	Master__Of__Kitten	4	13.338038833357055	-81.39352136280759	co	12.031257560816888	-71.68380856182999	1063.208768
52	1	677485108d7eb43c58f713b3	Master__Of__Kitten	5	6.976916127355457	-2.308127183407029	gh	8.198098282350482	-2.0266642907890597	139.287921
52	1	64836c81ad20f4a5e20f1cb9	Breeze	1	53.098516802317576	5.535676813724943	nl	52.062816654628975	5.638783022587495	115.375086
52	1	64836c81ad20f4a5e20f1cb9	Breeze	2	31.8635397761755	35.819088733413146	jo	33.70025370056518	35.60282736921656	205.231312
52	1	64836c81ad20f4a5e20f1cb9	Breeze	3	48.60120626432434	134.36526204028505	ru	-7.200117311523146	111.03403614304922	6609.599873
52	1	64836c81ad20f4a5e20f1cb9	Breeze	4	13.338038833357055	-81.39352136280759	co	18.414087512770962	-96.67276753768779	1727.924286
52	1	64836c81ad20f4a5e20f1cb9	Breeze	5	6.976916127355457	-2.308127183407029	gh	6.1467573727650295	-2.189155252507382	93.240297
52	1	68f2e3307b1dd2467d0fc0f5	Etterima	1	53.098516802317576	5.535676813724943	nl	58.84580877708207	25.57640569039121	1393.812845
52	1	68f2e3307b1dd2467d0fc0f5	Etterima	2	31.8635397761755	35.819088733413146	jo	31.910473388048118	36.07083762529573	24.334967
52	1	68f2e3307b1dd2467d0fc0f5	Etterima	3	48.60120626432434	134.36526204028505	ru	56.34966771868148	42.9255231490362	5785.679245
52	1	68f2e3307b1dd2467d0fc0f5	Etterima	4	13.338038833357055	-81.39352136280759	co	3.8507826783464916	-76.97101353714666	1161.350470
52	1	68f2e3307b1dd2467d0fc0f5	Etterima	5	6.976916127355457	-2.308127183407029	gh	5.872102091898827	-1.652764212636284	142.603907
52	1	5eb9c2e197d6cf4bc8c17c07	Ca_Marsh	1	53.098516802317576	5.535676813724943	nl	52.370815768088754	6.038317255858012	87.708134
52	1	5eb9c2e197d6cf4bc8c17c07	Ca_Marsh	2	31.8635397761755	35.819088733413146	jo	32.08929461771524	36.14784345674996	39.896251
52	1	5eb9c2e197d6cf4bc8c17c07	Ca_Marsh	3	48.60120626432434	134.36526204028505	ru	62.35801947779384	30.06824629890321	5996.976175
52	1	5eb9c2e197d6cf4bc8c17c07	Ca_Marsh	4	13.338038833357055	-81.39352136280759	co	13.313267903335559	144.6733452852177	14137.899424
52	1	5eb9c2e197d6cf4bc8c17c07	Ca_Marsh	5	6.976916127355457	-2.308127183407029	gh	6.59787905001213	-0.9684892027316305	153.804093
52	1	5e626d0512777c7a20431f1c	LordOozik	1	53.098516802317576	5.535676813724943	nl	52.221799350791585	5.663604647545002	97.867551
52	1	5e626d0512777c7a20431f1c	LordOozik	2	31.8635397761755	35.819088733413146	jo	31.880958279649096	35.55421237040333	25.087093
52	1	5e626d0512777c7a20431f1c	LordOozik	3	48.60120626432434	134.36526204028505	ru	55.66867013041163	24.27717446085869	6735.159471
52	1	5e626d0512777c7a20431f1c	LordOozik	4	13.338038833357055	-81.39352136280759	co	12.124322273077972	-85.02726057804252	416.575334
52	1	5e626d0512777c7a20431f1c	LordOozik	5	6.976916127355457	-2.308127183407029	gh	-19.726250360500888	-56.902254346045936	6669.283977
52	1	5e8fdfa9d51dd65c18f98403	Tbowfr	1	53.098516802317576	5.535676813724943	nl	55.38298367990016	9.045481196294913	341.297718
52	1	5e8fdfa9d51dd65c18f98403	Tbowfr	2	31.8635397761755	35.819088733413146	jo	31.8038603457979	35.933361764483564	12.671836
52	1	5e8fdfa9d51dd65c18f98403	Tbowfr	3	48.60120626432434	134.36526204028505	ru	53.75782941720553	52.46284786862743	5414.655870
52	1	5e8fdfa9d51dd65c18f98403	Tbowfr	4	13.338038833357055	-81.39352136280759	co	19.038159578021727	-70.45998398747274	1327.846623
52	1	5e8fdfa9d51dd65c18f98403	Tbowfr	5	6.976916127355457	-2.308127183407029	gh	-16.82161108381243	-51.118652331175426	5982.711490
53	1	695bb8d2900ad6bdf17374c8	Comte	1	12.20230236309528	104.3428080111822	kh	12.214644343158158	103.8704682280762	51.352322
53	1	695bb8d2900ad6bdf17374c8	Comte	2	24.692909928783134	89.98179829887518	bd	24.57998663306648	90.39477103109051	43.588106
53	1	695bb8d2900ad6bdf17374c8	Comte	3	54.30206813791219	-4.376266045066384	im	56.77696700810532	-5.787385205989208	289.147804
53	1	695bb8d2900ad6bdf17374c8	Comte	4	-4.622585204900807	122.69095865094964	id	-5.645907266348952	119.72322482241331	347.808152
53	1	695bb8d2900ad6bdf17374c8	Comte	5	56.326985573249424	9.62872277211418	dk	55.716337320564584	9.04894062318886	76.867587
53	1	5eb9c2e197d6cf4bc8c17c07	Ca_Marsh	1	12.20230236309528	104.3428080111822	kh	12.427288591557705	105.6929209795953	148.789412
53	1	5eb9c2e197d6cf4bc8c17c07	Ca_Marsh	2	24.692909928783134	89.98179829887518	bd	23.573663332183926	89.60647235765077	130.151641
53	1	5eb9c2e197d6cf4bc8c17c07	Ca_Marsh	3	54.30206813791219	-4.376266045066384	im	55.35189449904427	-2.528314115454242	166.236371
53	1	5eb9c2e197d6cf4bc8c17c07	Ca_Marsh	4	-4.622585204900807	122.69095865094964	id	-2.758050110850835	115.3245911150706	843.250061
53	1	5eb9c2e197d6cf4bc8c17c07	Ca_Marsh	5	56.326985573249424	9.62872277211418	dk	56.323316308926145	9.329325306934754	18.463926
53	1	68f2e3307b1dd2467d0fc0f5	Etterima	1	12.20230236309528	104.3428080111822	kh	13.184846868105362	105.02529556284175	131.974836
53	1	68f2e3307b1dd2467d0fc0f5	Etterima	2	24.692909928783134	89.98179829887518	bd	20.392251343947343	79.74174021420154	1154.738037
53	1	68f2e3307b1dd2467d0fc0f5	Etterima	3	54.30206813791219	-4.376266045066384	im	53.91352084535907	-7.127315221747971	184.456730
53	1	68f2e3307b1dd2467d0fc0f5	Etterima	4	-4.622585204900807	122.69095865094964	id	14.636296485020202	121.42381988091105	2146.040636
53	1	68f2e3307b1dd2467d0fc0f5	Etterima	5	56.326985573249424	9.62872277211418	dk	55.016660397446074	9.36193597653689	146.658471
53	1	66c34181c361d9f3b9a03d9b	OG	1	12.20230236309528	104.3428080111822	kh	-7.015979898842538	-46.11384062488444	16727.368064
53	1	66c34181c361d9f3b9a03d9b	OG	2	24.692909928783134	89.98179829887518	bd	23.666795343687728	90.15522750606672	115.446978
53	1	66c34181c361d9f3b9a03d9b	OG	3	54.30206813791219	-4.376266045066384	im	52.61347217429612	-3.129423087430725	205.100425
53	1	66c34181c361d9f3b9a03d9b	OG	4	-4.622585204900807	122.69095865094964	id	-2.617736145566094	119.97803555067834	374.600935
53	1	66c34181c361d9f3b9a03d9b	OG	5	56.326985573249424	9.62872277211418	dk	55.55967433331049	11.715851105457439	155.460065
53	1	677485108d7eb43c58f713b3	Master__Of__Kitten	1	12.20230236309528	104.3428080111822	kh	15.177468727866618	106.2042167992105	387.135737
53	1	677485108d7eb43c58f713b3	Master__Of__Kitten	2	24.692909928783134	89.98179829887518	bd	11.304258761766103	122.52272826984317	3735.798435
53	1	677485108d7eb43c58f713b3	Master__Of__Kitten	3	54.30206813791219	-4.376266045066384	im	52.35367563484233	-7.012127207640635	278.489843
53	1	677485108d7eb43c58f713b3	Master__Of__Kitten	4	-4.622585204900807	122.69095865094964	id	-0.6228699818019596	116.75113665657835	795.575210
53	1	677485108d7eb43c58f713b3	Master__Of__Kitten	5	56.326985573249424	9.62872277211418	dk	56.086052383211225	9.506091504559574	27.843403
53	1	64836c81ad20f4a5e20f1cb9	Breeze	1	12.20230236309528	104.3428080111822	kh	0.6857113027268692	100.66457575099604	1343.315940
53	1	64836c81ad20f4a5e20f1cb9	Breeze	2	24.692909928783134	89.98179829887518	bd	23.263098721223866	90.29800634033361	162.200882
53	1	64836c81ad20f4a5e20f1cb9	Breeze	3	54.30206813791219	-4.376266045066384	im	64.9762450013646	-18.115719603491883	1409.297386
53	1	64836c81ad20f4a5e20f1cb9	Breeze	4	-4.622585204900807	122.69095865094964	id	-2.1135565077143723	113.80652457813058	1024.820961
53	1	64836c81ad20f4a5e20f1cb9	Breeze	5	56.326985573249424	9.62872277211418	dk	47.735112028086	5.223759457726551	1001.254129
53	1	5e626d0512777c7a20431f1c	LordOozik	1	12.20230236309528	104.3428080111822	kh	9.931064587203561	123.06875836605172	2058.572792
53	1	5e626d0512777c7a20431f1c	LordOozik	2	24.692909928783134	89.98179829887518	bd	2.1955517722611377	98.63241070445272	2668.311042
53	1	5e626d0512777c7a20431f1c	LordOozik	3	54.30206813791219	-4.376266045066384	im	53.27777815996751	-7.639563643651477	242.706170
53	1	5e626d0512777c7a20431f1c	LordOozik	4	-4.622585204900807	122.69095865094964	id	-2.109862013044788	113.07819849682812	1102.931907
53	1	5e626d0512777c7a20431f1c	LordOozik	5	56.326985573249424	9.62872277211418	dk	48.28482106714156	13.721885419544163	936.129519
53	1	5e8fdfa9d51dd65c18f98403	Tbowfr	1	12.20230236309528	104.3428080111822	kh	-13.1895375531948	-50.31046285018779	17264.520386
53	1	5e8fdfa9d51dd65c18f98403	Tbowfr	2	24.692909928783134	89.98179829887518	bd	4.347536572145388	102.24843184542752	2615.147436
53	1	5e8fdfa9d51dd65c18f98403	Tbowfr	3	54.30206813791219	-4.376266045066384	im	53.88305813993162	-2.5858534751877915	125.707058
53	1	5e8fdfa9d51dd65c18f98403	Tbowfr	4	-4.622585204900807	122.69095865094964	id	-2.423231083057035	103.22588779648527	2173.952368
53	1	5e8fdfa9d51dd65c18f98403	Tbowfr	5	56.326985573249424	9.62872277211418	dk	49.47471789384971	10.56799170556487	764.518047
54	1	5eb9c2e197d6cf4bc8c17c07	Ca_Marsh	1	-26.77468735576377	-55.391711063581916	py	-25.57857886530111	-56.45178445793677	169.938505
54	1	5eb9c2e197d6cf4bc8c17c07	Ca_Marsh	2	22.339095750574792	114.24790432172824	hk	22.381018755309192	114.19090840172012	7.488904
54	1	5eb9c2e197d6cf4bc8c17c07	Ca_Marsh	3	40.61408652367556	16.367229329348003	it	41.264520113560295	15.211923049955	121.027485
54	1	5eb9c2e197d6cf4bc8c17c07	Ca_Marsh	4	-12.36695786881497	-75.83239471041024	pe	-7.57510069932595	-78.13584028484455	589.494449
54	1	5eb9c2e197d6cf4bc8c17c07	Ca_Marsh	5	7.913379	9.8452538	ng	8.203039796146937	8.28844858476975	174.399330
54	1	677485108d7eb43c58f713b3	Master__Of__Kitten	1	-26.77468735576377	-55.391711063581916	py	-25.989628464772906	-56.20681638058668	119.217925
54	1	677485108d7eb43c58f713b3	Master__Of__Kitten	2	22.339095750574792	114.24790432172824	hk	22.35028342772778	114.17234994062191	7.869392
54	1	677485108d7eb43c58f713b3	Master__Of__Kitten	3	40.61408652367556	16.367229329348003	it	41.76461892766278	14.07071249060896	230.845223
54	1	677485108d7eb43c58f713b3	Master__Of__Kitten	4	-12.36695786881497	-75.83239471041024	pe	32.032599489691904	-116.09033383466937	6535.910833
54	1	677485108d7eb43c58f713b3	Master__Of__Kitten	5	7.913379	9.8452538	ng	7.241821505382933	6.550257402819124	370.781550
54	1	66c34181c361d9f3b9a03d9b	OG	1	-26.77468735576377	-55.391711063581916	py	-25.10391821671399	-56.36571182318855	209.758999
54	1	66c34181c361d9f3b9a03d9b	OG	2	22.339095750574792	114.24790432172824	hk	22.366005907231607	114.12490248694398	12.998592
54	1	66c34181c361d9f3b9a03d9b	OG	3	40.61408652367556	16.367229329348003	it	39.04444613168986	34.44481211506874	1550.759501
54	1	66c34181c361d9f3b9a03d9b	OG	4	-12.36695786881497	-75.83239471041024	pe	-36.226557735733486	-71.37673425004459	2690.328922
54	1	66c34181c361d9f3b9a03d9b	OG	5	7.913379	9.8452538	ng	6.495027422167894	7.715851894796928	282.936283
54	1	68f2e3307b1dd2467d0fc0f5	Etterima	1	-26.77468735576377	-55.391711063581916	py	-25.454789414855817	-56.138569606067755	164.621812
54	1	68f2e3307b1dd2467d0fc0f5	Etterima	2	22.339095750574792	114.24790432172824	hk	22.485421920573362	114.17354299736115	17.976866
54	1	68f2e3307b1dd2467d0fc0f5	Etterima	3	40.61408652367556	16.367229329348003	it	29.49975858562063	-102.79642495173687	10016.565364
54	1	68f2e3307b1dd2467d0fc0f5	Etterima	4	-12.36695786881497	-75.83239471041024	pe	-10.471832663228144	-75.47247932214614	214.348173
54	1	68f2e3307b1dd2467d0fc0f5	Etterima	5	7.913379	9.8452538	ng	13.47380490549643	-15.083688436550476	2791.231399
54	1	5e8fdfa9d51dd65c18f98403	Tbowfr	1	-26.77468735576377	-55.391711063581916	py	-23.745037762448145	-56.84066639537627	367.031925
54	1	5e8fdfa9d51dd65c18f98403	Tbowfr	2	22.339095750574792	114.24790432172824	hk	22.437309049406952	114.13790896448201	15.721261
54	1	5e8fdfa9d51dd65c18f98403	Tbowfr	3	40.61408652367556	16.367229329348003	it	44.564744892381164	26.418052774812207	931.792724
54	1	5e8fdfa9d51dd65c18f98403	Tbowfr	4	-12.36695786881497	-75.83239471041024	pe	34.07568819728794	-110.25073575272691	6316.831972
54	1	5e8fdfa9d51dd65c18f98403	Tbowfr	5	7.913379	9.8452538	ng	7.335244784615309	-1.476949723724501	1249.454852
54	1	695bb8d2900ad6bdf17374c8	Comte	1	-26.77468735576377	-55.391711063581916	py	-25.71207790570709	-54.73680741222174	135.007229
54	1	695bb8d2900ad6bdf17374c8	Comte	2	22.339095750574792	114.24790432172824	hk	1.3313295337279212	103.8364566742472	2593.085918
54	1	695bb8d2900ad6bdf17374c8	Comte	3	40.61408652367556	16.367229329348003	it	41.274691717565226	27.837416555106717	965.477093
54	1	695bb8d2900ad6bdf17374c8	Comte	4	-12.36695786881497	-75.83239471041024	pe	26.77827861457555	-101.34772901998481	5151.711006
54	1	695bb8d2900ad6bdf17374c8	Comte	5	7.913379	9.8452538	ng	8.63119112577347	10.766599567653712	129.031540
54	1	64836c81ad20f4a5e20f1cb9	Breeze	1	-26.77468735576377	-55.391711063581916	py	7.381131373618288	-74.39249410018779	4315.026920
54	1	64836c81ad20f4a5e20f1cb9	Breeze	2	22.339095750574792	114.24790432172824	hk	25.005807907444293	121.56317816482814	801.646697
54	1	64836c81ad20f4a5e20f1cb9	Breeze	3	40.61408652367556	16.367229329348003	it	41.128602433236736	24.411535182440492	678.563796
54	1	64836c81ad20f4a5e20f1cb9	Breeze	4	-12.36695786881497	-75.83239471041024	pe	-31.810455256726144	-68.772389660049	2279.416697
54	1	64836c81ad20f4a5e20f1cb9	Breeze	5	7.913379	9.8452538	ng	10.262343549627076	6.672395211209303	435.395548
54	1	5e626d0512777c7a20431f1c	LordOozik	1	-26.77468735576377	-55.391711063581916	py	0.04645837090240598	-52.5354836575373	2997.997722
54	1	5e626d0512777c7a20431f1c	LordOozik	2	22.339095750574792	114.24790432172824	hk	35.94197004367635	140.66007411286208	2963.075473
54	1	5e626d0512777c7a20431f1c	LordOozik	3	40.61408652367556	16.367229329348003	it	39.638796593570326	-8.298743269464042	2093.096597
54	1	5e626d0512777c7a20431f1c	LordOozik	4	-12.36695786881497	-75.83239471041024	pe	24.00487126448192	-102.33964445933513	4965.120519
54	1	5e626d0512777c7a20431f1c	LordOozik	5	7.913379	9.8452538	ng	9.274671221990216	5.1485210971128526	538.101612
55	1	677485108d7eb43c58f713b3	Master__Of__Kitten	1	8.731434563306895	105.00640628738782	vn	12.004501666021676	108.24803794565625	508.072781
55	1	677485108d7eb43c58f713b3	Master__Of__Kitten	2	49.06404597297396	12.366194291075324	de	49.61561904237845	10.368790576522583	157.168504
55	1	677485108d7eb43c58f713b3	Master__Of__Kitten	3	43.1972172	27.2300352	bg	43.22547574820478	23.83849213962786	274.858392
55	1	677485108d7eb43c58f713b3	Master__Of__Kitten	4	42.01514873996712	20.970349118141744	mk	42.660981852482415	25.048798724501843	342.790417
55	1	677485108d7eb43c58f713b3	Master__Of__Kitten	5	-10.5085902247796	105.65272008689206	cx	-10.473035925750477	105.67879738610497	4.874334
55	1	695bb8d2900ad6bdf17374c8	Comte	1	8.731434563306895	105.00640628738782	vn	11.893608430098244	107.389857766292	437.726419
55	1	695bb8d2900ad6bdf17374c8	Comte	2	49.06404597297396	12.366194291075324	de	49.63792722514021	8.157201565867798	311.439968
55	1	695bb8d2900ad6bdf17374c8	Comte	3	43.1972172	27.2300352	bg	38.02434485657076	28.663250462691792	587.755375
55	1	695bb8d2900ad6bdf17374c8	Comte	4	42.01514873996712	20.970349118141744	mk	40.13100608099367	21.393128957613648	212.482625
55	1	695bb8d2900ad6bdf17374c8	Comte	5	-10.5085902247796	105.65272008689206	cx	-10.473924016118623	105.63231466654027	4.453800
55	1	68f2e3307b1dd2467d0fc0f5	Etterima	1	8.731434563306895	105.00640628738782	vn	13.749595648518953	108.88106874750515	699.856696
55	1	68f2e3307b1dd2467d0fc0f5	Etterima	2	49.06404597297396	12.366194291075324	de	50.69872785176558	10.406448061581024	229.670883
55	1	68f2e3307b1dd2467d0fc0f5	Etterima	3	43.1972172	27.2300352	bg	47.92995404163887	18.818578954931336	839.253904
55	1	68f2e3307b1dd2467d0fc0f5	Etterima	4	42.01514873996712	20.970349118141744	mk	41.859011714186096	21.158887464230425	23.337353
55	1	68f2e3307b1dd2467d0fc0f5	Etterima	5	-10.5085902247796	105.65272008689206	cx	-10.44688302022791	105.6769462934092	7.355087
55	1	5eb9c2e197d6cf4bc8c17c07	Ca_Marsh	1	8.731434563306895	105.00640628738782	vn	12.792824973697773	108.22657765205112	572.390243
55	1	5eb9c2e197d6cf4bc8c17c07	Ca_Marsh	2	49.06404597297396	12.366194291075324	de	49.90968874631407	8.870312180306241	269.430686
55	1	5eb9c2e197d6cf4bc8c17c07	Ca_Marsh	3	43.1972172	27.2300352	bg	39.35931494961188	28.730904039904303	444.781098
55	1	5eb9c2e197d6cf4bc8c17c07	Ca_Marsh	4	42.01514873996712	20.970349118141744	mk	41.97372240360999	22.121964222814228	95.281497
55	1	5eb9c2e197d6cf4bc8c17c07	Ca_Marsh	5	-10.5085902247796	105.65272008689206	cx	13.91004653970086	-60.961588710897054	18512.347985
55	1	5e8fdfa9d51dd65c18f98403	Tbowfr	1	8.731434563306895	105.00640628738782	vn	11.838961595434277	107.78100048879574	459.917374
55	1	5e8fdfa9d51dd65c18f98403	Tbowfr	2	49.06404597297396	12.366194291075324	de	49.27328245257506	16.977888490273983	336.038011
55	1	5e8fdfa9d51dd65c18f98403	Tbowfr	3	43.1972172	27.2300352	bg	40.34306018213069	30.033356639128538	393.355546
55	1	5e8fdfa9d51dd65c18f98403	Tbowfr	4	42.01514873996712	20.970349118141744	mk	43.63708537224155	20.23206194569614	190.133613
55	1	5e8fdfa9d51dd65c18f98403	Tbowfr	5	-10.5085902247796	105.65272008689206	cx	14.312870557907178	-60.988563325269915	18504.400152
55	1	5e626d0512777c7a20431f1c	LordOozik	1	8.731434563306895	105.00640628738782	vn	12.177121002929516	107.96714473791953	501.577061
55	1	5e626d0512777c7a20431f1c	LordOozik	2	49.06404597297396	12.366194291075324	de	48.89394098636002	10.882506110392223	109.919076
55	1	5e626d0512777c7a20431f1c	LordOozik	3	43.1972172	27.2300352	bg	45.857518246291804	24.36734307407303	372.776004
55	1	5e626d0512777c7a20431f1c	LordOozik	4	42.01514873996712	20.970349118141744	mk	43.16604431942796	27.146778687246464	521.424674
55	1	5e626d0512777c7a20431f1c	LordOozik	5	-10.5085902247796	105.65272008689206	cx	0.17481706262275876	-71.31631549714798	18818.159150
55	1	66c34181c361d9f3b9a03d9b	OG	1	8.731434563306895	105.00640628738782	vn	9.982942152989967	105.96184824247933	174.224036
55	1	66c34181c361d9f3b9a03d9b	OG	2	49.06404597297396	12.366194291075324	de	50.44685725057499	10.293621122657152	214.017520
55	1	66c34181c361d9f3b9a03d9b	OG	3	43.1972172	27.2300352	bg	42.420717705678946	24.54269063319522	235.597325
55	1	66c34181c361d9f3b9a03d9b	OG	4	42.01514873996712	20.970349118141744	mk	46.962554523967256	142.7254684113945	8578.965951
55	1	66c34181c361d9f3b9a03d9b	OG	5	-10.5085902247796	105.65272008689206	cx	-14.299475002468554	-170.7020029179256	9045.036287
56	1	695bb8d2900ad6bdf17374c8	Comte	1	44.73213757147683	3.6889264629344805	fr	43.096116310854775	-2.418807523771205	521.808819
56	1	695bb8d2900ad6bdf17374c8	Comte	2	-2.082184435647658	119.41331068374376	id	-5.369071810847164	119.8682759881018	368.954264
56	1	695bb8d2900ad6bdf17374c8	Comte	3	-25.52057989957188	27.8901145332814	za	-25.72704251750726	27.5869912099796	38.087485
56	1	695bb8d2900ad6bdf17374c8	Comte	4	42.4514229924821	78.191678183495	kg	42.13427999569851	76.79844730724332	119.898362
56	1	695bb8d2900ad6bdf17374c8	Comte	5	25.12375677487639	90.08593025985093	bd	24.623216136667583	90.98449354878629	106.370095
56	1	5eb9c2e197d6cf4bc8c17c07	Ca_Marsh	1	44.73213757147683	3.6889264629344805	fr	46.57144472760057	7.849897405668678	382.582291
56	1	5eb9c2e197d6cf4bc8c17c07	Ca_Marsh	2	-2.082184435647658	119.41331068374376	id	-1.234571049679229	119.88910435259221	108.072907
56	1	5eb9c2e197d6cf4bc8c17c07	Ca_Marsh	3	-25.52057989957188	27.8901145332814	za	-28.047533243621356	30.92416642315013	411.859666
56	1	5eb9c2e197d6cf4bc8c17c07	Ca_Marsh	4	42.4514229924821	78.191678183495	kg	42.11404194984882	76.95268644982998	108.609976
56	1	5eb9c2e197d6cf4bc8c17c07	Ca_Marsh	5	25.12375677487639	90.08593025985093	bd	23.82917695134373	89.90600016852373	145.097766
56	1	5e8fdfa9d51dd65c18f98403	Tbowfr	1	44.73213757147683	3.6889264629344805	fr	45.61951675188812	5.9834824623122085	205.135548
56	1	5e8fdfa9d51dd65c18f98403	Tbowfr	2	-2.082184435647658	119.41331068374376	id	-3.2773819802369784	114.03275658272231	612.223503
56	1	5e8fdfa9d51dd65c18f98403	Tbowfr	3	-25.52057989957188	27.8901145332814	za	-27.37144562137308	28.986515097916243	232.958607
56	1	5e8fdfa9d51dd65c18f98403	Tbowfr	4	42.4514229924821	78.191678183495	kg	41.49625442492357	76.56331268796666	171.462437
56	1	5e8fdfa9d51dd65c18f98403	Tbowfr	5	25.12375677487639	90.08593025985093	bd	23.835607865071662	90.16262550372363	143.445742
56	1	677485108d7eb43c58f713b3	Master__Of__Kitten	1	44.73213757147683	3.6889264629344805	fr	51.45947278443748	14.913657894810925	1117.799144
56	1	677485108d7eb43c58f713b3	Master__Of__Kitten	2	-2.082184435647658	119.41331068374376	id	-8.6565932216448	117.47494631784042	761.851680
56	1	677485108d7eb43c58f713b3	Master__Of__Kitten	3	-25.52057989957188	27.8901145332814	za	-26.26352891688603	28.001052938771352	83.354189
56	1	677485108d7eb43c58f713b3	Master__Of__Kitten	4	42.4514229924821	78.191678183495	kg	42.00162818240914	74.64623685018779	296.158668
56	1	677485108d7eb43c58f713b3	Master__Of__Kitten	5	25.12375677487639	90.08593025985093	bd	23.79562418637148	90.43093904701169	151.753716
56	1	66c34181c361d9f3b9a03d9b	OG	1	44.73213757147683	3.6889264629344805	fr	42.223963620266495	2.6621042834865394	290.935262
56	1	66c34181c361d9f3b9a03d9b	OG	2	-2.082184435647658	119.41331068374376	id	0.6863361855951602	100.63570139644453	2110.190798
56	1	66c34181c361d9f3b9a03d9b	OG	3	-25.52057989957188	27.8901145332814	za	-24.640426287443518	29.809202134238706	216.635042
56	1	66c34181c361d9f3b9a03d9b	OG	4	42.4514229924821	78.191678183495	kg	42.20448946921758	75.57505901705531	216.840041
56	1	66c34181c361d9f3b9a03d9b	OG	5	25.12375677487639	90.08593025985093	bd	23.338242092120208	90.19218508938508	198.832257
56	1	68f2e3307b1dd2467d0fc0f5	Etterima	1	44.73213757147683	3.6889264629344805	fr	36.43068097940662	-83.99686110489077	7097.632516
56	1	68f2e3307b1dd2467d0fc0f5	Etterima	2	-2.082184435647658	119.41331068374376	id	-3.0094927365362683	114.98648203166887	502.443588
56	1	68f2e3307b1dd2467d0fc0f5	Etterima	3	-25.52057989957188	27.8901145332814	za	-28.848332204826228	29.01562092340125	386.405041
56	1	68f2e3307b1dd2467d0fc0f5	Etterima	4	42.4514229924821	78.191678183495	kg	42.29713318499714	74.65256835849783	291.208715
56	1	68f2e3307b1dd2467d0fc0f5	Etterima	5	25.12375677487639	90.08593025985093	bd	23.84041607448137	90.24158587479745	143.567669
56	1	5e626d0512777c7a20431f1c	LordOozik	1	44.73213757147683	3.6889264629344805	fr	61.35269499641406	15.502392071888034	2002.543935
56	1	5e626d0512777c7a20431f1c	LordOozik	2	-2.082184435647658	119.41331068374376	id	-7.402207481434643	111.17202088416249	1087.819516
56	1	5e626d0512777c7a20431f1c	LordOozik	3	-25.52057989957188	27.8901145332814	za	-30.354826059755467	24.81391557867176	616.578724
56	1	5e626d0512777c7a20431f1c	LordOozik	4	42.4514229924821	78.191678183495	kg	52.70845225776903	83.0777156573549	1197.258478
56	1	5e626d0512777c7a20431f1c	LordOozik	5	25.12375677487639	90.08593025985093	bd	24.040299491079605	90.1538887005298	120.670763
57	1	677485108d7eb43c58f713b3	Master__Of__Kitten	1	18.322625664455796	-64.9102067103158	vi	18.414364560330295	-64.64819762546465	29.471393
57	1	677485108d7eb43c58f713b3	Master__Of__Kitten	2	48.322284782947364	28.116195205800224	ua	49.930403317696694	33.416739526451686	425.001058
57	1	677485108d7eb43c58f713b3	Master__Of__Kitten	3	12.418199148429473	121.3216820240622	ph	14.0771395870914	121.50060381903478	185.479429
57	1	677485108d7eb43c58f713b3	Master__Of__Kitten	4	-2.4965072	29.595049	rw	-1.9398102013230234	30.07630991263119	81.800087
57	1	677485108d7eb43c58f713b3	Master__Of__Kitten	5	55.63485121016686	22.574153676957543	lt	57.42009404571944	26.113040734271245	294.056588
57	1	695bb8d2900ad6bdf17374c8	Comte	1	18.322625664455796	-64.9102067103158	vi	18.336295402343435	-64.88555485335212	3.013514
57	1	695bb8d2900ad6bdf17374c8	Comte	2	48.322284782947364	28.116195205800224	ua	50.798827231760626	32.97450941315377	445.511299
57	1	695bb8d2900ad6bdf17374c8	Comte	3	12.418199148429473	121.3216820240622	ph	11.135496673949278	122.56763914036	196.817953
57	1	695bb8d2900ad6bdf17374c8	Comte	4	-2.4965072	29.595049	rw	-1.8664331951461672	30.07381342113638	87.968765
57	1	695bb8d2900ad6bdf17374c8	Comte	5	55.63485121016686	22.574153676957543	lt	56.78070571850574	30.823970854611034	525.517290
57	1	5eb9c2e197d6cf4bc8c17c07	Ca_Marsh	1	18.322625664455796	-64.9102067103158	vi	18.328048958998195	-64.8813373430562	3.106426
57	1	5eb9c2e197d6cf4bc8c17c07	Ca_Marsh	2	48.322284782947364	28.116195205800224	ua	49.31190709633338	28.411622576331403	112.146520
57	1	5eb9c2e197d6cf4bc8c17c07	Ca_Marsh	3	12.418199148429473	121.3216820240622	ph	8.205824247165141	125.22104280412876	633.463897
57	1	5eb9c2e197d6cf4bc8c17c07	Ca_Marsh	4	-2.4965072	29.595049	rw	8.153946207205205	-81.04913852587144	12318.619669
57	1	5eb9c2e197d6cf4bc8c17c07	Ca_Marsh	5	55.63485121016686	22.574153676957543	lt	52.356118306859344	11.493724059318055	809.614081
57	1	5e8fdfa9d51dd65c18f98403	Tbowfr	1	18.322625664455796	-64.9102067103158	vi	18.35168346433507	-66.08639740806763	124.187143
57	1	5e8fdfa9d51dd65c18f98403	Tbowfr	2	48.322284782947364	28.116195205800224	ua	49.62176910835106	30.985168068594312	254.395874
57	1	5e8fdfa9d51dd65c18f98403	Tbowfr	3	12.418199148429473	121.3216820240622	ph	10.487257985765371	123.84680464452592	349.029859
57	1	5e8fdfa9d51dd65c18f98403	Tbowfr	4	-2.4965072	29.595049	rw	7.6788455855918265	81.08098643519189	5822.017663
57	1	5e8fdfa9d51dd65c18f98403	Tbowfr	5	55.63485121016686	22.574153676957543	lt	52.61514791582964	37.47395118669126	1024.912028
57	1	68f2e3307b1dd2467d0fc0f5	Etterima	1	18.322625664455796	-64.9102067103158	vi	17.73892105130499	-64.743458493551	67.257015
57	1	68f2e3307b1dd2467d0fc0f5	Etterima	2	48.322284782947364	28.116195205800224	ua	51.63302079240151	33.23085962840749	518.692890
57	1	68f2e3307b1dd2467d0fc0f5	Etterima	3	12.418199148429473	121.3216820240622	ph	9.709585587110364	122.86270175088293	344.944419
57	1	68f2e3307b1dd2467d0fc0f5	Etterima	4	-2.4965072	29.595049	rw	-0.09390744013043446	35.788028090714675	738.423347
57	1	68f2e3307b1dd2467d0fc0f5	Etterima	5	55.63485121016686	22.574153676957543	lt	34.136321922512046	-94.41593536879166	8389.954947
57	1	66c34181c361d9f3b9a03d9b	OG	1	18.322625664455796	-64.9102067103158	vi	18.3402161438311	-64.91153923168685	1.961023
57	1	66c34181c361d9f3b9a03d9b	OG	2	48.322284782947364	28.116195205800224	ua	49.40112659730884	31.826950722170054	296.735073
57	1	66c34181c361d9f3b9a03d9b	OG	3	12.418199148429473	121.3216820240622	ph	-2.079103919626052	115.68502353027165	1728.045984
57	1	66c34181c361d9f3b9a03d9b	OG	4	-2.4965072	29.595049	rw	-23.424404128660168	-58.447716352567426	9697.629813
57	1	66c34181c361d9f3b9a03d9b	OG	5	55.63485121016686	22.574153676957543	lt	59.43782798303162	40.20068901951113	1129.602694
57	1	5e626d0512777c7a20431f1c	LordOozik	1	18.322625664455796	-64.9102067103158	vi	17.749022082801037	-64.7784183936566	65.286116
57	1	5e626d0512777c7a20431f1c	LordOozik	2	48.322284782947364	28.116195205800224	ua	49.12941401240663	33.429139341374935	399.819133
57	1	5e626d0512777c7a20431f1c	LordOozik	3	12.418199148429473	121.3216820240622	ph	-2.2684860411047936	113.89493056887285	1827.511484
57	1	5e626d0512777c7a20431f1c	LordOozik	4	-2.4965072	29.595049	rw	-12.558583115105332	-75.54379544474362	11585.788333
57	1	5e626d0512777c7a20431f1c	LordOozik	5	55.63485121016686	22.574153676957543	lt	52.57784935199006	42.477097981521034	1336.137895
58	1	66c34181c361d9f3b9a03d9b	OG	1	17.72722979438617	-64.87707060594829	vi	18.342883783605753	-64.91607972199898	68.581734
58	1	66c34181c361d9f3b9a03d9b	OG	2	23.608049730288613	58.31589235342192		23.675056381138575	57.86493089748804	46.536406
58	1	66c34181c361d9f3b9a03d9b	OG	3	14.724214479433767	-91.26533559967486	gt	14.53304145061768	-90.64554237986013	69.989970
58	1	66c34181c361d9f3b9a03d9b	OG	4	22.69060168754014	120.33468236959826	tw	24.078929915998227	120.50434636155983	155.343116
58	1	66c34181c361d9f3b9a03d9b	OG	5	8.150152218057416	-2.0293077461717877	gh	8.028193795535731	-1.0998925401528115	103.212726
58	1	677485108d7eb43c58f713b3	Master__Of__Kitten	1	17.72722979438617	-64.87707060594829	vi	18.43114672413425	-64.62449854639291	82.699962
58	1	677485108d7eb43c58f713b3	Master__Of__Kitten	2	23.608049730288613	58.31589235342192		23.59716363138331	58.368586816751716	5.503949
58	1	677485108d7eb43c58f713b3	Master__Of__Kitten	3	14.724214479433767	-91.26533559967486	gt	14.657061059461181	-90.91327933607683	38.596331
58	1	677485108d7eb43c58f713b3	Master__Of__Kitten	4	22.69060168754014	120.33468236959826	tw	23.835285535048254	120.48569994605259	128.214498
58	1	677485108d7eb43c58f713b3	Master__Of__Kitten	5	8.150152218057416	-2.0293077461717877	gh	5.886813903429976	-1.0944560405808712	271.995665
58	1	695bb8d2900ad6bdf17374c8	Comte	1	17.72722979438617	-64.87707060594829	vi	18.34340641891242	-64.90592049658478	68.583581
58	1	695bb8d2900ad6bdf17374c8	Comte	2	23.608049730288613	58.31589235342192		23.703926114165313	58.13178836423934	21.570001
58	1	695bb8d2900ad6bdf17374c8	Comte	3	14.724214479433767	-91.26533559967486	gt	15.03796590840807	-90.21188462041174	118.463129
58	1	695bb8d2900ad6bdf17374c8	Comte	4	22.69060168754014	120.33468236959826	tw	25.066633293243008	121.48842632778651	289.069797
58	1	695bb8d2900ad6bdf17374c8	Comte	5	8.150152218057416	-2.0293077461717877	gh	7.003526164790259	-1.7017962879933157	132.510881
58	1	5e8fdfa9d51dd65c18f98403	Tbowfr	1	17.72722979438617	-64.87707060594829	vi	9.994161197179828	-84.1701018188333	2251.074450
58	1	5e8fdfa9d51dd65c18f98403	Tbowfr	2	23.608049730288613	58.31589235342192		23.49384231204215	58.50248932907159	22.870211
58	1	5e8fdfa9d51dd65c18f98403	Tbowfr	3	14.724214479433767	-91.26533559967486	gt	14.702413975436542	-90.47176324992799	85.382054
58	1	5e8fdfa9d51dd65c18f98403	Tbowfr	4	22.69060168754014	120.33468236959826	tw	25.040047735602528	121.42531119470543	283.807169
58	1	5e8fdfa9d51dd65c18f98403	Tbowfr	5	8.150152218057416	-2.0293077461717877	gh	7.759018829986353	-1.2663473835441508	94.610039
58	1	68b35047b844e7bdfaf0920f	WiljanGeo	1	17.72722979438617	-64.87707060594829	vi	40.69845264025059	31.43815916089966	9246.870048
58	1	68b35047b844e7bdfaf0920f	WiljanGeo	2	23.608049730288613	58.31589235342192		23.679558589651034	57.827073957497866	50.422317
58	1	68b35047b844e7bdfaf0920f	WiljanGeo	3	14.724214479433767	-91.26533559967486	gt	21.040305957284822	101.46696555502183	15802.306868
58	1	68b35047b844e7bdfaf0920f	WiljanGeo	4	22.69060168754014	120.33468236959826	tw	23.024544997130644	120.24847832145751	38.168860
58	1	68b35047b844e7bdfaf0920f	WiljanGeo	5	8.150152218057416	-2.0293077461717877	gh	6.130302248921913	-1.4674106181237812	232.995444
58	1	5e626d0512777c7a20431f1c	LordOozik	1	17.72722979438617	-64.87707060594829	vi	9.356403550800334	-83.83058648409555	2248.029130
58	1	5e626d0512777c7a20431f1c	LordOozik	2	23.608049730288613	58.31589235342192		25.143333875418147	56.029609771756355	287.677112
58	1	5e626d0512777c7a20431f1c	LordOozik	3	14.724214479433767	-91.26533559967486	gt	5.224014056571419	-73.90967946505536	2172.247349
58	1	5e626d0512777c7a20431f1c	LordOozik	4	22.69060168754014	120.33468236959826	tw	25.017175758658926	121.51831473228224	285.330330
58	1	5e626d0512777c7a20431f1c	LordOozik	5	8.150152218057416	-2.0293077461717877	gh	-2.455822478066852	29.91649138835087	3733.716328
59	1	695bb8d2900ad6bdf17374c8	Comte	1	17.88093099950642	102.64831461564738	la	17.949543249977022	102.63615674602868	7.737016
59	1	695bb8d2900ad6bdf17374c8	Comte	2	39.046751263932464	-112.0420878628091	us	40.56693057738359	-111.44104066718057	176.659982
59	1	695bb8d2900ad6bdf17374c8	Comte	3	27.263230441104945	89.32022505962075	bt	27.517628939046684	89.75589160785438	51.481154
59	1	695bb8d2900ad6bdf17374c8	Comte	4	-17.79593283260143	25.211494283199716	bw	-24.666863217853244	25.780097497810768	766.278317
59	1	695bb8d2900ad6bdf17374c8	Comte	5	57.736911424292366	34.032781289898274	ru	59.42052066768539	31.098283337464302	252.905072
59	1	65183f23fa133d34a1c57ac1	Math56	1	17.88093099950642	102.64831461564738	la	17.947652081502536	102.63964088158983	7.475590
59	1	65183f23fa133d34a1c57ac1	Math56	2	39.046751263932464	-112.0420878628091	us	38.945321522941676	-114.98440516284697	254.512531
59	1	65183f23fa133d34a1c57ac1	Math56	3	27.263230441104945	89.32022505962075	bt	27.36471714211034	90.42666088399407	109.893420
59	1	65183f23fa133d34a1c57ac1	Math56	4	-17.79593283260143	25.211494283199716	bw	-24.76349724057481	25.639833799496508	776.025695
59	1	65183f23fa133d34a1c57ac1	Math56	5	57.736911424292366	34.032781289898274	ru	61.85708224952753	36.4580868716529	477.723357
59	1	66c34181c361d9f3b9a03d9b	OG	1	17.88093099950642	102.64831461564738	la	10.587175071430515	123.10113884455208	2346.543420
59	1	66c34181c361d9f3b9a03d9b	OG	2	39.046751263932464	-112.0420878628091	us	38.94284822921793	-112.13943160258073	14.291747
59	1	66c34181c361d9f3b9a03d9b	OG	3	27.263230441104945	89.32022505962075	bt	27.398387149882755	90.48063899666673	115.608889
59	1	66c34181c361d9f3b9a03d9b	OG	4	-17.79593283260143	25.211494283199716	bw	-23.884203682587053	25.200036562505286	676.985876
59	1	66c34181c361d9f3b9a03d9b	OG	5	57.736911424292366	34.032781289898274	ru	58.10178432250853	35.609712570937084	101.579651
59	1	677485108d7eb43c58f713b3	Master__Of__Kitten	1	17.88093099950642	102.64831461564738	la	13.69369792927994	104.61973914698478	511.130809
59	1	677485108d7eb43c58f713b3	Master__Of__Kitten	2	39.046751263932464	-112.0420878628091	us	47.76046582923968	-121.07366288740901	1211.140884
59	1	677485108d7eb43c58f713b3	Master__Of__Kitten	3	27.263230441104945	89.32022505962075	bt	27.45602283167629	89.66532773971161	40.262777
59	1	677485108d7eb43c58f713b3	Master__Of__Kitten	4	-17.79593283260143	25.211494283199716	bw	-24.65721380768946	25.902802856486677	766.291313
59	1	677485108d7eb43c58f713b3	Master__Of__Kitten	5	57.736911424292366	34.032781289898274	ru	55.853945533889835	84.91856749382274	3032.280758
59	1	5eb9c2e197d6cf4bc8c17c07	Ca_Marsh	1	17.88093099950642	102.64831461564738	la	11.520205933692594	107.33132356123048	868.110828
59	1	5eb9c2e197d6cf4bc8c17c07	Ca_Marsh	2	39.046751263932464	-112.0420878628091	us	23.395693457627164	-104.55386990575911	1878.533705
59	1	5eb9c2e197d6cf4bc8c17c07	Ca_Marsh	3	27.263230441104945	89.32022505962075	bt	-0.486770043520277	-77.88048275953017	16739.089057
59	1	5eb9c2e197d6cf4bc8c17c07	Ca_Marsh	4	-17.79593283260143	25.211494283199716	bw	-24.56889774983508	26.199027873891804	760.035913
59	1	5eb9c2e197d6cf4bc8c17c07	Ca_Marsh	5	57.736911424292366	34.032781289898274	ru	54.030346128356314	34.324341218790344	412.551125
59	1	64836c81ad20f4a5e20f1cb9	Breeze	1	17.88093099950642	102.64831461564738	la	-3.357040517930374	120.17809261989049	3044.689885
59	1	64836c81ad20f4a5e20f1cb9	Breeze	2	39.046751263932464	-112.0420878628091	us	26.351536701289184	-102.64284605430234	1660.925134
59	1	64836c81ad20f4a5e20f1cb9	Breeze	3	27.263230441104945	89.32022505962075	bt	20.979013162250574	-99.61710347518779	14565.240910
59	1	64836c81ad20f4a5e20f1cb9	Breeze	4	-17.79593283260143	25.211494283199716	bw	-28.442727154690772	26.378031555837527	1189.838212
59	1	64836c81ad20f4a5e20f1cb9	Breeze	5	57.736911424292366	34.032781289898274	ru	56.013613497507876	71.87572062608197	2277.286019
59	1	5e626d0512777c7a20431f1c	LordOozik	1	17.88093099950642	102.64831461564738	la	-11.437900446416412	-55.14444201054565	17523.412645
59	1	5e626d0512777c7a20431f1c	LordOozik	2	39.046751263932464	-112.0420878628091	us	38.90045559203732	34.358611759208436	10695.890734
59	1	5e626d0512777c7a20431f1c	LordOozik	3	27.263230441104945	89.32022505962075	bt	3.8632930369837517	101.94326745434405	2926.848041
59	1	5e626d0512777c7a20431f1c	LordOozik	4	-17.79593283260143	25.211494283199716	bw	-32.789871706259284	24.158048635565805	1670.578243
59	1	5e626d0512777c7a20431f1c	LordOozik	5	57.736911424292366	34.032781289898274	ru	54.71031447340668	21.115810015585044	864.801490
59	1	68eac942400d2ab1f3e0a6ed	TimDark777	1	17.88093099950642	102.64831461564738	la	17.14802634454984	79.37865822944339	2467.280496
59	1	68eac942400d2ab1f3e0a6ed	TimDark777	2	39.046751263932464	-112.0420878628091	us	30.69735341889225	-100.09443895294912	1429.464367
59	1	68eac942400d2ab1f3e0a6ed	TimDark777	3	27.263230441104945	89.32022505962075	bt	-14.787651425616174	-74.60694053826805	17849.659637
59	1	68eac942400d2ab1f3e0a6ed	TimDark777	4	-17.79593283260143	25.211494283199716	bw	29.051316700890833	65.65237010450073	6780.952914
59	1	68eac942400d2ab1f3e0a6ed	TimDark777	5	57.736911424292366	34.032781289898274	ru	37.837668387550615	-92.6737404097936	8287.354431
59	1	5e8fdfa9d51dd65c18f98403	Tbowfr	1	17.88093099950642	102.64831461564738	la	-7.492537257405533	110.6371328122626	2954.618635
59	1	5e8fdfa9d51dd65c18f98403	Tbowfr	2	39.046751263932464	-112.0420878628091	us	-26.30994085124808	-67.11959701879978	8635.303878
59	1	5e8fdfa9d51dd65c18f98403	Tbowfr	3	27.263230441104945	89.32022505962075	bt	46.06298868795743	135.77111589397163	4557.965451
59	1	5e8fdfa9d51dd65c18f98403	Tbowfr	4	-17.79593283260143	25.211494283199716	bw	20.33660444348662	-100.12717158894048	14289.402482
59	1	5e8fdfa9d51dd65c18f98403	Tbowfr	5	57.736911424292366	34.032781289898274	ru	47.6812049306408	20.239535722377035	1448.236864
60	1	695bb8d2900ad6bdf17374c8	Comte	1	42.453932174679046	25.4962673594644	bg	47.9074792005682	25.14113633961759	607.043293
60	1	695bb8d2900ad6bdf17374c8	Comte	2	45.74389023964458	3.85552551587917	fr	44.94606539950076	1.8688690140024056	178.810854
60	1	695bb8d2900ad6bdf17374c8	Comte	3	48.61708366480172	11.776797410901889	de	49.85268499231498	10.569508685372279	162.968295
60	1	695bb8d2900ad6bdf17374c8	Comte	4	17.975240693743626	-66.41533972622344	pr	18.22755684221301	-65.67394645901629	83.230296
60	1	695bb8d2900ad6bdf17374c8	Comte	5	13.8004921	-13.5877919	sn	14.524181096241225	-15.89756652459838	261.704991
60	1	677485108d7eb43c58f713b3	Master__Of__Kitten	1	42.453932174679046	25.4962673594644	bg	46.1927919128972	14.458697691729983	970.343414
60	1	677485108d7eb43c58f713b3	Master__Of__Kitten	2	45.74389023964458	3.85552551587917	fr	44.86612457122101	2.903626501298593	122.751549
60	1	677485108d7eb43c58f713b3	Master__Of__Kitten	3	48.61708366480172	11.776797410901889	de	48.40191201928424	10.217457497109462	117.333627
60	1	677485108d7eb43c58f713b3	Master__Of__Kitten	4	17.975240693743626	-66.41533972622344	pr	18.15637963506373	-66.10840009305358	38.190722
60	1	677485108d7eb43c58f713b3	Master__Of__Kitten	5	13.8004921	-13.5877919	sn	14.139851350052936	-15.796293439587753	241.278265
60	1	68f2e3307b1dd2467d0fc0f5	Etterima	1	42.453932174679046	25.4962673594644	bg	49.791774593605595	30.134064662023185	890.352373
60	1	68f2e3307b1dd2467d0fc0f5	Etterima	2	45.74389023964458	3.85552551587917	fr	46.397808585295465	2.750823223163188	112.023201
60	1	68f2e3307b1dd2467d0fc0f5	Etterima	3	48.61708366480172	11.776797410901889	de	50.50233397954227	9.8785874211586	250.360180
60	1	68f2e3307b1dd2467d0fc0f5	Etterima	4	17.975240693743626	-66.41533972622344	pr	18.00952786852777	-66.6102482800589	20.962606
60	1	68f2e3307b1dd2467d0fc0f5	Etterima	5	13.8004921	-13.5877919	sn	14.66097438934895	-16.260981716787608	303.590909
60	1	5eb9c2e197d6cf4bc8c17c07	Ca_Marsh	1	42.453932174679046	25.4962673594644	bg	50.131800492440014	28.192324894778917	878.351646
60	1	5eb9c2e197d6cf4bc8c17c07	Ca_Marsh	2	45.74389023964458	3.85552551587917	fr	47.72314085863822	5.771057745391386	264.079874
60	1	5eb9c2e197d6cf4bc8c17c07	Ca_Marsh	3	48.61708366480172	11.776797410901889	de	51.44206847517906	10.658389774449994	324.112855
60	1	5eb9c2e197d6cf4bc8c17c07	Ca_Marsh	4	17.975240693743626	-66.41533972622344	pr	18.037836906879143	-67.08031310912158	70.663688
60	1	5eb9c2e197d6cf4bc8c17c07	Ca_Marsh	5	13.8004921	-13.5877919	sn	14.03443501744567	-16.003309897325444	262.001562
60	1	5e8fdfa9d51dd65c18f98403	Tbowfr	1	42.453932174679046	25.4962673594644	bg	49.09879985610795	30.718124558397676	842.091477
60	1	5e8fdfa9d51dd65c18f98403	Tbowfr	2	45.74389023964458	3.85552551587917	fr	45.214275778289895	3.8842549452133657	58.933023
60	1	5e8fdfa9d51dd65c18f98403	Tbowfr	3	48.61708366480172	11.776797410901889	de	51.906152420063265	8.090024639444326	449.805526
60	1	5e8fdfa9d51dd65c18f98403	Tbowfr	4	17.975240693743626	-66.41533972622344	pr	-16.96010565378119	-53.79831696820684	4122.749880
60	1	5e8fdfa9d51dd65c18f98403	Tbowfr	5	13.8004921	-13.5877919	sn	14.75524876643499	-15.687554114427572	249.935105
60	1	66c34181c361d9f3b9a03d9b	OG	1	42.453932174679046	25.4962673594644	bg	24.049143394552146	120.68828352894604	8632.854376
60	1	66c34181c361d9f3b9a03d9b	OG	2	45.74389023964458	3.85552551587917	fr	45.622215134681596	5.798792983328975	151.561618
60	1	66c34181c361d9f3b9a03d9b	OG	3	48.61708366480172	11.776797410901889	de	50.13230045572473	10.073724958330489	208.771123
60	1	66c34181c361d9f3b9a03d9b	OG	4	17.975240693743626	-66.41533972622344	pr	6.037491656479026	6.864658977974032	8035.644656
60	1	66c34181c361d9f3b9a03d9b	OG	5	13.8004921	-13.5877919	sn	13.87107261520162	-14.011981972246739	46.466779
60	1	5e626d0512777c7a20431f1c	LordOozik	1	42.453932174679046	25.4962673594644	bg	49.071698937339356	27.435912118710178	751.016915
60	1	5e626d0512777c7a20431f1c	LordOozik	2	45.74389023964458	3.85552551587917	fr	49.494052042705405	16.169156971330263	1011.185302
60	1	5e626d0512777c7a20431f1c	LordOozik	3	48.61708366480172	11.776797410901889	de	48.07621386438217	12.491346964699307	80.034532
60	1	5e626d0512777c7a20431f1c	LordOozik	4	17.975240693743626	-66.41533972622344	pr	17.469192808922195	-95.72966965605059	3102.199233
60	1	5e626d0512777c7a20431f1c	LordOozik	5	13.8004921	-13.5877919	sn	8.319258839337424	6.73055219906308	2298.246934
60	1	68eac942400d2ab1f3e0a6ed	TimDark777	1	42.453932174679046	25.4962673594644	bg	45.68863203455176	16.462249154283697	805.743365
60	1	68eac942400d2ab1f3e0a6ed	TimDark777	2	45.74389023964458	3.85552551587917	fr	46.086286708855724	2.6875839413348634	98.045713
60	1	68eac942400d2ab1f3e0a6ed	TimDark777	3	48.61708366480172	11.776797410901889	de	51.58367361854666	12.927419759526812	339.913531
60	1	68eac942400d2ab1f3e0a6ed	TimDark777	4	17.975240693743626	-66.41533972622344	pr	36.17919889535334	-109.88216250871403	4705.682297
60	1	68eac942400d2ab1f3e0a6ed	TimDark777	5	13.8004921	-13.5877919	sn	28.7967263462964	74.9127484718395	9130.831027
60	1	64836c81ad20f4a5e20f1cb9	Breeze	1	42.453932174679046	25.4962673594644	bg	38.17935732440627	140.24206163029322	8890.375031
60	1	64836c81ad20f4a5e20f1cb9	Breeze	2	45.74389023964458	3.85552551587917	fr	44.02306929460817	12.196795471207826	684.096742
60	1	64836c81ad20f4a5e20f1cb9	Breeze	3	48.61708366480172	11.776797410901889	de	48.422194893166946	10.819819519235887	73.738412
60	1	64836c81ad20f4a5e20f1cb9	Breeze	4	17.975240693743626	-66.41533972622344	pr	29.55016401826601	-99.39123893861023	3578.499430
60	1	64836c81ad20f4a5e20f1cb9	Breeze	5	13.8004921	-13.5877919	sn	-24.634800992615563	23.655325756926846	5881.499685
61	1	677485108d7eb43c58f713b3	Master__Of__Kitten	1	50.92390062135965	20.94292562058144	pl	51.273891731937496	20.127039331892465	68.994452
61	1	677485108d7eb43c58f713b3	Master__Of__Kitten	2	42.67857477735634	20.0045882439953	me	46.77932450101928	9.733971554237275	929.642929
61	1	677485108d7eb43c58f713b3	Master__Of__Kitten	3	-38.61321111993842	178.02467045355544	nz	-39.25362585451871	176.00846205935565	188.366741
61	1	677485108d7eb43c58f713b3	Master__Of__Kitten	4	10.255407248531373	-85.40117543239946	cr	10.111767706932573	-83.92774372300852	162.045945
61	1	677485108d7eb43c58f713b3	Master__Of__Kitten	5	9.979584852672945	-84.77577635118267	cr	8.59234511292474	-79.88124555399781	558.808373
61	1	695bb8d2900ad6bdf17374c8	Comte	1	50.92390062135965	20.94292562058144	pl	47.546326589220016	25.857590342710363	517.832334
61	1	695bb8d2900ad6bdf17374c8	Comte	2	42.67857477735634	20.0045882439953	me	46.383407687791056	14.375164017968855	607.027684
61	1	695bb8d2900ad6bdf17374c8	Comte	3	-38.61321111993842	178.02467045355544	nz	-41.544314282659926	172.897587499358	544.365399
61	1	695bb8d2900ad6bdf17374c8	Comte	4	10.255407248531373	-85.40117543239946	cr	9.828126483108553	-84.03858885328877	156.573785
61	1	695bb8d2900ad6bdf17374c8	Comte	5	9.979584852672945	-84.77577635118267	cr	8.888402240029235	-79.62818278688606	577.520126
61	1	5eb9c2e197d6cf4bc8c17c07	Ca_Marsh	1	50.92390062135965	20.94292562058144	pl	47.13450092389959	23.869570447954768	472.214444
61	1	5eb9c2e197d6cf4bc8c17c07	Ca_Marsh	2	42.67857477735634	20.0045882439953	me	46.41086883759753	15.177407082971039	564.211097
61	1	5eb9c2e197d6cf4bc8c17c07	Ca_Marsh	3	-38.61321111993842	178.02467045355544	nz	-42.764022251463714	172.86219693199132	634.168933
61	1	5eb9c2e197d6cf4bc8c17c07	Ca_Marsh	4	10.255407248531373	-85.40117543239946	cr	4.396460591791221	-75.3413861491735	1286.145394
61	1	5eb9c2e197d6cf4bc8c17c07	Ca_Marsh	5	9.979584852672945	-84.77577635118267	cr	8.538063520477674	-80.36770051136092	509.617175
61	1	68f2e3307b1dd2467d0fc0f5	Etterima	1	50.92390062135965	20.94292562058144	pl	47.18867796100378	21.828097575676733	420.307550
61	1	68f2e3307b1dd2467d0fc0f5	Etterima	2	42.67857477735634	20.0045882439953	me	47.08690061538718	9.54201965600966	957.866162
61	1	68f2e3307b1dd2467d0fc0f5	Etterima	3	-38.61321111993842	178.02467045355544	nz	-42.58743926297016	172.62593761307335	634.592018
61	1	68f2e3307b1dd2467d0fc0f5	Etterima	4	10.255407248531373	-85.40117543239946	cr	10.304167554605389	-83.7675892200979	178.812740
61	1	68f2e3307b1dd2467d0fc0f5	Etterima	5	9.979584852672945	-84.77577635118267	cr	19.241414401259316	-70.38057038455105	1858.130832
61	1	66c34181c361d9f3b9a03d9b	OG	1	50.92390062135965	20.94292562058144	pl	51.59328373137934	19.782310712755624	109.828287
61	1	66c34181c361d9f3b9a03d9b	OG	2	42.67857477735634	20.0045882439953	me	47.26780988516768	12.06467260892885	805.830118
61	1	66c34181c361d9f3b9a03d9b	OG	3	-38.61321111993842	178.02467045355544	nz	46.981031852065286	3.6300830346776136	18978.980242
61	1	66c34181c361d9f3b9a03d9b	OG	4	10.255407248531373	-85.40117543239946	cr	9.6178402648901	-83.82816159308089	186.302261
61	1	66c34181c361d9f3b9a03d9b	OG	5	9.979584852672945	-84.77577635118267	cr	8.864234681450883	-79.7092567346063	569.426849
61	1	5e8fdfa9d51dd65c18f98403	Tbowfr	1	50.92390062135965	20.94292562058144	pl	44.28891800039936	21.500097976103234	738.951870
61	1	5e8fdfa9d51dd65c18f98403	Tbowfr	2	42.67857477735634	20.0045882439953	me	45.19829015626823	5.876407539473574	1163.743718
61	1	5e8fdfa9d51dd65c18f98403	Tbowfr	3	-38.61321111993842	178.02467045355544	nz	46.183570650970914	20.734778632452375	17978.509611
61	1	5e8fdfa9d51dd65c18f98403	Tbowfr	4	10.255407248531373	-85.40117543239946	cr	9.911358779078633	-84.10691308960212	146.765884
61	1	5e8fdfa9d51dd65c18f98403	Tbowfr	5	9.979584852672945	-84.77577635118267	cr	8.926834704633396	-79.5755383612022	582.262175
61	1	68b35047b844e7bdfaf0920f	WiljanGeo	1	50.92390062135965	20.94292562058144	pl	47.76564877092348	22.81412076396029	376.403654
61	1	68b35047b844e7bdfaf0920f	WiljanGeo	2	42.67857477735634	20.0045882439953	me	50.9905821149813	-117.02524121922129	8801.671826
61	1	68b35047b844e7bdfaf0920f	WiljanGeo	3	-38.61321111993842	178.02467045355544	nz	24.384256884349266	-100.35733992760545	10991.972222
61	1	68b35047b844e7bdfaf0920f	WiljanGeo	4	10.255407248531373	-85.40117543239946	cr	0.9887107599423117	-73.6430195318912	1658.582781
61	1	68b35047b844e7bdfaf0920f	WiljanGeo	5	9.979584852672945	-84.77577635118267	cr	9.529299433029932	-84.47883007947254	59.715136
61	1	64836c81ad20f4a5e20f1cb9	Breeze	1	50.92390062135965	20.94292562058144	pl	48.25041122874857	18.03349192924809	363.751550
61	1	64836c81ad20f4a5e20f1cb9	Breeze	2	42.67857477735634	20.0045882439953	me	46.77350945759065	9.435893306356146	949.902215
61	1	64836c81ad20f4a5e20f1cb9	Breeze	3	-38.61321111993842	178.02467045355544	nz	35.281338939529434	-108.57321606180588	11149.248236
61	1	64836c81ad20f4a5e20f1cb9	Breeze	4	10.255407248531373	-85.40117543239946	cr	-5.83775241436214	-46.02579488143779	4713.266066
61	1	64836c81ad20f4a5e20f1cb9	Breeze	5	9.979584852672945	-84.77577635118267	cr	18.21442014664891	-66.72751675301257	2148.818729
61	1	5e626d0512777c7a20431f1c	LordOozik	1	50.92390062135965	20.94292562058144	pl	48.54149263127764	17.87642478582072	344.540979
61	1	5e626d0512777c7a20431f1c	LordOozik	2	42.67857477735634	20.0045882439953	me	64.35724925610005	17.13349837294932	2417.436903
61	1	5e626d0512777c7a20431f1c	LordOozik	3	-38.61321111993842	178.02467045355544	nz	56.19739442178856	9.832185588467896	17874.332232
61	1	5e626d0512777c7a20431f1c	LordOozik	4	10.255407248531373	-85.40117543239946	cr	-2.103338156475672	29.98115527229419	12825.712335
61	1	5e626d0512777c7a20431f1c	LordOozik	5	9.979584852672945	-84.77577635118267	cr	18.776679826497375	102.48324727440404	16719.922475
61	1	68eac942400d2ab1f3e0a6ed	TimDark777	1	50.92390062135965	20.94292562058144	pl	32.40605893388144	-81.62706718192936	8064.907290
61	1	68eac942400d2ab1f3e0a6ed	TimDark777	2	42.67857477735634	20.0045882439953	me	59.661616603047115	11.445931110077838	1976.628522
61	1	68eac942400d2ab1f3e0a6ed	TimDark777	3	-38.61321111993842	178.02467045355544	nz	32.3650561179633	-81.96678981095823	12972.533722
61	1	68eac942400d2ab1f3e0a6ed	TimDark777	4	10.255407248531373	-85.40117543239946	cr	45.5361740316213	19.317628891687338	10313.869351
61	1	68eac942400d2ab1f3e0a6ed	TimDark777	5	9.979584852672945	-84.77577635118267	cr	49.00598735451599	14.056153367130833	9806.135529
48	1	695bb8d2900ad6bdf17374c8	Comte	1	61.1685337	13.0984171	se	64.25764186289551	16.390435728455735	382.178282
48	1	695bb8d2900ad6bdf17374c8	Comte	2	5.3392753170827305	101.97587737534134	my	21.180653848621077	104.63668960047816	1784.693139
48	1	695bb8d2900ad6bdf17374c8	Comte	3	6.729840514723377	4.387989866545617	ng	5.666796411639479	8.533989430712747	473.309125
48	1	695bb8d2900ad6bdf17374c8	Comte	4	48.22966141109006	17.573013535593144	sk	47.7997441191342	22.883057550865985	397.776060
48	1	695bb8d2900ad6bdf17374c8	Comte	5	52.64026673554546	4.877708012778962	nl	53.146443974915435	7.00991855499518	153.704944
48	1	5eb9c2e197d6cf4bc8c17c07	Ca_Marsh	1	61.1685337	13.0984171	se	63.05407100058539	11.598477889676913	223.691414
48	1	5eb9c2e197d6cf4bc8c17c07	Ca_Marsh	2	5.3392753170827305	101.97587737534134	my	4.033744584471055	103.14547954868323	194.612964
48	1	5eb9c2e197d6cf4bc8c17c07	Ca_Marsh	3	6.729840514723377	4.387989866545617	ng	-17.58468536880679	-52.772390047631745	6832.512748
48	1	5eb9c2e197d6cf4bc8c17c07	Ca_Marsh	4	48.22966141109006	17.573013535593144	sk	47.49686005915147	21.483584911328304	302.859260
48	1	5eb9c2e197d6cf4bc8c17c07	Ca_Marsh	5	52.64026673554546	4.877708012778962	nl	52.00163062569256	5.317171552569411	77.038609
48	1	677485108d7eb43c58f713b3	Master__Of__Kitten	1	61.1685337	13.0984171	se	64.32699726286008	13.065373296223513	351.209142
48	1	677485108d7eb43c58f713b3	Master__Of__Kitten	2	5.3392753170827305	101.97587737534134	my	13.421777718812834	106.42911865396736	1022.730128
48	1	677485108d7eb43c58f713b3	Master__Of__Kitten	3	6.729840514723377	4.387989866545617	ng	8.4792211380523	-81.62043952439963	9461.172911
48	1	677485108d7eb43c58f713b3	Master__Of__Kitten	4	48.22966141109006	17.573013535593144	sk	45.669562111845515	22.619529825593457	477.089727
48	1	677485108d7eb43c58f713b3	Master__Of__Kitten	5	52.64026673554546	4.877708012778962	nl	51.519849678552966	5.522741539072431	132.151126
48	1	66c34181c361d9f3b9a03d9b	OG	1	61.1685337	13.0984171	se	62.611077478403374	12.86874597733803	160.853970
48	1	66c34181c361d9f3b9a03d9b	OG	2	5.3392753170827305	101.97587737534134	my	21.497128675301788	104.7008652922396	1820.499741
48	1	66c34181c361d9f3b9a03d9b	OG	3	6.729840514723377	4.387989866545617	ng	16.64012652620015	-94.44499439710293	10726.138609
48	1	66c34181c361d9f3b9a03d9b	OG	4	48.22966141109006	17.573013535593144	sk	45.74068333413585	16.295575366678218	293.223644
48	1	66c34181c361d9f3b9a03d9b	OG	5	52.64026673554546	4.877708012778962	nl	52.52366675411449	6.143219385693608	86.480395
48	1	5e626d0512777c7a20431f1c	LordOozik	1	61.1685337	13.0984171	se	63.50894690922758	26.418050356665884	733.512073
48	1	5e626d0512777c7a20431f1c	LordOozik	2	5.3392753170827305	101.97587737534134	my	-7.720859404345509	110.95332026961836	1760.876250
48	1	5e626d0512777c7a20431f1c	LordOozik	3	6.729840514723377	4.387989866545617	ng	14.149321821965907	-90.0879824948508	10303.936325
48	1	5e626d0512777c7a20431f1c	LordOozik	4	48.22966141109006	17.573013535593144	sk	48.88523025867582	17.733091436457112	73.841757
48	1	5e626d0512777c7a20431f1c	LordOozik	5	52.64026673554546	4.877708012778962	nl	52.213749496959835	10.421958640549507	378.802892
48	1	64836c81ad20f4a5e20f1cb9	Breeze	1	61.1685337	13.0984171	se	64.43406924965619	12.689483386485033	363.703331
48	1	64836c81ad20f4a5e20f1cb9	Breeze	2	5.3392753170827305	101.97587737534134	my	-4.809294766716942	-52.75882323273842	17216.294609
48	1	64836c81ad20f4a5e20f1cb9	Breeze	3	6.729840514723377	4.387989866545617	ng	15.239766678719198	120.88861071073313	12606.715307
48	1	64836c81ad20f4a5e20f1cb9	Breeze	4	48.22966141109006	17.573013535593144	sk	44.84689613488611	18.50090267096123	382.774983
48	1	64836c81ad20f4a5e20f1cb9	Breeze	5	52.64026673554546	4.877708012778962	nl	52.93820194564259	5.786173365866039	69.493730
48	1	5e8fdfa9d51dd65c18f98403	Tbowfr	1	61.1685337	13.0984171	se	63.97621848136132	27.616404325858614	804.205320
48	1	5e8fdfa9d51dd65c18f98403	Tbowfr	2	5.3392753170827305	101.97587737534134	my	-2.7596533232215372	113.07820902481221	1527.002805
48	1	5e8fdfa9d51dd65c18f98403	Tbowfr	3	6.729840514723377	4.387989866545617	ng	-29.478871352245744	-58.142637828396424	7789.738539
48	1	5e8fdfa9d51dd65c18f98403	Tbowfr	4	48.22966141109006	17.573013535593144	sk	43.95663383147082	11.424321741131598	670.829429
48	1	5e8fdfa9d51dd65c18f98403	Tbowfr	5	52.64026673554546	4.877708012778962	nl	56.91531234336908	25.516247765457045	1399.820199
62	1	695bb8d2900ad6bdf17374c8	Comte	1	22.186946853098252	113.53414226480244	mo	22.21025763933339	113.54777891331891	2.947832
62	1	695bb8d2900ad6bdf17374c8	Comte	2	-13.7560646	-76.2311777	pe	-6.850337397900294	-79.93718852595438	868.220730
62	1	695bb8d2900ad6bdf17374c8	Comte	3	43.1758694	16.4295252	hr	39.44939784866664	20.40001136111396	530.584902
62	1	695bb8d2900ad6bdf17374c8	Comte	4	34.699666020013694	33.10061099303011	cy	34.68372392685512	33.058973093940246	4.199341
62	1	695bb8d2900ad6bdf17374c8	Comte	5	32.36751492286182	-64.66966719377098	bm	32.362316279810464	-64.65976541506542	1.095005
62	1	677485108d7eb43c58f713b3	Master__Of__Kitten	1	22.186946853098252	113.53414226480244	mo	3.149031807913844	101.69159447287885	2472.682877
62	1	677485108d7eb43c58f713b3	Master__Of__Kitten	2	-13.7560646	-76.2311777	pe	-5.278995651004937	-81.11947230192904	1084.115890
62	1	677485108d7eb43c58f713b3	Master__Of__Kitten	3	43.1758694	16.4295252	hr	43.56052599832263	16.661715030524945	46.708613
62	1	677485108d7eb43c58f713b3	Master__Of__Kitten	4	34.699666020013694	33.10061099303011	cy	34.67637679849021	33.04747689800204	5.505240
62	1	677485108d7eb43c58f713b3	Master__Of__Kitten	5	32.36751492286182	-64.66966719377098	bm	32.31438087416206	-64.7464868633631	9.326912
62	1	68f2e3307b1dd2467d0fc0f5	Etterima	1	22.186946853098252	113.53414226480244	mo	22.415201038175102	114.12712418736078	66.073755
62	1	68f2e3307b1dd2467d0fc0f5	Etterima	2	-13.7560646	-76.2311777	pe	18.23385170987179	-67.12776509516341	3694.497766
62	1	68f2e3307b1dd2467d0fc0f5	Etterima	3	43.1758694	16.4295252	hr	41.351125931611	-0.25044146061050654	1385.147222
62	1	68f2e3307b1dd2467d0fc0f5	Etterima	4	34.699666020013694	33.10061099303011	cy	34.93420075678175	33.627480170935485	54.712468
62	1	68f2e3307b1dd2467d0fc0f5	Etterima	5	32.36751492286182	-64.66966719377098	bm	32.30214463885904	-64.74880008736974	10.397671
62	1	5eb9c2e197d6cf4bc8c17c07	Ca_Marsh	1	22.186946853098252	113.53414226480244	mo	22.441398805894437	114.02581082004086	57.953144
62	1	5eb9c2e197d6cf4bc8c17c07	Ca_Marsh	2	-13.7560646	-76.2311777	pe	20.932968056110823	58.20996460216578	15130.057900
62	1	5eb9c2e197d6cf4bc8c17c07	Ca_Marsh	3	43.1758694	16.4295252	hr	37.311928892173206	-6.940791847149412	2079.882431
62	1	5eb9c2e197d6cf4bc8c17c07	Ca_Marsh	4	34.699666020013694	33.10061099303011	cy	34.67913682365741	33.0519765603026	4.998355
62	1	5eb9c2e197d6cf4bc8c17c07	Ca_Marsh	5	32.36751492286182	-64.66966719377098	bm	32.30193545040353	-64.76762666962642	11.742249
62	1	5e8fdfa9d51dd65c18f98403	Tbowfr	1	22.186946853098252	113.53414226480244	mo	1.297000152011014	103.84163339616734	2548.533019
62	1	5e8fdfa9d51dd65c18f98403	Tbowfr	2	-13.7560646	-76.2311777	pe	31.2734384029863	35.405202400052005	12836.180874
62	1	5e8fdfa9d51dd65c18f98403	Tbowfr	3	43.1758694	16.4295252	hr	42.816678815220726	17.815281716003287	119.566607
62	1	5e8fdfa9d51dd65c18f98403	Tbowfr	4	34.699666020013694	33.10061099303011	cy	35.170573486120766	33.37244574419895	57.929828
62	1	5e8fdfa9d51dd65c18f98403	Tbowfr	5	32.36751492286182	-64.66966719377098	bm	12.132923317551835	-68.90491471085502	2291.160902
62	1	66c34181c361d9f3b9a03d9b	OG	1	22.186946853098252	113.53414226480244	mo	1.3394134771763035	103.79424524759435	2546.328333
62	1	66c34181c361d9f3b9a03d9b	OG	2	-13.7560646	-76.2311777	pe	11.949872256501912	-72.20643575934574	2892.600719
62	1	66c34181c361d9f3b9a03d9b	OG	3	43.1758694	16.4295252	hr	37.26753719105198	22.336977397940466	826.066989
62	1	66c34181c361d9f3b9a03d9b	OG	4	34.699666020013694	33.10061099303011	cy	35.18789328959011	25.71516917665844	675.196871
62	1	66c34181c361d9f3b9a03d9b	OG	5	32.36751492286182	-64.66966719377098	bm	18.432001101500315	-64.6158149069184	1549.567800
62	1	68eac942400d2ab1f3e0a6ed	TimDark777	1	22.186946853098252	113.53414226480244	mo	16.66123586653616	-92.33966488519263	14857.998446
62	1	68eac942400d2ab1f3e0a6ed	TimDark777	2	-13.7560646	-76.2311777	pe	-24.87717818516144	-47.68865813073023	3231.157699
62	1	68eac942400d2ab1f3e0a6ed	TimDark777	3	43.1758694	16.4295252	hr	39.71454432974744	-8.827559147690103	2131.610645
62	1	68eac942400d2ab1f3e0a6ed	TimDark777	4	34.699666020013694	33.10061099303011	cy	34.73774988842602	33.28270401686542	17.173167
62	1	68eac942400d2ab1f3e0a6ed	TimDark777	5	32.36751492286182	-64.66966719377098	bm	27.967176946636904	-82.79746321153817	1807.485858
62	1	5e626d0512777c7a20431f1c	LordOozik	1	22.186946853098252	113.53414226480244	mo	37.926108546713245	37.5801586870925	7320.441883
62	1	5e626d0512777c7a20431f1c	LordOozik	2	-13.7560646	-76.2311777	pe	14.359257909620176	43.10628121682137	13491.559051
62	1	5e626d0512777c7a20431f1c	LordOozik	3	43.1758694	16.4295252	hr	40.9618483566404	-3.5767940180129854	1665.562078
62	1	5e626d0512777c7a20431f1c	LordOozik	4	34.699666020013694	33.10061099303011	cy	36.15526132824406	27.91145270112618	497.172823
62	1	5e626d0512777c7a20431f1c	LordOozik	5	32.36751492286182	-64.66966719377098	bm	-37.21302620740076	149.30869592530973	16882.969238
63	1	5e626d0512777c7a20431f1c	LordOozik	1	53.93663615717828	32.82616233663404	ru	51.61964332135824	33.480469960363095	261.366606
63	1	5e626d0512777c7a20431f1c	LordOozik	2	37.10344930950519	-98.39358773269541	us	32.181876987346506	-99.27606475274165	553.167606
63	1	5e626d0512777c7a20431f1c	LordOozik	3	53.26614004978444	-109.41714363337165	ca	38.85999387970814	-101.24431750844651	1718.843046
63	1	5e626d0512777c7a20431f1c	LordOozik	4	52.56990247702876	32.07255144218901	ru	52.51720037705756	32.01246909100389	7.130926
63	1	5e626d0512777c7a20431f1c	LordOozik	5	14.937978566869052	105.28045736937116	th	14.53313931186128	101.13096633770107	448.484366
63	1	66c34181c361d9f3b9a03d9b	OG	1	53.93663615717828	32.82616233663404	ru	53.86657061587798	51.92659908791832	1247.559126
63	1	66c34181c361d9f3b9a03d9b	OG	2	37.10344930950519	-98.39358773269541	us	37.29455895348411	-96.00842551712091	212.317100
63	1	66c34181c361d9f3b9a03d9b	OG	3	53.26614004978444	-109.41714363337165	ca	44.2911414550961	-98.41629290786253	1279.865141
63	1	66c34181c361d9f3b9a03d9b	OG	4	52.56990247702876	32.07255144218901	ru	52.61879089008633	32.20779674276377	10.630357
63	1	66c34181c361d9f3b9a03d9b	OG	5	14.937978566869052	105.28045736937116	th	15.092050980311052	101.31749205939654	425.955369
63	1	64836c81ad20f4a5e20f1cb9	Breeze	1	53.93663615717828	32.82616233663404	ru	55.86774332293937	48.365987999219655	1014.144769
63	1	64836c81ad20f4a5e20f1cb9	Breeze	2	37.10344930950519	-98.39358773269541	us	34.33234410368904	-99.34932227642805	319.979451
63	1	64836c81ad20f4a5e20f1cb9	Breeze	3	53.26614004978444	-109.41714363337165	ca	41.61986683145031	-111.82218627687881	1307.378139
63	1	64836c81ad20f4a5e20f1cb9	Breeze	4	52.56990247702876	32.07255144218901	ru	53.072187911776254	36.618725475793525	310.491551
63	1	64836c81ad20f4a5e20f1cb9	Breeze	5	14.937978566869052	105.28045736937116	th	14.558072171590346	102.19741515609363	334.201654
63	1	695bb8d2900ad6bdf17374c8	Comte	1	53.93663615717828	32.82616233663404	ru	60.02182611116583	30.653225536217274	689.237134
63	1	695bb8d2900ad6bdf17374c8	Comte	2	37.10344930950519	-98.39358773269541	us	44.290799828090506	-100.50318028589872	818.663774
63	1	695bb8d2900ad6bdf17374c8	Comte	3	53.26614004978444	-109.41714363337165	ca	49.81399464944894	-109.72731402829994	384.458923
63	1	695bb8d2900ad6bdf17374c8	Comte	4	52.56990247702876	32.07255144218901	ru	54.89930082417177	58.378737702994044	1738.961628
63	1	695bb8d2900ad6bdf17374c8	Comte	5	14.937978566869052	105.28045736937116	th	16.17819414836839	100.12904366256213	568.767847
63	1	677485108d7eb43c58f713b3	Master__Of__Kitten	1	53.93663615717828	32.82616233663404	ru	52.708156465085175	37.23041545055937	322.770286
63	1	677485108d7eb43c58f713b3	Master__Of__Kitten	2	37.10344930950519	-98.39358773269541	us	39.24475439036354	-94.65474904354633	404.301139
63	1	677485108d7eb43c58f713b3	Master__Of__Kitten	3	53.26614004978444	-109.41714363337165	ca	46.90866618048831	-83.3403934669556	1976.599288
63	1	677485108d7eb43c58f713b3	Master__Of__Kitten	4	52.56990247702876	32.07255144218901	ru	56.697706207789174	123.43734087422492	5451.201281
63	1	677485108d7eb43c58f713b3	Master__Of__Kitten	5	14.937978566869052	105.28045736937116	th	16.464541673785	102.69435063497328	324.719902
63	1	5e8fdfa9d51dd65c18f98403	Tbowfr	1	53.93663615717828	32.82616233663404	ru	53.27786113515145	42.6679168777573	652.879860
63	1	5e8fdfa9d51dd65c18f98403	Tbowfr	2	37.10344930950519	-98.39358773269541	us	44.03367609400223	-103.35370203298208	876.717616
63	1	5e8fdfa9d51dd65c18f98403	Tbowfr	3	53.26614004978444	-109.41714363337165	ca	44.47433650508315	-104.23260828298208	1047.879372
63	1	5e8fdfa9d51dd65c18f98403	Tbowfr	4	52.56990247702876	32.07255144218901	ru	53.983842826142265	97.90489583724168	4219.061302
63	1	5e8fdfa9d51dd65c18f98403	Tbowfr	5	14.937978566869052	105.28045736937116	th	14.789244535968129	100.97791183125774	462.701227
63	1	5eb9c2e197d6cf4bc8c17c07	Ca_Marsh	1	53.93663615717828	32.82616233663404	ru	57.18447132741454	65.56685680956849	2069.411094
63	1	5eb9c2e197d6cf4bc8c17c07	Ca_Marsh	2	37.10344930950519	-98.39358773269541	us	42.44741764515897	-93.5808314581413	722.389517
63	1	5eb9c2e197d6cf4bc8c17c07	Ca_Marsh	3	53.26614004978444	-109.41714363337165	ca	37.76848103215817	-96.96247821312163	1971.214738
63	1	5eb9c2e197d6cf4bc8c17c07	Ca_Marsh	4	52.56990247702876	32.07255144218901	ru	54.24033508963609	45.13151250770046	883.995450
63	1	5eb9c2e197d6cf4bc8c17c07	Ca_Marsh	5	14.937978566869052	105.28045736937116	th	14.106263273519696	100.56621934490431	515.796108
63	1	68f2e3307b1dd2467d0fc0f5	Etterima	1	53.93663615717828	32.82616233663404	ru	55.16650390782258	61.45270093124355	1838.143273
63	1	68f2e3307b1dd2467d0fc0f5	Etterima	2	37.10344930950519	-98.39358773269541	us	39.591208043265716	-93.84835175008313	483.250045
63	1	68f2e3307b1dd2467d0fc0f5	Etterima	3	53.26614004978444	-109.41714363337165	ca	39.4913717193177	-95.4270877484667	1863.028107
63	1	68f2e3307b1dd2467d0fc0f5	Etterima	4	52.56990247702876	32.07255144218901	ru	56.692901467504925	60.039396003503946	1843.309652
63	1	68f2e3307b1dd2467d0fc0f5	Etterima	5	14.937978566869052	105.28045736937116	th	14.054207354789359	101.82630735715378	384.614781
63	1	68eac942400d2ab1f3e0a6ed	TimDark777	1	53.93663615717828	32.82616233663404	ru	5.357974360986839	102.1767958554512	8185.063050
63	1	68eac942400d2ab1f3e0a6ed	TimDark777	2	37.10344930950519	-98.39358773269541	us	-33.88709361362534	146.43144844316834	14251.766769
63	1	68eac942400d2ab1f3e0a6ed	TimDark777	3	53.26614004978444	-109.41714363337165	ca	-9.815471836320702	-50.79510625170007	8917.652919
63	1	68eac942400d2ab1f3e0a6ed	TimDark777	4	52.56990247702876	32.07255144218901	ru	51.45886091620116	33.22681190902733	146.633392
63	1	68eac942400d2ab1f3e0a6ed	TimDark777	5	14.937978566869052	105.28045736937116	th	12.452170258708069	99.50930120457994	681.936619
64	1	677485108d7eb43c58f713b3	Master__Of__Kitten	1	34.39145832519949	-98.76673431484332	us	39.06987113233355	-98.80567736958395	520.227328
64	1	677485108d7eb43c58f713b3	Master__Of__Kitten	2	35.103416244911585	138.36676999604907	jp	35.40988917883122	137.03069019678267	126.008958
64	1	677485108d7eb43c58f713b3	Master__Of__Kitten	3	-17.93687315885564	-65.33260354182478	bo	-16.062835796639646	-68.17949998604158	367.499831
64	1	677485108d7eb43c58f713b3	Master__Of__Kitten	4	56.52689418637665	26.760990779951467	lv	55.561606349141414	24.254746943610623	189.059005
64	1	677485108d7eb43c58f713b3	Master__Of__Kitten	5	38.396727724107734	37.91408804074644	tr	37.9655616729291	42.86333883847394	435.188472
64	1	66c34181c361d9f3b9a03d9b	OG	1	34.39145832519949	-98.76673431484332	us	40.04377859409401	-95.43249121527535	694.256140
64	1	66c34181c361d9f3b9a03d9b	OG	2	35.103416244911585	138.36676999604907	jp	37.200129750698565	139.6161560359738	258.719492
64	1	66c34181c361d9f3b9a03d9b	OG	3	-17.93687315885564	-65.33260354182478	bo	-17.805973723215534	-63.08492101328868	238.314528
64	1	66c34181c361d9f3b9a03d9b	OG	4	56.52689418637665	26.760990779951467	lv	56.943245693439415	25.305174946687846	100.134367
64	1	66c34181c361d9f3b9a03d9b	OG	5	38.396727724107734	37.91408804074644	tr	38.252257799678596	30.28743091249386	665.305787
64	1	695bb8d2900ad6bdf17374c8	Comte	1	34.39145832519949	-98.76673431484332	us	48.8209126729833	-100.59916275412948	1611.570422
64	1	695bb8d2900ad6bdf17374c8	Comte	2	35.103416244911585	138.36676999604907	jp	35.326462412277614	135.29225257396908	280.393991
64	1	695bb8d2900ad6bdf17374c8	Comte	3	-17.93687315885564	-65.33260354182478	bo	-24.219050346312056	-66.31991773991727	706.006602
64	1	695bb8d2900ad6bdf17374c8	Comte	4	56.52689418637665	26.760990779951467	lv	56.43720331368224	26.793385815713204	10.169595
64	1	695bb8d2900ad6bdf17374c8	Comte	5	38.396727724107734	37.91408804074644	tr	38.34672831711369	42.02808297641521	358.658307
64	1	5e8fdfa9d51dd65c18f98403	Tbowfr	1	34.39145832519949	-98.76673431484332	us	40.06536157154128	-100.50648976009111	649.398769
64	1	5e8fdfa9d51dd65c18f98403	Tbowfr	2	35.103416244911585	138.36676999604907	jp	36.33735835086713	138.60228279957897	138.845453
64	1	5e8fdfa9d51dd65c18f98403	Tbowfr	3	-17.93687315885564	-65.33260354182478	bo	-12.946537891980599	-74.15311998361922	1095.837235
64	1	5e8fdfa9d51dd65c18f98403	Tbowfr	4	56.52689418637665	26.760990779951467	lv	47.34754461419622	21.978329217017905	1071.413577
64	1	5e8fdfa9d51dd65c18f98403	Tbowfr	5	38.396727724107734	37.91408804074644	tr	39.26254660369634	35.50748565591288	229.612234
64	1	68f2e3307b1dd2467d0fc0f5	Etterima	1	34.39145832519949	-98.76673431484332	us	39.86104557503354	-94.1459494350794	733.034258
64	1	68f2e3307b1dd2467d0fc0f5	Etterima	2	35.103416244911585	138.36676999604907	jp	36.99858631434169	140.06431879365024	260.177491
64	1	68f2e3307b1dd2467d0fc0f5	Etterima	3	-17.93687315885564	-65.33260354182478	bo	-16.877414576121016	-67.67943007856915	275.460350
64	1	68f2e3307b1dd2467d0fc0f5	Etterima	4	56.52689418637665	26.760990779951467	lv	50.934205229451926	38.01854123408025	964.943221
64	1	68f2e3307b1dd2467d0fc0f5	Etterima	5	38.396727724107734	37.91408804074644	tr	40.27973535454972	21.43800480925615	1430.191155
64	1	5eb9c2e197d6cf4bc8c17c07	Ca_Marsh	1	34.39145832519949	-98.76673431484332	us	46.864667344883216	-101.5159320500018	1405.984060
64	1	5eb9c2e197d6cf4bc8c17c07	Ca_Marsh	2	35.103416244911585	138.36676999604907	jp	37.15780534176755	139.73691919825103	259.463177
64	1	5eb9c2e197d6cf4bc8c17c07	Ca_Marsh	3	-17.93687315885564	-65.33260354182478	bo	-11.114379374758595	-75.49757454893435	1330.717853
64	1	5eb9c2e197d6cf4bc8c17c07	Ca_Marsh	4	56.52689418637665	26.760990779951467	lv	53.38338994158796	34.61105873249787	610.489779
64	1	5eb9c2e197d6cf4bc8c17c07	Ca_Marsh	5	38.396727724107734	37.91408804074644	tr	21.95413129870371	-100.82115239608325	12043.651569
64	1	5e626d0512777c7a20431f1c	LordOozik	1	34.39145832519949	-98.76673431484332	us	50.5716414079824	-113.0149566600677	2137.036395
64	1	5e626d0512777c7a20431f1c	LordOozik	2	35.103416244911585	138.36676999604907	jp	37.347231878128234	139.55519344474433	271.313265
64	1	5e626d0512777c7a20431f1c	LordOozik	3	-17.93687315885564	-65.33260354182478	bo	1.981218225008899	-72.76775767334246	2359.759003
64	1	5e626d0512777c7a20431f1c	LordOozik	4	56.52689418637665	26.760990779951467	lv	52.09252981982704	20.654732254348893	631.987185
64	1	5e626d0512777c7a20431f1c	LordOozik	5	38.396727724107734	37.91408804074644	tr	42.37287197189714	-2.4458124935559056	3414.505425
64	1	68eac942400d2ab1f3e0a6ed	TimDark777	1	34.39145832519949	-98.76673431484332	us	35.19820019043918	-100.78576294557037	205.023804
64	1	68eac942400d2ab1f3e0a6ed	TimDark777	2	35.103416244911585	138.36676999604907	jp	18.63302101501775	98.57806932167097	4313.428857
64	1	68eac942400d2ab1f3e0a6ed	TimDark777	3	-17.93687315885564	-65.33260354182478	bo	49.36929552269062	19.5173909657218	11148.389946
64	1	68eac942400d2ab1f3e0a6ed	TimDark777	4	56.52689418637665	26.760990779951467	lv	-44.604771873794036	172.09550992752733	17271.849114
64	1	68eac942400d2ab1f3e0a6ed	TimDark777	5	38.396727724107734	37.91408804074644	tr	6.993730774485524	-66.96698061170711	10800.540267
65	1	695bb8d2900ad6bdf17374c8	Comte	1	18.81919595605935	99.30205485637212	th	18.980175074848304	99.25309978647543	18.626204
65	1	695bb8d2900ad6bdf17374c8	Comte	2	69.74036871632099	21.958472404522	no	67.42566013413185	15.681512464827385	361.890803
65	1	695bb8d2900ad6bdf17374c8	Comte	3	-1.00030497564923	-80.6854567414891	ec	-1.7433190719430913	-79.12483098601074	192.151542
65	1	695bb8d2900ad6bdf17374c8	Comte	4	6.850113694495396	-1.7905244868337145	gh	6.603542575429954	-2.0372163180066027	38.650287
65	1	695bb8d2900ad6bdf17374c8	Comte	5	40.26132231187864	20.31959317086992	al	42.534705051470795	19.71025885092764	257.845216
65	1	66c34181c361d9f3b9a03d9b	OG	1	18.81919595605935	99.30205485637212	th	15.191097520292294	100.46481983516644	421.939658
65	1	66c34181c361d9f3b9a03d9b	OG	2	69.74036871632099	21.958472404522	no	62.244879958552644	7.058293843917154	1066.062803
65	1	66c34181c361d9f3b9a03d9b	OG	3	-1.00030497564923	-80.6854567414891	ec	-0.864363239323875	-78.84061595844801	205.665978
65	1	66c34181c361d9f3b9a03d9b	OG	4	6.850113694495396	-1.7905244868337145	gh	7.221741630349486	0.31484383544050143	235.988864
65	1	66c34181c361d9f3b9a03d9b	OG	5	40.26132231187864	20.31959317086992	al	42.59462312913455	19.058689461602803	279.930130
65	1	677485108d7eb43c58f713b3	Master__Of__Kitten	1	18.81919595605935	99.30205485637212	th	17.47902145967822	99.62729177373033	152.931536
65	1	677485108d7eb43c58f713b3	Master__Of__Kitten	2	69.74036871632099	21.958472404522	no	69.08955396797982	19.359202242906747	124.738730
65	1	677485108d7eb43c58f713b3	Master__Of__Kitten	3	-1.00030497564923	-80.6854567414891	ec	18.32690164493676	-97.97101780894194	2862.114568
65	1	677485108d7eb43c58f713b3	Master__Of__Kitten	4	6.850113694495396	-1.7905244868337145	gh	7.231491839294896	-1.9084661825318872	44.359736
65	1	677485108d7eb43c58f713b3	Master__Of__Kitten	5	40.26132231187864	20.31959317086992	al	41.66032157114373	20.06010616883241	157.079927
65	1	5eb9c2e197d6cf4bc8c17c07	Ca_Marsh	1	18.81919595605935	99.30205485637212	th	15.984268182857026	100.63461250679349	345.479390
65	1	5eb9c2e197d6cf4bc8c17c07	Ca_Marsh	2	69.74036871632099	21.958472404522	no	63.2492150698726	10.466043920818802	880.523872
65	1	5eb9c2e197d6cf4bc8c17c07	Ca_Marsh	3	-1.00030497564923	-80.6854567414891	ec	17.98486795247833	-94.57098091572813	2601.039782
65	1	5eb9c2e197d6cf4bc8c17c07	Ca_Marsh	4	6.850113694495396	-1.7905244868337145	gh	7.205644276350902	-2.15574144558202	56.456832
65	1	5eb9c2e197d6cf4bc8c17c07	Ca_Marsh	5	40.26132231187864	20.31959317086992	al	41.640861076230465	20.015029573513985	155.515218
65	1	5e8fdfa9d51dd65c18f98403	Tbowfr	1	18.81919595605935	99.30205485637212	th	16.689483355631033	100.16921763546424	253.992681
65	1	5e8fdfa9d51dd65c18f98403	Tbowfr	2	69.74036871632099	21.958472404522	no	59.338875870111906	6.72691532464246	1358.152520
65	1	5e8fdfa9d51dd65c18f98403	Tbowfr	3	-1.00030497564923	-80.6854567414891	ec	-15.340628002437159	-69.94725604930991	1982.860487
65	1	5e8fdfa9d51dd65c18f98403	Tbowfr	4	6.850113694495396	-1.7905244868337145	gh	7.454873088966833	-1.3745352284527468	81.415388
65	1	5e8fdfa9d51dd65c18f98403	Tbowfr	5	40.26132231187864	20.31959317086992	al	42.91920205193546	19.38408270974786	305.605548
65	1	5e626d0512777c7a20431f1c	LordOozik	1	18.81919595605935	99.30205485637212	th	15.583169171842135	100.88849772433713	397.321813
65	1	5e626d0512777c7a20431f1c	LordOozik	2	69.74036871632099	21.958472404522	no	70.5408650576031	25.219144947381203	151.934973
65	1	5e626d0512777c7a20431f1c	LordOozik	3	-1.00030497564923	-80.6854567414891	ec	21.753810526860804	-101.37940351977322	3383.538316
65	1	5e626d0512777c7a20431f1c	LordOozik	4	6.850113694495396	-1.7905244868337145	gh	7.908480480372429	-1.3318119401698647	128.095406
65	1	5e626d0512777c7a20431f1c	LordOozik	5	40.26132231187864	20.31959317086992	al	39.46788071136698	33.51172706235088	1128.336437
65	1	68eac942400d2ab1f3e0a6ed	TimDark777	1	18.81919595605935	99.30205485637212	th	23.660237261521477	93.74879319574481	787.847189
65	1	68eac942400d2ab1f3e0a6ed	TimDark777	2	69.74036871632099	21.958472404522	no	69.75477684639655	21.93379559157922	1.862509
65	1	68eac942400d2ab1f3e0a6ed	TimDark777	3	-1.00030497564923	-80.6854567414891	ec	7.927827051143955	-73.20415819179642	1293.702274
65	1	68eac942400d2ab1f3e0a6ed	TimDark777	4	6.850113694495396	-1.7905244868337145	gh	10.033767304076392	-1.2824813752402342	358.388096
65	1	68eac942400d2ab1f3e0a6ed	TimDark777	5	40.26132231187864	20.31959317086992	al	45.070955804287756	0.014097747016532658	1738.784637
65	1	68b35047b844e7bdfaf0920f	WiljanGeo	1	18.81919595605935	99.30205485637212	th	15.787970682386721	102.57999607122206	484.425471
65	1	68b35047b844e7bdfaf0920f	WiljanGeo	2	69.74036871632099	21.958472404522	no	63.647246801237515	27.069413442295595	713.266955
65	1	68b35047b844e7bdfaf0920f	WiljanGeo	3	-1.00030497564923	-80.6854567414891	ec	18.96850339927643	-97.98276125203373	2915.363289
65	1	68b35047b844e7bdfaf0920f	WiljanGeo	4	6.850113694495396	-1.7905244868337145	gh	6.99575174031717	-1.78478138568817	16.206616
65	1	68b35047b844e7bdfaf0920f	WiljanGeo	5	40.26132231187864	20.31959317086992	al	47.51295906881165	23.6670495661171	849.578695
66	1	695bb8d2900ad6bdf17374c8	Comte	1	-1.9312849726905583	30.22435094756866	rw	-2.102119675797545	29.735105992952448	57.590870
66	1	695bb8d2900ad6bdf17374c8	Comte	2	48.65548010256395	-66.15969056580802	ca	51.96902466767001	-68.13024630894265	394.086798
66	1	695bb8d2900ad6bdf17374c8	Comte	3	-1.8201951158212981	30.16399001526445	rw	-1.9415853087646116	30.111282209057862	14.714202
66	1	695bb8d2900ad6bdf17374c8	Comte	4	58.91627468856117	7.7152656137861575	no	61.49592923276999	7.593356969135154	286.923432
66	1	695bb8d2900ad6bdf17374c8	Comte	5	48.935385345544674	-65.39291546015636	ca	46.50223401242387	-74.99443744968727	766.876806
66	1	66c34181c361d9f3b9a03d9b	OG	1	-1.9312849726905583	30.22435094756866	rw	-1.8597380482441352	29.92131971133562	34.604035
66	1	66c34181c361d9f3b9a03d9b	OG	2	48.65548010256395	-66.15969056580802	ca	46.36064439864573	-72.1031232692577	513.985675
66	1	66c34181c361d9f3b9a03d9b	OG	3	-1.8201951158212981	30.16399001526445	rw	-1.9587555805864472	30.047236306375666	20.143048
66	1	66c34181c361d9f3b9a03d9b	OG	4	58.91627468856117	7.7152656137861575	no	63.4205237950858	10.534044051735245	523.034099
66	1	66c34181c361d9f3b9a03d9b	OG	5	48.935385345544674	-65.39291546015636	ca	46.22329341785572	-72.63454002194746	620.908131
66	1	5e626d0512777c7a20431f1c	LordOozik	1	-1.9312849726905583	30.22435094756866	rw	0.8390050076600053	36.743950828323015	787.583068
66	1	5e626d0512777c7a20431f1c	LordOozik	2	48.65548010256395	-66.15969056580802	ca	46.14648978067334	-60.90917192135232	483.552847
66	1	5e626d0512777c7a20431f1c	LordOozik	3	-1.8201951158212981	30.16399001526445	rw	-2.0983663377521076	29.868928221155883	45.076996
66	1	5e626d0512777c7a20431f1c	LordOozik	4	58.91627468856117	7.7152656137861575	no	59.052968664053246	6.021581859286149	98.220350
66	1	5e626d0512777c7a20431f1c	LordOozik	5	48.935385345544674	-65.39291546015636	ca	51.38808453345725	-89.15029227831761	1706.392074
66	1	677485108d7eb43c58f713b3	Master__Of__Kitten	1	-1.9312849726905583	30.22435094756866	rw	-0.3507157886508923	35.765804361174034	640.619535
66	1	677485108d7eb43c58f713b3	Master__Of__Kitten	2	48.65548010256395	-66.15969056580802	ca	50.790822456713364	-119.63761870678016	3766.946600
66	1	677485108d7eb43c58f713b3	Master__Of__Kitten	3	-1.8201951158212981	30.16399001526445	rw	-1.95880803303866	30.01914733822176	22.286227
66	1	677485108d7eb43c58f713b3	Master__Of__Kitten	4	58.91627468856117	7.7152656137861575	no	62.40456369861223	8.515127897166206	390.312594
66	1	677485108d7eb43c58f713b3	Master__Of__Kitten	5	48.935385345544674	-65.39291546015636	ca	48.11796059881264	-72.75261326020492	549.317587
66	1	5e8fdfa9d51dd65c18f98403	Tbowfr	1	-1.9312849726905583	30.22435094756866	rw	-0.5260084677146967	36.077513126061014	669.175697
66	1	5e8fdfa9d51dd65c18f98403	Tbowfr	2	48.65548010256395	-66.15969056580802	ca	46.4112993196182	-74.98129307899562	707.214748
66	1	5e8fdfa9d51dd65c18f98403	Tbowfr	3	-1.8201951158212981	30.16399001526445	rw	-1.7661684457464486	30.104142288953152	8.962838
66	1	5e8fdfa9d51dd65c18f98403	Tbowfr	4	58.91627468856117	7.7152656137861575	no	63.23869899420008	10.911913317184817	510.294644
66	1	5e8fdfa9d51dd65c18f98403	Tbowfr	5	48.935385345544674	-65.39291546015636	ca	47.68656879687955	-115.60656907546804	3647.624400
66	1	68eac942400d2ab1f3e0a6ed	TimDark777	1	-1.9312849726905583	30.22435094756866	rw	15.057469602141248	-14.862293850938613	5307.093691
66	1	68eac942400d2ab1f3e0a6ed	TimDark777	2	48.65548010256395	-66.15969056580802	ca	46.03830709867861	-74.49762516149302	691.825948
66	1	68eac942400d2ab1f3e0a6ed	TimDark777	3	-1.8201951158212981	30.16399001526445	rw	-1.7717086814720222	29.922327528857455	27.394225
66	1	68eac942400d2ab1f3e0a6ed	TimDark777	4	58.91627468856117	7.7152656137861575	no	51.36821464364964	4.050978786953681	870.682780
66	1	68eac942400d2ab1f3e0a6ed	TimDark777	5	48.935385345544674	-65.39291546015636	ca	46.62128972859578	-75.96975186432545	830.343761
66	1	68f2e3307b1dd2467d0fc0f5	Etterima	1	-1.9312849726905583	30.22435094756866	rw	-1.940632057640352	30.09074675765963	14.883962
66	1	68f2e3307b1dd2467d0fc0f5	Etterima	2	48.65548010256395	-66.15969056580802	ca	46.864870181795524	-72.81150200988675	535.371809
66	1	68f2e3307b1dd2467d0fc0f5	Etterima	3	-1.8201951158212981	30.16399001526445	rw	9.964494034683032	-84.02135102951657	12690.633747
66	1	68f2e3307b1dd2467d0fc0f5	Etterima	4	58.91627468856117	7.7152656137861575	no	61.05755243590933	10.27688286796279	277.424659
66	1	68f2e3307b1dd2467d0fc0f5	Etterima	5	48.935385345544674	-65.39291546015636	ca	46.35345454817011	-96.86695957435781	2358.129462
66	1	5eb9c2e197d6cf4bc8c17c07	Ca_Marsh	1	-1.9312849726905583	30.22435094756866	rw	12.90385255072204	-14.897024827365493	5244.665418
66	1	5eb9c2e197d6cf4bc8c17c07	Ca_Marsh	2	48.65548010256395	-66.15969056580802	ca	47.44179004967488	-72.73573431726467	506.924974
66	1	5eb9c2e197d6cf4bc8c17c07	Ca_Marsh	3	-1.8201951158212981	30.16399001526445	rw	8.454778302145147	-81.42848733446345	12411.854830
66	1	5eb9c2e197d6cf4bc8c17c07	Ca_Marsh	4	58.91627468856117	7.7152656137861575	no	66.33757167065895	14.164566876966033	887.550228
66	1	5eb9c2e197d6cf4bc8c17c07	Ca_Marsh	5	48.935385345544674	-65.39291546015636	ca	53.866980418079386	-122.61161719522178	3897.170172
67	1	66c34181c361d9f3b9a03d9b	OG	1	-8.291021798349885	113.39348948212398	id	-7.371484512624567	110.2866166668141	357.189212
67	1	66c34181c361d9f3b9a03d9b	OG	2	38.078302566673074	128.6235222080878	kr	37.32599221906378	127.92304217386052	103.901361
67	1	66c34181c361d9f3b9a03d9b	OG	3	12.431747262209571	-16.75962413793374	sn	13.806844000056698	-13.641362792888048	370.678908
67	1	66c34181c361d9f3b9a03d9b	OG	4	-46.78980368281155	-71.91394337838524	cl	-45.62257245799662	-72.33526152702746	133.777926
67	1	66c34181c361d9f3b9a03d9b	OG	5	42.62745495811367	-75.36854975914432	us	43.3148541463214	-76.62546000397066	127.669590
67	1	695bb8d2900ad6bdf17374c8	Comte	1	-8.291021798349885	113.39348948212398	id	-6.388556694324717	106.83691144625837	753.353952
67	1	695bb8d2900ad6bdf17374c8	Comte	2	38.078302566673074	128.6235222080878	kr	35.3606336936347	127.64868912964266	314.428077
67	1	695bb8d2900ad6bdf17374c8	Comte	3	12.431747262209571	-16.75962413793374	sn	12.995308530229751	-16.736977397282576	62.713281
67	1	695bb8d2900ad6bdf17374c8	Comte	4	-46.78980368281155	-71.91394337838524	cl	-47.18866228247699	-71.64023000947068	48.969724
67	1	695bb8d2900ad6bdf17374c8	Comte	5	42.62745495811367	-75.36854975914432	us	39.62945021445156	-78.6001695605138	429.335061
67	1	5e8fdfa9d51dd65c18f98403	Tbowfr	1	-8.291021798349885	113.39348948212398	id	-7.420134754735645	111.01378054121791	279.441125
67	1	5e8fdfa9d51dd65c18f98403	Tbowfr	2	38.078302566673074	128.6235222080878	kr	37.50649736598699	139.92281786553093	994.290031
67	1	5e8fdfa9d51dd65c18f98403	Tbowfr	3	12.431747262209571	-16.75962413793374	sn	13.022135434501719	-14.887526135192578	213.400425
67	1	5e8fdfa9d51dd65c18f98403	Tbowfr	4	-46.78980368281155	-71.91394337838524	cl	-50.61690666226087	-71.8009676579821	425.635039
67	1	5e8fdfa9d51dd65c18f98403	Tbowfr	5	42.62745495811367	-75.36854975914432	us	40.72371152620448	-79.0958895329821	374.966839
67	1	677485108d7eb43c58f713b3	Master__Of__Kitten	1	-8.291021798349885	113.39348948212398	id	-0.0875652904947758	101.45651386502333	1606.674852
67	1	677485108d7eb43c58f713b3	Master__Of__Kitten	2	38.078302566673074	128.6235222080878	kr	38.206861791648016	128.56139060654792	15.292946
67	1	677485108d7eb43c58f713b3	Master__Of__Kitten	3	12.431747262209571	-16.75962413793374	sn	12.486973730070746	-16.557845443831877	22.752738
67	1	677485108d7eb43c58f713b3	Master__Of__Kitten	4	-46.78980368281155	-71.91394337838524	cl	-54.72944958516666	-68.16581013738579	921.032276
67	1	677485108d7eb43c58f713b3	Master__Of__Kitten	5	42.62745495811367	-75.36854975914432	us	35.8870419135404	-85.26304959850185	1133.254387
67	1	5eb9c2e197d6cf4bc8c17c07	Ca_Marsh	1	-8.291021798349885	113.39348948212398	id	-7.081880602768719	108.14224700190843	594.064618
67	1	5eb9c2e197d6cf4bc8c17c07	Ca_Marsh	2	38.078302566673074	128.6235222080878	kr	36.490884108361506	127.72133223461469	193.717450
67	1	5eb9c2e197d6cf4bc8c17c07	Ca_Marsh	3	12.431747262209571	-16.75962413793374	sn	14.15121575634423	-16.649520147658944	191.567045
67	1	5eb9c2e197d6cf4bc8c17c07	Ca_Marsh	4	-46.78980368281155	-71.91394337838524	cl	-54.16028223792845	-68.7075842138633	850.158937
67	1	5eb9c2e197d6cf4bc8c17c07	Ca_Marsh	5	42.62745495811367	-75.36854975914432	us	45.224884854692505	-123.86161080494405	3835.605129
67	1	5e626d0512777c7a20431f1c	LordOozik	1	-8.291021798349885	113.39348948212398	id	-1.9071067831656405	101.86262370457511	1460.517108
67	1	5e626d0512777c7a20431f1c	LordOozik	2	38.078302566673074	128.6235222080878	kr	36.69022652357674	139.0527590927576	933.771508
67	1	5e626d0512777c7a20431f1c	LordOozik	3	12.431747262209571	-16.75962413793374	sn	4.262831289680608	-74.5255700088427	6407.791315
67	1	5e626d0512777c7a20431f1c	LordOozik	4	-46.78980368281155	-71.91394337838524	cl	-52.088879241119315	-71.43288445040137	590.252332
67	1	5e626d0512777c7a20431f1c	LordOozik	5	42.62745495811367	-75.36854975914432	us	49.737956069652796	-89.61469971645694	1348.414905
67	1	68f2e3307b1dd2467d0fc0f5	Etterima	1	-8.291021798349885	113.39348948212398	id	1.4921510051130755	101.36706694575614	1720.759270
67	1	68f2e3307b1dd2467d0fc0f5	Etterima	2	38.078302566673074	128.6235222080878	kr	30.772063731387107	35.6128713576022	8199.389785
67	1	68f2e3307b1dd2467d0fc0f5	Etterima	3	12.431747262209571	-16.75962413793374	sn	14.971829627378726	-17.057339353451074	284.269208
67	1	68f2e3307b1dd2467d0fc0f5	Etterima	4	-46.78980368281155	-71.91394337838524	cl	-33.61333527331934	-70.09531697962068	1473.162149
67	1	68f2e3307b1dd2467d0fc0f5	Etterima	5	42.62745495811367	-75.36854975914432	us	38.946641107245476	-90.85677524846672	1364.370077
67	1	68eac942400d2ab1f3e0a6ed	TimDark777	1	-8.291021798349885	113.39348948212398	id	25.401896135917763	95.11173223534546	4236.842170
67	1	68eac942400d2ab1f3e0a6ed	TimDark777	2	38.078302566673074	128.6235222080878	kr	35.42400951167083	133.08639307942354	495.079265
67	1	68eac942400d2ab1f3e0a6ed	TimDark777	3	12.431747262209571	-16.75962413793374	sn	-1.6183878447162123	29.98811970992323	5391.433575
67	1	68eac942400d2ab1f3e0a6ed	TimDark777	4	-46.78980368281155	-71.91394337838524	cl	-22.610985227739107	-61.99667442703733	2831.889024
67	1	68eac942400d2ab1f3e0a6ed	TimDark777	5	42.62745495811367	-75.36854975914432	us	-15.82981404204071	126.31966634425893	16390.616105
68	1	5e8fdfa9d51dd65c18f98403	Tbowfr	1	-33.91921218854406	18.850765341852313	za	-27.21737869386475	28.495816310465848	1185.558557
68	1	5e8fdfa9d51dd65c18f98403	Tbowfr	2	3.786359644596156	-76.40196959948894	co	6.786414365910759	-75.677141346215	343.106581
68	1	5e8fdfa9d51dd65c18f98403	Tbowfr	3	-17.068374652703287	-53.468557230604425	br	-13.05623812495342	-53.25604578298209	446.712105
68	1	5e8fdfa9d51dd65c18f98403	Tbowfr	4	25.093059626077416	121.51820815295542	tw	25.026147388546356	121.55582408872202	8.349515
68	1	5e8fdfa9d51dd65c18f98403	Tbowfr	5	-34.18162980120081	140.73673151549733	au	-35.16328622220195	143.7947354670179	300.180822
68	1	66c34181c361d9f3b9a03d9b	OG	1	-33.91921218854406	18.850765341852313	za	-33.568045248903566	22.39146286089438	329.683556
68	1	66c34181c361d9f3b9a03d9b	OG	2	3.786359644596156	-76.40196959948894	co	5.183299997030281	-74.11094845776246	297.700598
68	1	66c34181c361d9f3b9a03d9b	OG	3	-17.068374652703287	-53.468557230604425	br	-7.813525613382952	-40.71728328376081	1723.643744
68	1	66c34181c361d9f3b9a03d9b	OG	4	25.093059626077416	121.51820815295542	tw	25.044247197617985	121.53299761572748	5.628390
68	1	66c34181c361d9f3b9a03d9b	OG	5	-34.18162980120081	140.73673151549733	au	-35.63588154981364	139.49102464843656	197.610668
68	1	68f2e3307b1dd2467d0fc0f5	Etterima	1	-33.91921218854406	18.850765341852313	za	-33.87460268000635	19.043607239220442	18.476912
68	1	68f2e3307b1dd2467d0fc0f5	Etterima	2	3.786359644596156	-76.40196959948894	co	5.720120978214875	-74.17680297192312	327.153539
68	1	68f2e3307b1dd2467d0fc0f5	Etterima	3	-17.068374652703287	-53.468557230604425	br	-19.469607774432188	-50.93714289865503	377.785511
68	1	68f2e3307b1dd2467d0fc0f5	Etterima	4	25.093059626077416	121.51820815295542	tw	24.088526135784917	120.52549396692497	150.169872
68	1	68f2e3307b1dd2467d0fc0f5	Etterima	5	-34.18162980120081	140.73673151549733	au	-31.891866033150503	115.8987401122129	2323.508693
68	1	695bb8d2900ad6bdf17374c8	Comte	1	-33.91921218854406	18.850765341852313	za	-33.90937329704036	19.11875062006329	24.753242
68	1	695bb8d2900ad6bdf17374c8	Comte	2	3.786359644596156	-76.40196959948894	co	5.899694030642049	-74.70446182824442	300.984006
68	1	695bb8d2900ad6bdf17374c8	Comte	3	-17.068374652703287	-53.468557230604425	br	-12.302274731339244	-49.15503339877473	704.257830
68	1	695bb8d2900ad6bdf17374c8	Comte	4	25.093059626077416	121.51820815295542	tw	1.3279393789273275	103.84946571112386	3252.451686
68	1	695bb8d2900ad6bdf17374c8	Comte	5	-34.18162980120081	140.73673151549733	au	-34.77383633127595	138.66139582226603	201.301618
68	1	5eb9c2e197d6cf4bc8c17c07	Ca_Marsh	1	-33.91921218854406	18.850765341852313	za	-25.44962373398885	30.22098280498553	1445.019783
68	1	5eb9c2e197d6cf4bc8c17c07	Ca_Marsh	2	3.786359644596156	-76.40196959948894	co	6.534041791959986	-75.08676238653574	338.463859
68	1	5eb9c2e197d6cf4bc8c17c07	Ca_Marsh	3	-17.068374652703287	-53.468557230604425	br	-28.306178138978225	-59.373806037719284	1388.037091
68	1	5eb9c2e197d6cf4bc8c17c07	Ca_Marsh	4	25.093059626077416	121.51820815295542	tw	25.021993100883545	121.46788761978087	9.388170
68	1	5eb9c2e197d6cf4bc8c17c07	Ca_Marsh	5	-34.18162980120081	140.73673151549733	au	-27.453945277131982	153.08483718030763	1394.760299
68	1	5e626d0512777c7a20431f1c	LordOozik	1	-33.91921218854406	18.850765341852313	za	-6.983551285355708	-78.43029594709803	10240.405369
68	1	5e626d0512777c7a20431f1c	LordOozik	2	3.786359644596156	-76.40196959948894	co	-10.440591588657998	-53.08025951573969	3028.151083
68	1	5e626d0512777c7a20431f1c	LordOozik	3	-17.068374652703287	-53.468557230604425	br	-20.258375936675133	-49.916197311839255	515.575238
68	1	5e626d0512777c7a20431f1c	LordOozik	4	25.093059626077416	121.51820815295542	tw	36.631964938261305	128.28938878528533	1435.589589
68	1	5e626d0512777c7a20431f1c	LordOozik	5	-34.18162980120081	140.73673151549733	au	-36.19305205500131	147.87013229301115	685.547321
68	1	68eac942400d2ab1f3e0a6ed	TimDark777	1	-33.91921218854406	18.850765341852313	za	-26.719103496310147	31.500626002794927	1452.527273
68	1	68eac942400d2ab1f3e0a6ed	TimDark777	2	3.786359644596156	-76.40196959948894	co	-23.538657979184947	-62.51882962200239	3390.640660
68	1	68eac942400d2ab1f3e0a6ed	TimDark777	3	-17.068374652703287	-53.468557230604425	br	-33.834724705052686	19.107392165538595	7377.408636
68	1	68eac942400d2ab1f3e0a6ed	TimDark777	4	25.093059626077416	121.51820815295542	tw	24.88954809016572	121.76936661384957	33.953288
68	1	68eac942400d2ab1f3e0a6ed	TimDark777	5	-34.18162980120081	140.73673151549733	au	-43.51121832107327	172.62085095678216	2927.843079
69	1	695bb8d2900ad6bdf17374c8	Comte	1	22.286606465006003	-101.95484503851301	mx	22.236323055214484	-100.73464340695774	125.691343
69	1	695bb8d2900ad6bdf17374c8	Comte	2	4.918765763085492	-74.29252996015354	co	4.533320243956962	-75.63496564287243	154.815161
69	1	695bb8d2900ad6bdf17374c8	Comte	3	45.40131681397021	-63.98590439447791	ca	45.05263118371064	-66.75826881033827	220.539489
69	1	695bb8d2900ad6bdf17374c8	Comte	4	0.06884533993032063	35.70181555527635	ke	0.9803874816803567	35.99622566500077	106.513904
69	1	695bb8d2900ad6bdf17374c8	Comte	5	49.27444846876153	31.489474730645647	ua	50.56664865309132	32.205825703705756	152.562448
69	1	66c34181c361d9f3b9a03d9b	OG	1	22.286606465006003	-101.95484503851301	mx	25.41263942911512	-102.4681231496645	351.495195
69	1	66c34181c361d9f3b9a03d9b	OG	2	4.918765763085492	-74.29252996015354	co	4.060713237719869	-74.76192807779533	108.677576
69	1	66c34181c361d9f3b9a03d9b	OG	3	45.40131681397021	-63.98590439447791	ca	36.02918858399123	-76.52046448126323	1480.593452
69	1	66c34181c361d9f3b9a03d9b	OG	4	0.06884533993032063	35.70181555527635	ke	-0.1968412856346522	35.9878374285652	43.408432
69	1	66c34181c361d9f3b9a03d9b	OG	5	49.27444846876153	31.489474730645647	ua	49.293847605579685	30.621917639332125	62.963440
69	1	68f2e3307b1dd2467d0fc0f5	Etterima	1	22.286606465006003	-101.95484503851301	mx	23.760144640510322	-102.18312976157375	165.506965
69	1	68f2e3307b1dd2467d0fc0f5	Etterima	2	4.918765763085492	-74.29252996015354	co	5.680645897863675	-74.03668174601174	89.327683
69	1	68f2e3307b1dd2467d0fc0f5	Etterima	3	45.40131681397021	-63.98590439447791	ca	30.094331372968064	-95.2841588925945	3204.879959
69	1	68f2e3307b1dd2467d0fc0f5	Etterima	4	0.06884533993032063	35.70181555527635	ke	0.40252255561320754	35.99248791003891	49.206643
69	1	68f2e3307b1dd2467d0fc0f5	Etterima	5	49.27444846876153	31.489474730645647	ua	50.26085322359358	28.69413639800662	228.746898
69	1	5eb9c2e197d6cf4bc8c17c07	Ca_Marsh	1	22.286606465006003	-101.95484503851301	mx	21.830364385606916	-100.69822121016908	139.083709
69	1	5eb9c2e197d6cf4bc8c17c07	Ca_Marsh	2	4.918765763085492	-74.29252996015354	co	5.04931275363072	-75.42200185766731	125.955908
69	1	5eb9c2e197d6cf4bc8c17c07	Ca_Marsh	3	45.40131681397021	-63.98590439447791	ca	30.62821395510341	-86.59281045634368	2557.233596
69	1	5eb9c2e197d6cf4bc8c17c07	Ca_Marsh	4	0.06884533993032063	35.70181555527635	ke	0.8379373595029266	32.53349333062713	362.519145
69	1	5eb9c2e197d6cf4bc8c17c07	Ca_Marsh	5	49.27444846876153	31.489474730645647	ua	50.06472635723156	29.519983268408232	166.756459
69	1	677485108d7eb43c58f713b3	Master__Of__Kitten	1	22.286606465006003	-101.95484503851301	mx	20.149474113736506	-99.63895755706513	337.770705
69	1	677485108d7eb43c58f713b3	Master__Of__Kitten	2	4.918765763085492	-74.29252996015354	co	5.392800517560161	-72.60857442793494	193.795157
69	1	677485108d7eb43c58f713b3	Master__Of__Kitten	3	45.40131681397021	-63.98590439447791	ca	44.1605814303187	-76.98747940412869	1034.240515
69	1	677485108d7eb43c58f713b3	Master__Of__Kitten	4	0.06884533993032063	35.70181555527635	ke	-0.25517143200953774	35.96630750911442	46.508531
69	1	677485108d7eb43c58f713b3	Master__Of__Kitten	5	49.27444846876153	31.489474730645647	ua	54.92039858544311	86.73897938182353	3724.686118
69	1	5e8fdfa9d51dd65c18f98403	Tbowfr	1	22.286606465006003	-101.95484503851301	mx	20.649602832181376	-100.47878374791394	237.616693
69	1	5e8fdfa9d51dd65c18f98403	Tbowfr	2	4.918765763085492	-74.29252996015354	co	-1.570886451971765	-78.48786906199638	859.030829
69	1	5e8fdfa9d51dd65c18f98403	Tbowfr	3	45.40131681397021	-63.98590439447791	ca	42.949761396162764	-83.8419832829821	1602.543172
69	1	5e8fdfa9d51dd65c18f98403	Tbowfr	4	0.06884533993032063	35.70181555527635	ke	-25.351615536047326	29.657618687990922	2900.292753
69	1	5e8fdfa9d51dd65c18f98403	Tbowfr	5	49.27444846876153	31.489474730645647	ua	51.64503571610807	42.35805232625752	812.347995
69	1	68eac942400d2ab1f3e0a6ed	TimDark777	1	22.286606465006003	-101.95484503851301	mx	3.338675884263434	-67.92279315196895	4229.633119
69	1	68eac942400d2ab1f3e0a6ed	TimDark777	2	4.918765763085492	-74.29252996015354	co	39.39384645214385	-4.211041084905147	7954.312224
69	1	68eac942400d2ab1f3e0a6ed	TimDark777	3	45.40131681397021	-63.98590439447791	ca	45.41662725640247	-63.98270199510881	1.720700
69	1	68eac942400d2ab1f3e0a6ed	TimDark777	4	0.06884533993032063	35.70181555527635	ke	-2.4955521081472476	29.71530676979323	723.983566
69	1	68eac942400d2ab1f3e0a6ed	TimDark777	5	49.27444846876153	31.489474730645647	ua	52.09276386884115	33.580771508280186	346.254034
69	1	5e626d0512777c7a20431f1c	LordOozik	1	22.286606465006003	-101.95484503851301	mx	-7.663404168779231	-79.09588208114339	4158.413531
69	1	5e626d0512777c7a20431f1c	LordOozik	2	4.918765763085492	-74.29252996015354	co	17.68977730559898	-95.97088050194576	2752.335698
69	1	5e626d0512777c7a20431f1c	LordOozik	3	45.40131681397021	-63.98590439447791	ca	41.49085155265913	-78.77808524015899	1268.589777
69	1	5e626d0512777c7a20431f1c	LordOozik	4	0.06884533993032063	35.70181555527635	ke	-25.993889041575724	27.77910791727173	3020.071693
69	1	5e626d0512777c7a20431f1c	LordOozik	5	49.27444846876153	31.489474730645647	ua	51.23697280663495	33.796444125812585	272.955487
69	1	64836c81ad20f4a5e20f1cb9	Breeze	1	22.286606465006003	-101.95484503851301	mx	-20.854803374333876	-65.99000173294445	6183.409406
69	1	64836c81ad20f4a5e20f1cb9	Breeze	2	4.918765763085492	-74.29252996015354	co	-16.836861292899318	-42.026518673032186	4292.173255
69	1	64836c81ad20f4a5e20f1cb9	Breeze	3	45.40131681397021	-63.98590439447791	ca	46.49137251473182	-95.76061139473332	2443.117006
69	1	64836c81ad20f4a5e20f1cb9	Breeze	4	0.06884533993032063	35.70181555527635	ke	-28.951391368788723	29.604341279435527	3291.329603
69	1	64836c81ad20f4a5e20f1cb9	Breeze	5	49.27444846876153	31.489474730645647	ua	54.44032123817535	46.00452023358339	1147.350016
70	1	695bb8d2900ad6bdf17374c8	Comte	1	7.4778083560529085	125.59424970458589	ph	8.413934384358145	124.60650195610086	150.557699
70	1	695bb8d2900ad6bdf17374c8	Comte	2	54.073670779709346	16.842545620171826	pl	44.57519703391862	26.54618741836763	1266.363521
70	1	695bb8d2900ad6bdf17374c8	Comte	3	48.235294808343525	16.01382082629658	at	47.85312601590524	14.723364457722292	104.921657
70	1	695bb8d2900ad6bdf17374c8	Comte	4	30.40788534123823	-91.10820044746684	us	30.508605100288886	-91.77492624647972	64.879432
70	1	695bb8d2900ad6bdf17374c8	Comte	5	49.34666560229136	10.961204499313173	de	48.06882188760082	8.240606920911512	245.009461
70	1	677485108d7eb43c58f713b3	Master__Of__Kitten	1	7.4778083560529085	125.59424970458589	ph	11.234135581351163	122.4812589045179	539.506058
70	1	677485108d7eb43c58f713b3	Master__Of__Kitten	2	54.073670779709346	16.842545620171826	pl	51.93429267508289	19.26373488825275	287.777098
70	1	677485108d7eb43c58f713b3	Master__Of__Kitten	3	48.235294808343525	16.01382082629658	at	47.918166353987694	15.872556113422775	36.791688
70	1	677485108d7eb43c58f713b3	Master__Of__Kitten	4	30.40788534123823	-91.10820044746684	us	29.68406795436305	-82.29957623135506	851.447929
70	1	677485108d7eb43c58f713b3	Master__Of__Kitten	5	49.34666560229136	10.961204499313173	de	49.414249564271735	10.207242518870387	55.095188
70	1	5eb9c2e197d6cf4bc8c17c07	Ca_Marsh	1	7.4778083560529085	125.59424970458589	ph	11.358128213812542	122.67037776079759	537.584688
70	1	5eb9c2e197d6cf4bc8c17c07	Ca_Marsh	2	54.073670779709346	16.842545620171826	pl	51.94177618491976	16.377170983677072	239.090509
70	1	5eb9c2e197d6cf4bc8c17c07	Ca_Marsh	3	48.235294808343525	16.01382082629658	at	48.25388023427503	14.599274758128406	104.766745
70	1	5eb9c2e197d6cf4bc8c17c07	Ca_Marsh	4	30.40788534123823	-91.10820044746684	us	41.542167877435276	-84.92358742587183	1356.443092
70	1	5eb9c2e197d6cf4bc8c17c07	Ca_Marsh	5	49.34666560229136	10.961204499313173	de	48.96704481323356	10.631870278074587	48.532501
70	1	66c34181c361d9f3b9a03d9b	OG	1	7.4778083560529085	125.59424970458589	ph	14.024752896192872	121.59600233949351	848.828397
70	1	66c34181c361d9f3b9a03d9b	OG	2	54.073670779709346	16.842545620171826	pl	56.92915063276038	25.382359092096312	623.918385
70	1	66c34181c361d9f3b9a03d9b	OG	3	48.235294808343525	16.01382082629658	at	48.37746992415356	15.401721719983872	47.952249
70	1	66c34181c361d9f3b9a03d9b	OG	4	30.40788534123823	-91.10820044746684	us	43.3076572992721	-90.22613359247076	1436.509994
70	1	66c34181c361d9f3b9a03d9b	OG	5	49.34666560229136	10.961204499313173	de	47.52599076144102	9.010345601903568	248.373298
70	1	64836c81ad20f4a5e20f1cb9	Breeze	1	7.4778083560529085	125.59424970458589	ph	9.482506374362284	122.89047401385325	371.621271
70	1	64836c81ad20f4a5e20f1cb9	Breeze	2	54.073670779709346	16.842545620171826	pl	58.298728759407965	25.705787085943832	721.149010
70	1	64836c81ad20f4a5e20f1cb9	Breeze	3	48.235294808343525	16.01382082629658	at	48.59659717087694	11.67340215250527	322.796350
70	1	64836c81ad20f4a5e20f1cb9	Breeze	4	30.40788534123823	-91.10820044746684	us	41.41324015971118	-90.92581070557178	1223.848986
70	1	64836c81ad20f4a5e20f1cb9	Breeze	5	49.34666560229136	10.961204499313173	de	52.58134966731701	5.930535540061976	503.247000
70	1	68f2e3307b1dd2467d0fc0f5	Etterima	1	7.4778083560529085	125.59424970458589	ph	14.330082962241049	108.24168147975602	2040.738054
70	1	68f2e3307b1dd2467d0fc0f5	Etterima	2	54.073670779709346	16.842545620171826	pl	51.918385936256506	15.599302142020276	253.678842
70	1	68f2e3307b1dd2467d0fc0f5	Etterima	3	48.235294808343525	16.01382082629658	at	45.82448665513966	15.177985522948076	275.448474
70	1	68f2e3307b1dd2467d0fc0f5	Etterima	4	30.40788534123823	-91.10820044746684	us	43.410518303795655	-92.16593676983274	1448.846705
70	1	68f2e3307b1dd2467d0fc0f5	Etterima	5	49.34666560229136	10.961204499313173	de	50.68533373216808	8.177167260817727	248.421379
70	1	5e626d0512777c7a20431f1c	LordOozik	1	7.4778083560529085	125.59424970458589	ph	-19.845562691290198	-63.18768044486613	18345.532961
70	1	5e626d0512777c7a20431f1c	LordOozik	2	54.073670779709346	16.842545620171826	pl	50.95728987755964	19.809594799276148	400.403941
70	1	5e626d0512777c7a20431f1c	LordOozik	3	48.235294808343525	16.01382082629658	at	48.053446409065764	14.028902804541179	148.649277
70	1	5e626d0512777c7a20431f1c	LordOozik	4	30.40788534123823	-91.10820044746684	us	37.974759000980214	-85.68767833926931	977.544332
70	1	5e626d0512777c7a20431f1c	LordOozik	5	49.34666560229136	10.961204499313173	de	49.59293619299125	10.632186836569323	36.264589
70	1	68eac942400d2ab1f3e0a6ed	TimDark777	1	7.4778083560529085	125.59424970458589	ph	-4.068565918708615	-66.27927086794459	18648.115469
70	1	68eac942400d2ab1f3e0a6ed	TimDark777	2	54.073670779709346	16.842545620171826	pl	46.32590669187689	22.40756365989255	947.498767
70	1	68eac942400d2ab1f3e0a6ed	TimDark777	3	48.235294808343525	16.01382082629658	at	47.905257212259556	16.482341533276163	50.583148
70	1	68eac942400d2ab1f3e0a6ed	TimDark777	4	30.40788534123823	-91.10820044746684	us	41.85612709781058	20.908374312266904	9389.037735
70	1	68eac942400d2ab1f3e0a6ed	TimDark777	5	49.34666560229136	10.961204499313173	de	49.34026695340017	10.89300334365693	4.991870
71	1	677485108d7eb43c58f713b3	Master__Of__Kitten	1	42.65894999468248	-91.5271086129443	us	41.97322238108229	-100.52123072945696	743.079106
71	1	677485108d7eb43c58f713b3	Master__Of__Kitten	2	-42.631779170337175	171.1876721443569	nz	-43.25304867873006	170.38226558131558	95.237393
71	1	677485108d7eb43c58f713b3	Master__Of__Kitten	3	60.64001755729039	16.9716628459345	se	57.379436933340926	14.61812596779052	386.728952
71	1	677485108d7eb43c58f713b3	Master__Of__Kitten	4	50.924382942005764	5.5156740821678	be	53.56064575446121	10.019377179867588	424.064662
71	1	677485108d7eb43c58f713b3	Master__Of__Kitten	5	-34.05467305152476	-55.89941693030175	uy	-32.02930545035208	-55.88435388948567	225.214977
71	1	63d29ada31674327ca09c658	TURKISH HAIRLINES	1	42.65894999468248	-91.5271086129443	us	46.8028348876437	-102.80889947919674	1001.961935
71	1	63d29ada31674327ca09c658	TURKISH HAIRLINES	2	-42.631779170337175	171.1876721443569	nz	-43.4051669639836	170.97167333525366	87.771284
71	1	63d29ada31674327ca09c658	TURKISH HAIRLINES	3	60.64001755729039	16.9716628459345	se	58.71216829550048	14.771297967017905	247.381457
71	1	63d29ada31674327ca09c658	TURKISH HAIRLINES	4	50.924382942005764	5.5156740821678	be	55.811583570487	9.250721945675288	597.054749
71	1	63d29ada31674327ca09c658	TURKISH HAIRLINES	5	-34.05467305152476	-55.89941693030175	uy	-32.85954863881964	-56.59588953298209	147.765079
71	1	68f2e3307b1dd2467d0fc0f5	Etterima	1	42.65894999468248	-91.5271086129443	us	38.101367536862725	-117.15182000202184	2219.651104
71	1	68f2e3307b1dd2467d0fc0f5	Etterima	2	-42.631779170337175	171.1876721443569	nz	-41.7769473509796	171.59429068863378	100.780602
71	1	68f2e3307b1dd2467d0fc0f5	Etterima	3	60.64001755729039	16.9716628459345	se	60.535700520904925	14.787756001533285	119.812751
71	1	68f2e3307b1dd2467d0fc0f5	Etterima	4	50.924382942005764	5.5156740821678	be	49.514089358035456	8.47946140756099	262.753422
71	1	68f2e3307b1dd2467d0fc0f5	Etterima	5	-34.05467305152476	-55.89941693030175	uy	-32.461460340644045	-56.33512585271952	181.729842
71	1	5e8fdfa9d51dd65c18f98403	Tbowfr	1	42.65894999468248	-91.5271086129443	us	38.24994466868396	-99.57482813278382	838.427480
71	1	5e8fdfa9d51dd65c18f98403	Tbowfr	2	-42.631779170337175	171.1876721443569	nz	-39.50974435825065	175.9763593242832	530.560502
71	1	5e8fdfa9d51dd65c18f98403	Tbowfr	3	60.64001755729039	16.9716628459345	se	57.68269759194594	14.46803562817375	358.407610
71	1	5e8fdfa9d51dd65c18f98403	Tbowfr	4	50.924382942005764	5.5156740821678	be	53.64458445962031	9.64797881299039	412.783761
71	1	5e8fdfa9d51dd65c18f98403	Tbowfr	5	-34.05467305152476	-55.89941693030175	uy	-28.1660803171114	-57.704627859884376	676.919311
71	1	695bb8d2900ad6bdf17374c8	Comte	1	42.65894999468248	-91.5271086129443	us	46.48811505283284	-100.1905611403656	806.892274
71	1	695bb8d2900ad6bdf17374c8	Comte	2	-42.631779170337175	171.1876721443569	nz	-40.35835900369577	175.6146583798976	446.945461
71	1	695bb8d2900ad6bdf17374c8	Comte	3	60.64001755729039	16.9716628459345	se	58.231684932742375	8.152858108750465	565.368470
71	1	695bb8d2900ad6bdf17374c8	Comte	4	50.924382942005764	5.5156740821678	be	57.72653863897498	11.965293507847873	863.415229
71	1	695bb8d2900ad6bdf17374c8	Comte	5	-34.05467305152476	-55.89941693030175	uy	-32.38532305426911	-56.28453365968998	189.048099
71	1	66c34181c361d9f3b9a03d9b	OG	1	42.65894999468248	-91.5271086129443	us	39.11837247569135	-97.59983129936134	644.370230
71	1	66c34181c361d9f3b9a03d9b	OG	2	-42.631779170337175	171.1876721443569	nz	-38.00776807521499	175.72861312025498	642.098787
71	1	66c34181c361d9f3b9a03d9b	OG	3	60.64001755729039	16.9716628459345	se	58.024453806221764	15.748024892458984	298.989351
71	1	66c34181c361d9f3b9a03d9b	OG	4	50.924382942005764	5.5156740821678	be	56.01741022480742	24.6376879263927	1380.615269
71	1	66c34181c361d9f3b9a03d9b	OG	5	-34.05467305152476	-55.89941693030175	uy	-32.41829503831461	-55.20840899942995	192.971381
71	1	5eb9c2e197d6cf4bc8c17c07	Ca_Marsh	1	42.65894999468248	-91.5271086129443	us	38.48920072209875	-101.45976242291856	957.604185
71	1	5eb9c2e197d6cf4bc8c17c07	Ca_Marsh	2	-42.631779170337175	171.1876721443569	nz	-38.6863959826045	176.09555757822773	602.984910
71	1	5eb9c2e197d6cf4bc8c17c07	Ca_Marsh	3	60.64001755729039	16.9716628459345	se	52.943418649901005	6.380906800160071	1068.919429
71	1	5eb9c2e197d6cf4bc8c17c07	Ca_Marsh	4	50.924382942005764	5.5156740821678	be	47.22410278687279	-1.4793668944886873	654.430716
71	1	5eb9c2e197d6cf4bc8c17c07	Ca_Marsh	5	-34.05467305152476	-55.89941693030175	uy	-34.03613667908055	-55.890613660895816	2.214998
71	1	5e626d0512777c7a20431f1c	LordOozik	1	42.65894999468248	-91.5271086129443	us	44.6871753145967	-94.93383326106613	354.815507
71	1	5e626d0512777c7a20431f1c	LordOozik	2	-42.631779170337175	171.1876721443569	nz	-43.46230862633595	171.68260040930525	100.727532
71	1	5e626d0512777c7a20431f1c	LordOozik	3	60.64001755729039	16.9716628459345	se	62.21632505523788	24.305989254943636	427.301675
71	1	5e626d0512777c7a20431f1c	LordOozik	4	50.924382942005764	5.5156740821678	be	45.77341010174877	24.64971915376131	1520.061020
71	1	5e626d0512777c7a20431f1c	LordOozik	5	-34.05467305152476	-55.89941693030175	uy	-16.25295679240308	-45.69744770663865	2226.652405
71	1	68eac942400d2ab1f3e0a6ed	TimDark777	1	42.65894999468248	-91.5271086129443	us	39.635886779074475	-115.83787971149899	2055.803252
71	1	68eac942400d2ab1f3e0a6ed	TimDark777	2	-42.631779170337175	171.1876721443569	nz	-44.21794394419218	169.9989066782581	200.802840
71	1	68eac942400d2ab1f3e0a6ed	TimDark777	3	60.64001755729039	16.9716628459345	se	45.83548734436938	21.97129241405666	1678.288431
71	1	68eac942400d2ab1f3e0a6ed	TimDark777	4	50.924382942005764	5.5156740821678	be	45.410501988763606	19.854912739248554	1224.487288
71	1	68eac942400d2ab1f3e0a6ed	TimDark777	5	-34.05467305152476	-55.89941693030175	uy	14.75545907812317	-90.52166717954343	6548.290572
72	1	66c34181c361d9f3b9a03d9b	OG	1	42.66135854683473	22.299126936842626	rs	42.89727286757258	21.913510168667862	40.970881
72	1	66c34181c361d9f3b9a03d9b	OG	2	-1.9397092326853274	30.031842945028057	rw	-1.8134347010226277	30.180658678008687	21.695160
72	1	66c34181c361d9f3b9a03d9b	OG	3	54.163040246792484	17.48741050117476	pl	54.16289915307137	17.48765014346224	0.022126
72	1	66c34181c361d9f3b9a03d9b	OG	4	37.48473815712551	43.69054466664652	tr	38.12963519907837	38.04749989481631	500.834162
72	1	66c34181c361d9f3b9a03d9b	OG	5	46.31656427659544	14.956648622148188	si	46.24101512997498	15.23658642419162	23.095842
72	1	68f2e3307b1dd2467d0fc0f5	Etterima	1	42.66135854683473	22.299126936842626	rs	47.066268804452406	19.281132252290053	544.395970
72	1	68f2e3307b1dd2467d0fc0f5	Etterima	2	-1.9397092326853274	30.031842945028057	rw	-1.7364573744876726	29.862419372431887	29.416492
72	1	68f2e3307b1dd2467d0fc0f5	Etterima	3	54.163040246792484	17.48741050117476	pl	53.534872363414024	17.72395584156078	71.551625
72	1	68f2e3307b1dd2467d0fc0f5	Etterima	4	37.48473815712551	43.69054466664652	tr	38.53883578730934	40.5390623843498	299.924321
72	1	68f2e3307b1dd2467d0fc0f5	Etterima	5	46.31656427659544	14.956648622148188	si	46.35228012321199	14.264030780433563	53.323181
72	1	695bb8d2900ad6bdf17374c8	Comte	1	42.66135854683473	22.299126936842626	rs	46.439142301388785	4.243078494831014	1487.396618
72	1	695bb8d2900ad6bdf17374c8	Comte	2	-1.9397092326853274	30.031842945028057	rw	-1.706990049855718	29.6344564396614	51.187623
72	1	695bb8d2900ad6bdf17374c8	Comte	3	54.163040246792484	17.48741050117476	pl	54.162980323594944	17.48746536527277	0.007560
72	1	695bb8d2900ad6bdf17374c8	Comte	4	37.48473815712551	43.69054466664652	tr	41.21685733448465	42.04816665071775	438.337779
72	1	695bb8d2900ad6bdf17374c8	Comte	5	46.31656427659544	14.956648622148188	si	46.370139387540085	14.123721043146107	64.213626
72	1	5e8fdfa9d51dd65c18f98403	Tbowfr	1	42.66135854683473	22.299126936842626	rs	45.99873081482544	3.6500415441333445	1525.172271
72	1	5e8fdfa9d51dd65c18f98403	Tbowfr	2	-1.9397092326853274	30.031842945028057	rw	-2.1966267996438322	29.439831887093465	71.720873
72	1	5e8fdfa9d51dd65c18f98403	Tbowfr	3	54.163040246792484	17.48741050117476	pl	54.16306230853093	17.48733258792689	0.005634
72	1	5e8fdfa9d51dd65c18f98403	Tbowfr	4	37.48473815712551	43.69054466664652	tr	39.41382266209529	39.09664230268261	453.846893
72	1	5e8fdfa9d51dd65c18f98403	Tbowfr	5	46.31656427659544	14.956648622148188	si	46.43013281786274	14.055224757920666	70.300023
72	1	677485108d7eb43c58f713b3	Master__Of__Kitten	1	42.66135854683473	22.299126936842626	rs	45.18116944633653	4.567766665587478	1444.421822
72	1	677485108d7eb43c58f713b3	Master__Of__Kitten	2	-1.9397092326853274	30.031842945028057	rw	-2.2868457509075775	29.494495327692995	71.099805
72	1	677485108d7eb43c58f713b3	Master__Of__Kitten	3	54.163040246792484	17.48741050117476	pl	54.163537980926655	17.486994981792844	0.061603
72	1	677485108d7eb43c58f713b3	Master__Of__Kitten	4	37.48473815712551	43.69054466664652	tr	37.16824143957568	37.924376456704216	510.985384
72	1	677485108d7eb43c58f713b3	Master__Of__Kitten	5	46.31656427659544	14.956648622148188	si	46.37536767067267	14.12433506820966	64.220237
72	1	5e626d0512777c7a20431f1c	LordOozik	1	42.66135854683473	22.299126936842626	rs	40.044402864732064	22.052200647024137	291.720778
72	1	5e626d0512777c7a20431f1c	LordOozik	2	-1.9397092326853274	30.031842945028057	rw	-1.9013721110345523	29.889993591756756	16.330282
72	1	5e626d0512777c7a20431f1c	LordOozik	3	54.163040246792484	17.48741050117476	pl	47.32378382388048	19.061601577940753	768.462395
72	1	5e626d0512777c7a20431f1c	LordOozik	4	37.48473815712551	43.69054466664652	tr	39.34641864953881	30.600081591223002	1158.039917
72	1	5e626d0512777c7a20431f1c	LordOozik	5	46.31656427659544	14.956648622148188	si	48.97131949224687	19.017132638702385	423.765929
72	1	5eb9c2e197d6cf4bc8c17c07	Ca_Marsh	1	42.66135854683473	22.299126936842626	rs	50.40368727035958	5.975917597311309	1511.436053
72	1	5eb9c2e197d6cf4bc8c17c07	Ca_Marsh	2	-1.9397092326853274	30.031842945028057	rw	0.37779742117470544	35.20179548793839	629.903621
72	1	5eb9c2e197d6cf4bc8c17c07	Ca_Marsh	3	54.163040246792484	17.48741050117476	pl	54.18210526775537	17.487442589662333	2.119935
72	1	5eb9c2e197d6cf4bc8c17c07	Ca_Marsh	4	37.48473815712551	43.69054466664652	tr	40.447516321771936	40.80130909440674	413.381369
72	1	5eb9c2e197d6cf4bc8c17c07	Ca_Marsh	5	46.31656427659544	14.956648622148188	si	45.54046381193217	8.431046049916716	511.874603
73	1	66c34181c361d9f3b9a03d9b	OG	1	17.47503601097587	100.24942205119086	th	17.463973607266837	100.28684593007638	4.155638
73	1	66c34181c361d9f3b9a03d9b	OG	2	22.785966113900855	59.27600966777871	om	23.019193235548567	59.07875174711981	32.875451
73	1	66c34181c361d9f3b9a03d9b	OG	3	39.042928518251436	-76.06639038842967	us	37.70926244933465	-77.73961015480893	207.997426
73	1	66c34181c361d9f3b9a03d9b	OG	4	-35.01977270636142	137.60646854366453	au	-34.80209289742259	137.5790050473128	24.334090
73	1	66c34181c361d9f3b9a03d9b	OG	5	9.351755350178685	-75.3757281630655	co	4.159626244759858	-74.6716150535001	582.546501
73	1	677485108d7eb43c58f713b3	Master__Of__Kitten	1	17.47503601097587	100.24942205119086	th	16.683497911598817	100.10907053703382	89.270319
73	1	677485108d7eb43c58f713b3	Master__Of__Kitten	2	22.785966113900855	59.27600966777871	om	24.363133402212444	56.743912952267095	311.995435
73	1	677485108d7eb43c58f713b3	Master__Of__Kitten	3	39.042928518251436	-76.06639038842967	us	39.555278584811504	-77.78059136023296	158.120154
73	1	677485108d7eb43c58f713b3	Master__Of__Kitten	4	-35.01977270636142	137.60646854366453	au	-34.98859946022193	138.78242272986878	107.162410
73	1	677485108d7eb43c58f713b3	Master__Of__Kitten	5	9.351755350178685	-75.3757281630655	co	10.095497895905488	-74.12792173441633	159.816696
73	1	695bb8d2900ad6bdf17374c8	Comte	1	17.47503601097587	100.24942205119086	th	16.526675774053015	100.26227456384805	105.461703
73	1	695bb8d2900ad6bdf17374c8	Comte	2	22.785966113900855	59.27600966777871	om	22.834208766757325	59.25105008652384	5.943162
73	1	695bb8d2900ad6bdf17374c8	Comte	3	39.042928518251436	-76.06639038842967	us	42.81343620828916	-72.02508645198984	539.346375
73	1	695bb8d2900ad6bdf17374c8	Comte	4	-35.01977270636142	137.60646854366453	au	-33.96228323034368	137.71810318649221	118.031695
73	1	695bb8d2900ad6bdf17374c8	Comte	5	9.351755350178685	-75.3757281630655	co	7.885021533488557	-76.5603722118018	208.711851
73	1	5e626d0512777c7a20431f1c	LordOozik	1	17.47503601097587	100.24942205119086	th	18.243101261574843	99.49876928168227	116.643292
73	1	5e626d0512777c7a20431f1c	LordOozik	2	22.785966113900855	59.27600966777871	om	31.344854618736676	35.6680543860747	2517.089687
73	1	5e626d0512777c7a20431f1c	LordOozik	3	39.042928518251436	-76.06639038842967	us	42.32331355770778	-73.31839125173786	432.079401
73	1	5e626d0512777c7a20431f1c	LordOozik	4	-35.01977270636142	137.60646854366453	au	-35.72331409524797	141.29807111409485	343.714206
73	1	5e626d0512777c7a20431f1c	LordOozik	5	9.351755350178685	-75.3757281630655	co	-6.01009315180012	-76.97623486002064	1717.342351
73	1	5e8fdfa9d51dd65c18f98403	Tbowfr	1	17.47503601097587	100.24942205119086	th	17.94122831940378	98.98790296623139	143.329931
73	1	5e8fdfa9d51dd65c18f98403	Tbowfr	2	22.785966113900855	59.27600966777871	om	17.01492230963455	54.68827841507036	800.993629
73	1	5e8fdfa9d51dd65c18f98403	Tbowfr	3	39.042928518251436	-76.06639038842967	us	30.419581243487276	-91.43639759897108	1696.844339
73	1	5e8fdfa9d51dd65c18f98403	Tbowfr	4	-35.01977270636142	137.60646854366453	au	-36.02092182280857	146.9587979670179	853.357308
73	1	5e8fdfa9d51dd65c18f98403	Tbowfr	5	9.351755350178685	-75.3757281630655	co	-27.97601880896987	30.20143596382541	12017.184489
74	1	66c34181c361d9f3b9a03d9b	OG	1	27.21826218050139	90.65982511241641	bt	27.219853922587177	90.65747198126593	0.292348
74	1	66c34181c361d9f3b9a03d9b	OG	2	48.14963879114792	17.050390466192486	sk	46.628561138875575	5.341525454318474	896.599786
74	1	66c34181c361d9f3b9a03d9b	OG	3	-1.0614489176224629	-80.7189205189482	ec	-0.8661028131838434	-79.02259324426053	189.842970
74	1	66c34181c361d9f3b9a03d9b	OG	4	-17.407578047329142	14.263822668936449	na	-17.522735277140487	13.359208286027853	96.801902
74	1	66c34181c361d9f3b9a03d9b	OG	5	-42.25126878779258	171.3224714252444	nz	-42.43360523069956	171.13975900042217	25.230387
74	1	677485108d7eb43c58f713b3	Master__Of__Kitten	1	27.21826218050139	90.65982511241641	bt	27.2219832839048	90.62965897688902	3.011411
74	1	677485108d7eb43c58f713b3	Master__Of__Kitten	2	48.14963879114792	17.050390466192486	sk	49.53683910581662	15.012981539561054	214.513918
74	1	677485108d7eb43c58f713b3	Master__Of__Kitten	3	-1.0614489176224629	-80.7189205189482	ec	-1.0877810621890807	-79.2787586272706	160.137298
74	1	677485108d7eb43c58f713b3	Master__Of__Kitten	4	-17.407578047329142	14.263822668936449	na	-17.8510567880012	23.5406375958648	984.223781
74	1	677485108d7eb43c58f713b3	Master__Of__Kitten	5	-42.25126878779258	171.3224714252444	nz	-40.87413605850237	172.8035687539971	196.547114
74	1	695bb8d2900ad6bdf17374c8	Comte	1	27.21826218050139	90.65982511241641	bt	27.220054400216647	90.65642420697381	0.390901
74	1	695bb8d2900ad6bdf17374c8	Comte	2	48.14963879114792	17.050390466192486	sk	48.22445619968923	22.085866944128323	373.324661
74	1	695bb8d2900ad6bdf17374c8	Comte	3	-1.0614489176224629	-80.7189205189482	ec	-1.0254132504077462	-79.47712849520316	138.116210
74	1	695bb8d2900ad6bdf17374c8	Comte	4	-17.407578047329142	14.263822668936449	na	-3.403979968172779	38.363567465901994	3054.485553
74	1	695bb8d2900ad6bdf17374c8	Comte	5	-42.25126878779258	171.3224714252444	nz	-41.74224390704948	171.69102731010744	64.274911
74	1	5e626d0512777c7a20431f1c	LordOozik	1	27.21826218050139	90.65982511241641	bt	27.214587128563576	90.6601170114505	0.409665
74	1	5e626d0512777c7a20431f1c	LordOozik	2	48.14963879114792	17.050390466192486	sk	48.60684682373639	18.467118074540142	116.329319
74	1	5e626d0512777c7a20431f1c	LordOozik	3	-1.0614489176224629	-80.7189205189482	ec	-0.47931884271219477	-74.87713247594276	652.733111
74	1	5e626d0512777c7a20431f1c	LordOozik	4	-17.407578047329142	14.263822668936449	na	-29.107104873799116	30.500700166045114	2103.820524
74	1	5e626d0512777c7a20431f1c	LordOozik	5	-42.25126878779258	171.3224714252444	nz	-45.35760001388739	168.7526991900042	402.234809
74	1	5eb9c2e197d6cf4bc8c17c07	Ca_Marsh	1	27.21826218050139	90.65982511241641	bt	27.21830849546	90.65977802883768	0.006942
74	1	5eb9c2e197d6cf4bc8c17c07	Ca_Marsh	2	48.14963879114792	17.050390466192486	sk	47.65463070075703	23.59254280406006	490.628801
74	1	5eb9c2e197d6cf4bc8c17c07	Ca_Marsh	3	-1.0614489176224629	-80.7189205189482	ec	7.955105929505182	-80.44589002501895	1003.052093
74	1	5eb9c2e197d6cf4bc8c17c07	Ca_Marsh	4	-17.407578047329142	14.263822668936449	na	-0.7692669343615117	36.34529357952182	3042.143392
74	1	5eb9c2e197d6cf4bc8c17c07	Ca_Marsh	5	-42.25126878779258	171.3224714252444	nz	-42.35686622710432	171.25103228838807	13.129656
74	1	5e8fdfa9d51dd65c18f98403	Tbowfr	1	27.21826218050139	90.65982511241641	bt	27.033269522110743	90.89525075475807	31.079987
74	1	5e8fdfa9d51dd65c18f98403	Tbowfr	2	48.14963879114792	17.050390466192486	sk	49.21952166932239	18.745227209249315	172.134696
74	1	5e8fdfa9d51dd65c18f98403	Tbowfr	3	-1.0614489176224629	-80.7189205189482	ec	-23.510844536793783	-58.126147006795016	3487.754633
74	1	5e8fdfa9d51dd65c18f98403	Tbowfr	4	-17.407578047329142	14.263822668936449	na	-17.631755442870258	-53.78338953298209	7171.585023
74	1	5e8fdfa9d51dd65c18f98403	Tbowfr	5	-42.25126878779258	171.3224714252444	nz	-43.859415584272575	172.29925155740153	195.634098
74	1	68f2e3307b1dd2467d0fc0f5	Etterima	1	27.21826218050139	90.65982511241641	bt	27.21423467440559	90.65948090681961	0.449130
74	1	68f2e3307b1dd2467d0fc0f5	Etterima	2	48.14963879114792	17.050390466192486	sk	39.760653808898674	30.511505386906606	1421.533833
74	1	68f2e3307b1dd2467d0fc0f5	Etterima	3	-1.0614489176224629	-80.7189205189482	ec	0.3205788976748562	6.684333076039253	9719.513495
74	1	68f2e3307b1dd2467d0fc0f5	Etterima	4	-17.407578047329142	14.263822668936449	na	0.5429593803097881	35.278864213278354	3046.145841
74	1	68f2e3307b1dd2467d0fc0f5	Etterima	5	-42.25126878779258	171.3224714252444	nz	-43.58651781967468	169.62086524346773	203.075952
75	1	695bb8d2900ad6bdf17374c8	Comte	1	47.677346040167194	-53.89101193015398	ca	53.59617112589177	-64.62038621490426	1000.964336
75	1	695bb8d2900ad6bdf17374c8	Comte	2	42.513482085891766	72.32654144504323	kg	42.43687280519782	72.84188020907987	43.114856
75	1	695bb8d2900ad6bdf17374c8	Comte	3	24.869984596435277	55.043726767216214	ae	24.801224365164764	55.09037522893104	8.978712
75	1	695bb8d2900ad6bdf17374c8	Comte	4	-26.53472357437213	31.34406799414537	sz	-26.83641233739247	31.97204725232048	70.837008
75	1	695bb8d2900ad6bdf17374c8	Comte	5	65.88616960654684	-17.438528601293026	is	64.68256256334406	-21.52558981323096	232.347590
75	1	5e626d0512777c7a20431f1c	LordOozik	1	47.677346040167194	-53.89101193015398	ca	42.32907577534999	-93.86150569934547	3161.854861
75	1	5e626d0512777c7a20431f1c	LordOozik	2	42.513482085891766	72.32654144504323	kg	44.87433132188675	71.23603685064482	276.760813
75	1	5e626d0512777c7a20431f1c	LordOozik	3	24.869984596435277	55.043726767216214	ae	24.61263857895728	54.96495853850821	29.700625
75	1	5e626d0512777c7a20431f1c	LordOozik	4	-26.53472357437213	31.34406799414537	sz	-27.835474548539125	28.9216859353469	279.862175
75	1	5e626d0512777c7a20431f1c	LordOozik	5	65.88616960654684	-17.438528601293026	is	59.7798041632745	5.396728348094175	1332.441135
75	1	5e8fdfa9d51dd65c18f98403	Tbowfr	1	47.677346040167194	-53.89101193015398	ca	45.64755762885003	-78.37561765351656	1874.118328
75	1	5e8fdfa9d51dd65c18f98403	Tbowfr	2	42.513482085891766	72.32654144504323	kg	41.975787361968514	76.20078510062167	324.435492
75	1	5e8fdfa9d51dd65c18f98403	Tbowfr	3	24.869984596435277	55.043726767216214	ae	18.482817059537467	55.347934051560976	710.914862
75	1	5e8fdfa9d51dd65c18f98403	Tbowfr	4	-26.53472357437213	31.34406799414537	sz	-33.56843896204669	18.94510801527042	1425.076808
75	1	5e8fdfa9d51dd65c18f98403	Tbowfr	5	65.88616960654684	-17.438528601293026	is	65.88635862223474	-17.438697505103008	0.022374
75	1	66c34181c361d9f3b9a03d9b	OG	1	47.677346040167194	-53.89101193015398	ca	50.5443086658778	-116.98552956736584	4463.116148
75	1	66c34181c361d9f3b9a03d9b	OG	2	42.513482085891766	72.32654144504323	kg	40.52297450028612	72.90415554002328	226.496737
75	1	66c34181c361d9f3b9a03d9b	OG	3	24.869984596435277	55.043726767216214	ae	-23.255141470671653	-70.24364838751254	14495.255127
75	1	66c34181c361d9f3b9a03d9b	OG	4	-26.53472357437213	31.34406799414537	sz	-24.80711544284873	31.278879377692537	192.212307
75	1	66c34181c361d9f3b9a03d9b	OG	5	65.88616960654684	-17.438528601293026	is	64.10015512466289	-20.964688340864438	258.597004
75	1	68eac942400d2ab1f3e0a6ed	TimDark777	1	47.677346040167194	-53.89101193015398	ca	35.87560804980995	-92.96363004317182	3451.057987
75	1	68eac942400d2ab1f3e0a6ed	TimDark777	2	42.513482085891766	72.32654144504323	kg	48.521858852556385	52.12195789209833	1703.530261
75	1	68eac942400d2ab1f3e0a6ed	TimDark777	3	24.869984596435277	55.043726767216214	ae	29.25331277918453	36.79175464854891	1869.597420
75	1	68eac942400d2ab1f3e0a6ed	TimDark777	4	-26.53472357437213	31.34406799414537	sz	2.6538779854002525	-65.51231296154225	10821.269315
75	1	68eac942400d2ab1f3e0a6ed	TimDark777	5	65.88616960654684	-17.438528601293026	is	-36.99999553820895	145.90678921949205	16626.959586
